ISO-10303-21;
HEADER;
FILE_DESCRIPTION(('KiCad electronic assembly'),'2;1');
FILE_NAME('pcb.step','2026-08-20T20:11:49',('Pcbnew'),('Kicad'),
  'Open CASCADE STEP processor 7.8','KiCad to STEP converter','Unknown'
  );
FILE_SCHEMA(('AUTOMOTIVE_DESIGN { 1 0 10303 214 1 1 1 1 }'));
ENDSEC;
DATA;
#1 = APPLICATION_PROTOCOL_DEFINITION('international standard',
  'automotive_design',2000,#2);
#2 = APPLICATION_CONTEXT(
  'core data for automotive mechanical design processes');
#3 = SHAPE_DEFINITION_REPRESENTATION(#4,#10);
#4 = PRODUCT_DEFINITION_SHAPE('','',#5);
#5 = PRODUCT_DEFINITION('design','',#6,#9);
#6 = PRODUCT_DEFINITION_FORMATION('','',#7);
#7 = PRODUCT('pcb 1','pcb 1','',(#8));
#8 = PRODUCT_CONTEXT('',#2,'mechanical');
#9 = PRODUCT_DEFINITION_CONTEXT('part definition',#2,'design');
#10 = SHAPE_REPRESENTATION('',(#11,#15,#19,#23),#27);
#11 = AXIS2_PLACEMENT_3D('',#12,#13,#14);
#12 = CARTESIAN_POINT('',(0.,0.,0.));
#13 = DIRECTION('',(0.,0.,1.));
#14 = DIRECTION('',(1.,0.,-0.));
#15 = AXIS2_PLACEMENT_3D('',#16,#17,#18);
#16 = CARTESIAN_POINT('',(0.,0.,0.));
#17 = DIRECTION('',(0.,0.,1.));
#18 = DIRECTION('',(1.,0.,-0.));
#19 = AXIS2_PLACEMENT_3D('',#20,#21,#22);
#20 = CARTESIAN_POINT('',(0.,0.,0.));
#21 = DIRECTION('',(0.,0.,1.));
#22 = DIRECTION('',(1.,0.,-0.));
#23 = AXIS2_PLACEMENT_3D('',#24,#25,#26);
#24 = CARTESIAN_POINT('',(0.,0.,0.));
#25 = DIRECTION('',(0.,0.,1.));
#26 = DIRECTION('',(1.,0.,-0.));
#27 = ( GEOMETRIC_REPRESENTATION_CONTEXT(3) 
GLOBAL_UNCERTAINTY_ASSIGNED_CONTEXT((#31)) GLOBAL_UNIT_ASSIGNED_CONTEXT(
(#28,#29,#30)) REPRESENTATION_CONTEXT('Context #1',
  '3D Context with UNIT and UNCERTAINTY') );
#28 = ( LENGTH_UNIT() NAMED_UNIT(*) SI_UNIT(.MILLI.,.METRE.) );
#29 = ( NAMED_UNIT(*) PLANE_ANGLE_UNIT() SI_UNIT($,.RADIAN.) );
#30 = ( NAMED_UNIT(*) SI_UNIT($,.STERADIAN.) SOLID_ANGLE_UNIT() );
#31 = UNCERTAINTY_MEASURE_WITH_UNIT(LENGTH_MEASURE(1.E-07),#28,
  'distance_accuracy_value','confusion accuracy');
#32 = PRODUCT_RELATED_PRODUCT_CATEGORY('part',$,(#7));
#33 = SHAPE_DEFINITION_REPRESENTATION(#34,#40);
#34 = PRODUCT_DEFINITION_SHAPE('','',#35);
#35 = PRODUCT_DEFINITION('design','',#36,#39);
#36 = PRODUCT_DEFINITION_FORMATION('','',#37);
#37 = PRODUCT('Gpio Hat Pi_silkscreen','Gpio Hat Pi_silkscreen','',(#38)
  );
#38 = PRODUCT_CONTEXT('',#2,'mechanical');
#39 = PRODUCT_DEFINITION_CONTEXT('part definition',#2,'design');
#40 = SHAPE_REPRESENTATION('',(#11,#41,#85,#827,#1128,#1158,#1218,#1278,
    #1372,#1506,#1640,#1940,#2218,#2336,#2551,#2766,#2843,#3037,#3220,
    #3387,#3594,#3736,#4451,#4758,#5065,#5150,#5277,#5403,#5610,#5822,
    #6034,#6228,#6422,#6634,#6728,#6772,#6816,#6860,#6904,#7151,#7195,
    #7239,#7283,#7327,#7498,#7641,#7783,#7950,#8092,#8263,#8434,#8605,
    #8812,#9006,#9083,#9245,#9323),#9465);
#41 = SHELL_BASED_SURFACE_MODEL('',(#42));
#42 = OPEN_SHELL('',(#43));
#43 = ADVANCED_FACE('',(#44),#80,.T.);
#44 = FACE_BOUND('',#45,.F.);
#45 = EDGE_LOOP('',(#46,#57,#65,#74));
#46 = ORIENTED_EDGE('',*,*,#47,.T.);
#47 = EDGE_CURVE('',#48,#50,#52,.T.);
#48 = VERTEX_POINT('',#49);
#49 = CARTESIAN_POINT('',(148.697179,-130.655648,1.585));
#50 = VERTEX_POINT('',#51);
#51 = CARTESIAN_POINT('',(148.697179,-130.456352,1.585));
#52 = CIRCLE('',#53,0.101600176895);
#53 = AXIS2_PLACEMENT_3D('',#54,#55,#56);
#54 = CARTESIAN_POINT('',(148.717,-130.556,1.585));
#55 = DIRECTION('',(0.,0.,-1.));
#56 = DIRECTION('',(-0.195088243011,-0.980785693941,-0.));
#57 = ORIENTED_EDGE('',*,*,#58,.T.);
#58 = EDGE_CURVE('',#50,#59,#61,.T.);
#59 = VERTEX_POINT('',#60);
#60 = CARTESIAN_POINT('',(153.054821,-130.456352,1.585));
#61 = LINE('',#62,#63);
#62 = CARTESIAN_POINT('',(148.697179,-130.456352,1.585));
#63 = VECTOR('',#64,1.);
#64 = DIRECTION('',(1.,0.,0.));
#65 = ORIENTED_EDGE('',*,*,#66,.T.);
#66 = EDGE_CURVE('',#59,#67,#69,.T.);
#67 = VERTEX_POINT('',#68);
#68 = CARTESIAN_POINT('',(153.054821,-130.655648,1.585));
#69 = CIRCLE('',#70,0.101600176895);
#70 = AXIS2_PLACEMENT_3D('',#71,#72,#73);
#71 = CARTESIAN_POINT('',(153.035,-130.556,1.585));
#72 = DIRECTION('',(0.,0.,-1.));
#73 = DIRECTION('',(0.195088243012,0.980785693941,0.));
#74 = ORIENTED_EDGE('',*,*,#75,.T.);
#75 = EDGE_CURVE('',#67,#48,#76,.T.);
#76 = LINE('',#77,#78);
#77 = CARTESIAN_POINT('',(153.054821,-130.655648,1.585));
#78 = VECTOR('',#79,1.);
#79 = DIRECTION('',(-1.,0.,0.));
#80 = PLANE('',#81);
#81 = AXIS2_PLACEMENT_3D('',#82,#83,#84);
#82 = CARTESIAN_POINT('',(0.,0.,1.585));
#83 = DIRECTION('',(0.,0.,1.));
#84 = DIRECTION('',(1.,0.,-0.));
#85 = SHELL_BASED_SURFACE_MODEL('',(#86));
#86 = OPEN_SHELL('',(#87));
#87 = ADVANCED_FACE('',(#88,#647,#722,#756),#822,.T.);
#88 = FACE_BOUND('',#89,.F.);
#89 = EDGE_LOOP('',(#90,#100,#108,#116,#124,#132,#141,#149,#157,#165,
    #173,#182,#190,#199,#207,#215,#223,#231,#240,#248,#257,#265,#273,
    #281,#289,#297,#305,#313,#321,#329,#337,#345,#353,#361,#369,#378,
    #386,#394,#402,#411,#419,#427,#435,#443,#451,#459,#467,#475,#484,
    #492,#501,#509,#517,#525,#533,#541,#550,#558,#566,#574,#582,#591,
    #599,#607,#615,#624,#632,#641));
#90 = ORIENTED_EDGE('',*,*,#91,.T.);
#91 = EDGE_CURVE('',#92,#94,#96,.T.);
#92 = VERTEX_POINT('',#93);
#93 = CARTESIAN_POINT('',(155.593216,-127.167215,1.585));
#94 = VERTEX_POINT('',#95);
#95 = CARTESIAN_POINT('',(155.713663,-127.109155,1.585));
#96 = LINE('',#97,#98);
#97 = CARTESIAN_POINT('',(155.593216,-127.167215,1.585));
#98 = VECTOR('',#99,1.);
#99 = DIRECTION('',(0.900805720197,0.434222356012,0.));
#100 = ORIENTED_EDGE('',*,*,#101,.T.);
#101 = EDGE_CURVE('',#94,#102,#104,.T.);
#102 = VERTEX_POINT('',#103);
#103 = CARTESIAN_POINT('',(155.830938,-127.108443,1.585));
#104 = LINE('',#105,#106);
#105 = CARTESIAN_POINT('',(155.713663,-127.109155,1.585));
#106 = VECTOR('',#107,1.);
#107 = DIRECTION('',(0.999981570774,6.071088283078E-03,0.));
#108 = ORIENTED_EDGE('',*,*,#109,.T.);
#109 = EDGE_CURVE('',#102,#110,#112,.T.);
#110 = VERTEX_POINT('',#111);
#111 = CARTESIAN_POINT('',(156.008058,-127.167973,1.585));
#112 = LINE('',#113,#114);
#113 = CARTESIAN_POINT('',(155.830938,-127.108443,1.585));
#114 = VECTOR('',#115,1.);
#115 = DIRECTION('',(0.947893661994,-0.318586888542,0.));
#116 = ORIENTED_EDGE('',*,*,#117,.T.);
#117 = EDGE_CURVE('',#110,#118,#120,.T.);
#118 = VERTEX_POINT('',#119);
#119 = CARTESIAN_POINT('',(156.462819,-127.620695,1.585));
#120 = LINE('',#121,#122);
#121 = CARTESIAN_POINT('',(156.008058,-127.167973,1.585));
#122 = VECTOR('',#123,1.);
#123 = DIRECTION('',(0.708693772163,-0.705516220435,0.));
#124 = ORIENTED_EDGE('',*,*,#125,.T.);
#125 = EDGE_CURVE('',#118,#126,#128,.T.);
#126 = VERTEX_POINT('',#127);
#127 = CARTESIAN_POINT('',(156.46426,-127.168082,1.585));
#128 = LINE('',#129,#130);
#129 = CARTESIAN_POINT('',(156.462819,-127.620695,1.585));
#130 = VECTOR('',#131,1.);
#131 = DIRECTION('',(3.183719197072E-03,0.999994931953,0.));
#132 = ORIENTED_EDGE('',*,*,#133,.T.);
#133 = EDGE_CURVE('',#126,#134,#136,.T.);
#134 = VERTEX_POINT('',#135);
#135 = CARTESIAN_POINT('',(156.612819,-127.182714,1.585));
#136 = CIRCLE('',#137,7.500006711465E-02);
#137 = AXIS2_PLACEMENT_3D('',#138,#139,#140);
#138 = CARTESIAN_POINT('',(156.53781893288,-127.1827139328,1.585));
#139 = DIRECTION('',(0.,0.,-1.));
#140 = DIRECTION('',(-0.980784894138,0.195092263892,0.));
#141 = ORIENTED_EDGE('',*,*,#142,.T.);
#142 = EDGE_CURVE('',#134,#143,#145,.T.);
#143 = VERTEX_POINT('',#144);
#144 = CARTESIAN_POINT('',(156.612819,-127.668787,1.585));
#145 = LINE('',#146,#147);
#146 = CARTESIAN_POINT('',(156.612819,-127.182714,1.585));
#147 = VECTOR('',#148,1.);
#148 = DIRECTION('',(0.,-1.,0.));
#149 = ORIENTED_EDGE('',*,*,#150,.T.);
#150 = EDGE_CURVE('',#143,#151,#153,.T.);
#151 = VERTEX_POINT('',#152);
#152 = CARTESIAN_POINT('',(156.635039,-127.646567,1.585));
#153 = LINE('',#154,#155);
#154 = CARTESIAN_POINT('',(156.612819,-127.668787,1.585));
#155 = VECTOR('',#156,1.);
#156 = DIRECTION('',(0.707106781187,0.707106781186,0.));
#157 = ORIENTED_EDGE('',*,*,#158,.T.);
#158 = EDGE_CURVE('',#151,#159,#161,.T.);
#159 = VERTEX_POINT('',#160);
#160 = CARTESIAN_POINT('',(156.658,-127.642,1.585));
#161 = LINE('',#162,#163);
#162 = CARTESIAN_POINT('',(156.635039,-127.646567,1.585));
#163 = VECTOR('',#164,1.);
#164 = DIRECTION('',(0.980787134598,0.195081000118,0.));
#165 = ORIENTED_EDGE('',*,*,#166,.T.);
#166 = EDGE_CURVE('',#159,#167,#169,.T.);
#167 = VERTEX_POINT('',#168);
#168 = CARTESIAN_POINT('',(164.338,-127.642,1.585));
#169 = LINE('',#170,#171);
#170 = CARTESIAN_POINT('',(156.658,-127.642,1.585));
#171 = VECTOR('',#172,1.);
#172 = DIRECTION('',(1.,0.,0.));
#173 = ORIENTED_EDGE('',*,*,#174,.T.);
#174 = EDGE_CURVE('',#167,#175,#177,.T.);
#175 = VERTEX_POINT('',#176);
#176 = CARTESIAN_POINT('',(164.398,-127.702,1.585));
#177 = CIRCLE('',#178,5.999932016262E-02);
#178 = AXIS2_PLACEMENT_3D('',#179,#180,#181);
#179 = CARTESIAN_POINT('',(164.33800067984,-127.7019993201,1.585));
#180 = DIRECTION('',(0.,0.,-1.));
#181 = DIRECTION('',(-1.133081564772E-05,0.999999999936,0.));
#182 = ORIENTED_EDGE('',*,*,#183,.T.);
#183 = EDGE_CURVE('',#175,#184,#186,.T.);
#184 = VERTEX_POINT('',#185);
#185 = CARTESIAN_POINT('',(164.398,-130.362,1.585));
#186 = LINE('',#187,#188);
#187 = CARTESIAN_POINT('',(164.398,-127.702,1.585));
#188 = VECTOR('',#189,1.);
#189 = DIRECTION('',(0.,-1.,0.));
#190 = ORIENTED_EDGE('',*,*,#191,.T.);
#191 = EDGE_CURVE('',#184,#192,#194,.T.);
#192 = VERTEX_POINT('',#193);
#193 = CARTESIAN_POINT('',(164.338,-130.422,1.585));
#194 = CIRCLE('',#195,5.999932016262E-02);
#195 = AXIS2_PLACEMENT_3D('',#196,#197,#198);
#196 = CARTESIAN_POINT('',(164.33800067984,-130.3620006798,1.585));
#197 = DIRECTION('',(0.,0.,-1.));
#198 = DIRECTION('',(0.999999999936,1.133081564772E-05,0.));
#199 = ORIENTED_EDGE('',*,*,#200,.T.);
#200 = EDGE_CURVE('',#192,#201,#203,.T.);
#201 = VERTEX_POINT('',#202);
#202 = CARTESIAN_POINT('',(156.658,-130.422,1.585));
#203 = LINE('',#204,#205);
#204 = CARTESIAN_POINT('',(164.338,-130.422,1.585));
#205 = VECTOR('',#206,1.);
#206 = DIRECTION('',(-1.,0.,0.));
#207 = ORIENTED_EDGE('',*,*,#208,.T.);
#208 = EDGE_CURVE('',#201,#209,#211,.T.);
#209 = VERTEX_POINT('',#210);
#210 = CARTESIAN_POINT('',(156.635039,-130.417433,1.585));
#211 = LINE('',#212,#213);
#212 = CARTESIAN_POINT('',(156.658,-130.422,1.585));
#213 = VECTOR('',#214,1.);
#214 = DIRECTION('',(-0.980787134598,0.195081000118,0.));
#215 = ORIENTED_EDGE('',*,*,#216,.T.);
#216 = EDGE_CURVE('',#209,#217,#219,.T.);
#217 = VERTEX_POINT('',#218);
#218 = CARTESIAN_POINT('',(156.612819,-130.395213,1.585));
#219 = LINE('',#220,#221);
#220 = CARTESIAN_POINT('',(156.635039,-130.417433,1.585));
#221 = VECTOR('',#222,1.);
#222 = DIRECTION('',(-0.707106781187,0.707106781186,0.));
#223 = ORIENTED_EDGE('',*,*,#224,.T.);
#224 = EDGE_CURVE('',#217,#225,#227,.T.);
#225 = VERTEX_POINT('',#226);
#226 = CARTESIAN_POINT('',(156.611378,-130.530679,1.585));
#227 = LINE('',#228,#229);
#228 = CARTESIAN_POINT('',(156.612819,-130.395213,1.585));
#229 = VECTOR('',#230,1.);
#230 = DIRECTION('',(-1.063675372376E-02,-0.999943428135,0.));
#231 = ORIENTED_EDGE('',*,*,#232,.T.);
#232 = EDGE_CURVE('',#225,#233,#235,.T.);
#233 = VERTEX_POINT('',#234);
#234 = CARTESIAN_POINT('',(156.537819,-130.591047,1.585));
#235 = CIRCLE('',#236,7.500074938985E-02);
#236 = AXIS2_PLACEMENT_3D('',#237,#238,#239);
#237 = CARTESIAN_POINT('',(156.53781853389,-130.5160462506,1.585));
#238 = DIRECTION('',(0.,0.,-1.));
#239 = DIRECTION('',(0.980783081614,-0.195101375752,0.));
#240 = ORIENTED_EDGE('',*,*,#241,.T.);
#241 = EDGE_CURVE('',#233,#242,#244,.T.);
#242 = VERTEX_POINT('',#243);
#243 = CARTESIAN_POINT('',(155.523187,-130.589606,1.585));
#244 = LINE('',#245,#246);
#245 = CARTESIAN_POINT('',(156.537819,-130.591047,1.585));
#246 = VECTOR('',#247,1.);
#247 = DIRECTION('',(-0.99999899149,1.420217918158E-03,0.));
#248 = ORIENTED_EDGE('',*,*,#249,.T.);
#249 = EDGE_CURVE('',#242,#250,#252,.T.);
#250 = VERTEX_POINT('',#251);
#251 = CARTESIAN_POINT('',(155.462819,-130.516047,1.585));
#252 = CIRCLE('',#253,7.500074938985E-02);
#253 = AXIS2_PLACEMENT_3D('',#254,#255,#256);
#254 = CARTESIAN_POINT('',(155.53781974938,-130.5160465338,1.585));
#255 = DIRECTION('',(0.,0.,-1.));
#256 = DIRECTION('',(-0.195101375752,-0.980783081614,-0.));
#257 = ORIENTED_EDGE('',*,*,#258,.T.);
#258 = EDGE_CURVE('',#250,#259,#261,.T.);
#259 = VERTEX_POINT('',#260);
#260 = CARTESIAN_POINT('',(155.465018,-130.261488,1.585));
#261 = LINE('',#262,#263);
#262 = CARTESIAN_POINT('',(155.462819,-130.516047,1.585));
#263 = VECTOR('',#264,1.);
#264 = DIRECTION('',(8.638146584622E-03,0.999962690516,0.));
#265 = ORIENTED_EDGE('',*,*,#266,.T.);
#266 = EDGE_CURVE('',#259,#267,#269,.T.);
#267 = VERTEX_POINT('',#268);
#268 = CARTESIAN_POINT('',(155.523078,-130.093427,1.585));
#269 = LINE('',#270,#271);
#270 = CARTESIAN_POINT('',(155.465018,-130.261488,1.585));
#271 = VECTOR('',#272,1.);
#272 = DIRECTION('',(0.326533133634,0.945185755626,0.));
#273 = ORIENTED_EDGE('',*,*,#274,.T.);
#274 = EDGE_CURVE('',#267,#275,#277,.T.);
#275 = VERTEX_POINT('',#276);
#276 = CARTESIAN_POINT('',(155.64084,-129.976737,1.585));
#277 = LINE('',#278,#279);
#278 = CARTESIAN_POINT('',(155.523078,-130.093427,1.585));
#279 = VECTOR('',#280,1.);
#280 = DIRECTION('',(0.710332505875,0.70386627359,0.));
#281 = ORIENTED_EDGE('',*,*,#282,.T.);
#282 = EDGE_CURVE('',#275,#283,#285,.T.);
#283 = VERTEX_POINT('',#284);
#284 = CARTESIAN_POINT('',(155.757724,-129.919477,1.585));
#285 = LINE('',#286,#287);
#286 = CARTESIAN_POINT('',(155.64084,-129.976737,1.585));
#287 = VECTOR('',#288,1.);
#288 = DIRECTION('',(0.898030249199,0.439933712648,0.));
#289 = ORIENTED_EDGE('',*,*,#290,.T.);
#290 = EDGE_CURVE('',#283,#291,#293,.T.);
#291 = VERTEX_POINT('',#292);
#292 = CARTESIAN_POINT('',(155.96639,-129.869619,1.585));
#293 = LINE('',#294,#295);
#294 = CARTESIAN_POINT('',(155.757724,-129.919477,1.585));
#295 = VECTOR('',#296,1.);
#296 = DIRECTION('',(0.972621461126,0.232395123349,0.));
#297 = ORIENTED_EDGE('',*,*,#298,.T.);
#298 = EDGE_CURVE('',#291,#299,#301,.T.);
#299 = VERTEX_POINT('',#300);
#300 = CARTESIAN_POINT('',(156.127437,-129.871858,1.585));
#301 = LINE('',#302,#303);
#302 = CARTESIAN_POINT('',(155.96639,-129.869619,1.585));
#303 = VECTOR('',#304,1.);
#304 = DIRECTION('',(0.999903370449,-1.390143030568E-02,0.));
#305 = ORIENTED_EDGE('',*,*,#306,.T.);
#306 = EDGE_CURVE('',#299,#307,#309,.T.);
#307 = VERTEX_POINT('',#308);
#308 = CARTESIAN_POINT('',(156.333264,-129.925156,1.585));
#309 = LINE('',#310,#311);
#310 = CARTESIAN_POINT('',(156.127437,-129.871858,1.585));
#311 = VECTOR('',#312,1.);
#312 = DIRECTION('',(0.968070616292,-0.250677645339,0.));
#313 = ORIENTED_EDGE('',*,*,#314,.T.);
#314 = EDGE_CURVE('',#307,#315,#317,.T.);
#315 = VERTEX_POINT('',#316);
#316 = CARTESIAN_POINT('',(156.442244,-129.982105,1.585));
#317 = LINE('',#318,#319);
#318 = CARTESIAN_POINT('',(156.333264,-129.925156,1.585));
#319 = VECTOR('',#320,1.);
#320 = DIRECTION('',(0.886284927964,-0.46314039606,0.));
#321 = ORIENTED_EDGE('',*,*,#322,.T.);
#322 = EDGE_CURVE('',#315,#323,#325,.T.);
#323 = VERTEX_POINT('',#324);
#324 = CARTESIAN_POINT('',(156.555357,-130.097952,1.585));
#325 = LINE('',#326,#327);
#326 = CARTESIAN_POINT('',(156.442244,-129.982105,1.585));
#327 = VECTOR('',#328,1.);
#328 = DIRECTION('',(0.698613449619,-0.715499299798,0.));
#329 = ORIENTED_EDGE('',*,*,#330,.T.);
#330 = EDGE_CURVE('',#323,#331,#333,.T.);
#331 = VERTEX_POINT('',#332);
#332 = CARTESIAN_POINT('',(156.598,-130.221324,1.585));
#333 = LINE('',#334,#335);
#334 = CARTESIAN_POINT('',(156.555357,-130.097952,1.585));
#335 = VECTOR('',#336,1.);
#336 = DIRECTION('',(0.326681644011,-0.945134436716,0.));
#337 = ORIENTED_EDGE('',*,*,#338,.T.);
#338 = EDGE_CURVE('',#331,#339,#341,.T.);
#339 = VERTEX_POINT('',#340);
#340 = CARTESIAN_POINT('',(156.598,-129.559894,1.585));
#341 = LINE('',#342,#343);
#342 = CARTESIAN_POINT('',(156.598,-130.221324,1.585));
#343 = VECTOR('',#344,1.);
#344 = DIRECTION('',(0.,1.,0.));
#345 = ORIENTED_EDGE('',*,*,#346,.T.);
#346 = EDGE_CURVE('',#339,#347,#349,.T.);
#347 = VERTEX_POINT('',#348);
#348 = CARTESIAN_POINT('',(156.579487,-129.578407,1.585));
#349 = LINE('',#350,#351);
#350 = CARTESIAN_POINT('',(156.598,-129.559894,1.585));
#351 = VECTOR('',#352,1.);
#352 = DIRECTION('',(-0.707106781187,-0.707106781186,0.));
#353 = ORIENTED_EDGE('',*,*,#354,.T.);
#354 = EDGE_CURVE('',#347,#355,#357,.T.);
#355 = VERTEX_POINT('',#356);
#356 = CARTESIAN_POINT('',(156.537819,-129.591047,1.585));
#357 = LINE('',#358,#359);
#358 = CARTESIAN_POINT('',(156.579487,-129.578407,1.585));
#359 = VECTOR('',#360,1.);
#360 = DIRECTION('',(-0.956939376321,-0.29028783999,0.));
#361 = ORIENTED_EDGE('',*,*,#362,.T.);
#362 = EDGE_CURVE('',#355,#363,#365,.T.);
#363 = VERTEX_POINT('',#364);
#364 = CARTESIAN_POINT('',(155.523187,-129.589606,1.585));
#365 = LINE('',#366,#367);
#366 = CARTESIAN_POINT('',(156.537819,-129.591047,1.585));
#367 = VECTOR('',#368,1.);
#368 = DIRECTION('',(-0.99999899149,1.420217918158E-03,0.));
#369 = ORIENTED_EDGE('',*,*,#370,.T.);
#370 = EDGE_CURVE('',#363,#371,#373,.T.);
#371 = VERTEX_POINT('',#372);
#372 = CARTESIAN_POINT('',(155.537819,-129.441047,1.585));
#373 = CIRCLE('',#374,7.500006711463E-02);
#374 = AXIS2_PLACEMENT_3D('',#375,#376,#377);
#375 = CARTESIAN_POINT('',(155.53781893288,-129.5160470671,1.585));
#376 = DIRECTION('',(0.,0.,-1.));
#377 = DIRECTION('',(-0.195092263891,-0.980784894138,-0.));
#378 = ORIENTED_EDGE('',*,*,#379,.T.);
#379 = EDGE_CURVE('',#371,#380,#382,.T.);
#380 = VERTEX_POINT('',#381);
#381 = CARTESIAN_POINT('',(155.939009,-129.441047,1.585));
#382 = LINE('',#383,#384);
#383 = CARTESIAN_POINT('',(155.537819,-129.441047,1.585));
#384 = VECTOR('',#385,1.);
#385 = DIRECTION('',(1.,0.,0.));
#386 = ORIENTED_EDGE('',*,*,#387,.T.);
#387 = EDGE_CURVE('',#380,#388,#390,.T.);
#388 = VERTEX_POINT('',#389);
#389 = CARTESIAN_POINT('',(155.939009,-129.019619,1.585));
#390 = LINE('',#391,#392);
#391 = CARTESIAN_POINT('',(155.939009,-129.441047,1.585));
#392 = VECTOR('',#393,1.);
#393 = DIRECTION('',(0.,1.,0.));
#394 = ORIENTED_EDGE('',*,*,#395,.T.);
#395 = EDGE_CURVE('',#388,#396,#398,.T.);
#396 = VERTEX_POINT('',#397);
#397 = CARTESIAN_POINT('',(155.523187,-129.018178,1.585));
#398 = LINE('',#399,#400);
#399 = CARTESIAN_POINT('',(155.939009,-129.019619,1.585));
#400 = VECTOR('',#401,1.);
#401 = DIRECTION('',(-0.999993995468,3.465404301528E-03,0.));
#402 = ORIENTED_EDGE('',*,*,#403,.T.);
#403 = EDGE_CURVE('',#396,#404,#406,.T.);
#404 = VERTEX_POINT('',#405);
#405 = CARTESIAN_POINT('',(155.537819,-128.869619,1.585));
#406 = CIRCLE('',#407,7.500006711464E-02);
#407 = AXIS2_PLACEMENT_3D('',#408,#409,#410);
#408 = CARTESIAN_POINT('',(155.53781893288,-128.9446190671,1.585));
#409 = DIRECTION('',(0.,0.,-1.));
#410 = DIRECTION('',(-0.195092263891,-0.980784894138,-0.));
#411 = ORIENTED_EDGE('',*,*,#412,.T.);
#412 = EDGE_CURVE('',#404,#413,#415,.T.);
#413 = VERTEX_POINT('',#414);
#414 = CARTESIAN_POINT('',(156.552451,-128.87106,1.585));
#415 = LINE('',#416,#417);
#416 = CARTESIAN_POINT('',(155.537819,-128.869619,1.585));
#417 = VECTOR('',#418,1.);
#418 = DIRECTION('',(0.99999899149,-1.420217918158E-03,0.));
#419 = ORIENTED_EDGE('',*,*,#420,.T.);
#420 = EDGE_CURVE('',#413,#421,#423,.T.);
#421 = VERTEX_POINT('',#422);
#422 = CARTESIAN_POINT('',(156.579487,-128.882259,1.585));
#423 = LINE('',#424,#425);
#424 = CARTESIAN_POINT('',(156.552451,-128.87106,1.585));
#425 = VECTOR('',#426,1.);
#426 = DIRECTION('',(0.923875640631,-0.38269282806,0.));
#427 = ORIENTED_EDGE('',*,*,#428,.T.);
#428 = EDGE_CURVE('',#421,#429,#431,.T.);
#429 = VERTEX_POINT('',#430);
#430 = CARTESIAN_POINT('',(156.598,-128.900772,1.585));
#431 = LINE('',#432,#433);
#432 = CARTESIAN_POINT('',(156.579487,-128.882259,1.585));
#433 = VECTOR('',#434,1.);
#434 = DIRECTION('',(0.707106781187,-0.707106781186,0.));
#435 = ORIENTED_EDGE('',*,*,#436,.T.);
#436 = EDGE_CURVE('',#429,#437,#439,.T.);
#437 = VERTEX_POINT('',#438);
#438 = CARTESIAN_POINT('',(156.598,-128.369418,1.585));
#439 = LINE('',#440,#441);
#440 = CARTESIAN_POINT('',(156.598,-128.900772,1.585));
#441 = VECTOR('',#442,1.);
#442 = DIRECTION('',(0.,1.,0.));
#443 = ORIENTED_EDGE('',*,*,#444,.T.);
#444 = EDGE_CURVE('',#437,#445,#447,.T.);
#445 = VERTEX_POINT('',#446);
#446 = CARTESIAN_POINT('',(156.579487,-128.387931,1.585));
#447 = LINE('',#448,#449);
#448 = CARTESIAN_POINT('',(156.598,-128.369418,1.585));
#449 = VECTOR('',#450,1.);
#450 = DIRECTION('',(-0.707106781187,-0.707106781187,0.));
#451 = ORIENTED_EDGE('',*,*,#452,.T.);
#452 = EDGE_CURVE('',#445,#453,#455,.T.);
#453 = VERTEX_POINT('',#454);
#454 = CARTESIAN_POINT('',(156.537819,-128.400571,1.585));
#455 = LINE('',#456,#457);
#456 = CARTESIAN_POINT('',(156.579487,-128.387931,1.585));
#457 = VECTOR('',#458,1.);
#458 = DIRECTION('',(-0.956939376321,-0.29028783999,0.));
#459 = ORIENTED_EDGE('',*,*,#460,.T.);
#460 = EDGE_CURVE('',#453,#461,#463,.T.);
#461 = VERTEX_POINT('',#462);
#462 = CARTESIAN_POINT('',(155.612819,-128.400571,1.585));
#463 = LINE('',#464,#465);
#464 = CARTESIAN_POINT('',(156.537819,-128.400571,1.585));
#465 = VECTOR('',#466,1.);
#466 = DIRECTION('',(-1.,0.,0.));
#467 = ORIENTED_EDGE('',*,*,#468,.T.);
#468 = EDGE_CURVE('',#461,#469,#471,.T.);
#469 = VERTEX_POINT('',#470);
#470 = CARTESIAN_POINT('',(155.611378,-128.625917,1.585));
#471 = LINE('',#472,#473);
#472 = CARTESIAN_POINT('',(155.612819,-128.400571,1.585));
#473 = VECTOR('',#474,1.);
#474 = DIRECTION('',(-6.394480216656E-03,-0.999979555102,0.));
#475 = ORIENTED_EDGE('',*,*,#476,.T.);
#476 = EDGE_CURVE('',#469,#477,#479,.T.);
#477 = VERTEX_POINT('',#478);
#478 = CARTESIAN_POINT('',(155.462819,-128.611285,1.585));
#479 = CIRCLE('',#480,7.500006711464E-02);
#480 = AXIS2_PLACEMENT_3D('',#481,#482,#483);
#481 = CARTESIAN_POINT('',(155.53781906711,-128.6112850671,1.585));
#482 = DIRECTION('',(-0.,0.,-1.));
#483 = DIRECTION('',(0.980784894138,-0.195092263891,-0.));
#484 = ORIENTED_EDGE('',*,*,#485,.T.);
#485 = EDGE_CURVE('',#477,#486,#488,.T.);
#486 = VERTEX_POINT('',#487);
#487 = CARTESIAN_POINT('',(155.46426,-128.025225,1.585));
#488 = LINE('',#489,#490);
#489 = CARTESIAN_POINT('',(155.462819,-128.611285,1.585));
#490 = VECTOR('',#491,1.);
#491 = DIRECTION('',(2.45878518261E-03,0.999996977183,0.));
#492 = ORIENTED_EDGE('',*,*,#493,.T.);
#493 = EDGE_CURVE('',#486,#494,#496,.T.);
#494 = VERTEX_POINT('',#495);
#495 = CARTESIAN_POINT('',(155.612819,-128.039857,1.585));
#496 = CIRCLE('',#497,7.500006711465E-02);
#497 = AXIS2_PLACEMENT_3D('',#498,#499,#500);
#498 = CARTESIAN_POINT('',(155.53781893288,-128.0398569328,1.585));
#499 = DIRECTION('',(0.,0.,-1.));
#500 = DIRECTION('',(-0.980784894138,0.195092263891,0.));
#501 = ORIENTED_EDGE('',*,*,#502,.T.);
#502 = EDGE_CURVE('',#494,#503,#505,.T.);
#503 = VERTEX_POINT('',#504);
#504 = CARTESIAN_POINT('',(155.612819,-128.250571,1.585));
#505 = LINE('',#506,#507);
#506 = CARTESIAN_POINT('',(155.612819,-128.039857,1.585));
#507 = VECTOR('',#508,1.);
#508 = DIRECTION('',(0.,-1.,0.));
#509 = ORIENTED_EDGE('',*,*,#510,.T.);
#510 = EDGE_CURVE('',#503,#511,#513,.T.);
#511 = VERTEX_POINT('',#512);
#512 = CARTESIAN_POINT('',(156.552451,-128.252012,1.585));
#513 = LINE('',#514,#515);
#514 = CARTESIAN_POINT('',(155.612819,-128.250571,1.585));
#515 = VECTOR('',#516,1.);
#516 = DIRECTION('',(0.99999882407,-1.533577299926E-03,0.));
#517 = ORIENTED_EDGE('',*,*,#518,.T.);
#518 = EDGE_CURVE('',#511,#519,#521,.T.);
#519 = VERTEX_POINT('',#520);
#520 = CARTESIAN_POINT('',(156.579487,-128.263211,1.585));
#521 = LINE('',#522,#523);
#522 = CARTESIAN_POINT('',(156.552451,-128.252012,1.585));
#523 = VECTOR('',#524,1.);
#524 = DIRECTION('',(0.923875640631,-0.38269282806,0.));
#525 = ORIENTED_EDGE('',*,*,#526,.T.);
#526 = EDGE_CURVE('',#519,#527,#529,.T.);
#527 = VERTEX_POINT('',#528);
#528 = CARTESIAN_POINT('',(156.598,-128.281724,1.585));
#529 = LINE('',#530,#531);
#530 = CARTESIAN_POINT('',(156.579487,-128.263211,1.585));
#531 = VECTOR('',#532,1.);
#532 = DIRECTION('',(0.707106781187,-0.707106781186,0.));
#533 = ORIENTED_EDGE('',*,*,#534,.T.);
#534 = EDGE_CURVE('',#527,#535,#537,.T.);
#535 = VERTEX_POINT('',#536);
#536 = CARTESIAN_POINT('',(156.598,-127.845608,1.585));
#537 = LINE('',#538,#539);
#538 = CARTESIAN_POINT('',(156.598,-128.281724,1.585));
#539 = VECTOR('',#540,1.);
#540 = DIRECTION('',(0.,1.,0.));
#541 = ORIENTED_EDGE('',*,*,#542,.T.);
#542 = EDGE_CURVE('',#535,#543,#545,.T.);
#543 = VERTEX_POINT('',#544);
#544 = CARTESIAN_POINT('',(156.515268,-127.87204,1.585));
#545 = CIRCLE('',#546,7.05823358046E-02);
#546 = AXIS2_PLACEMENT_3D('',#547,#548,#549);
#547 = CARTESIAN_POINT('',(156.53970014905,-127.805821149,1.585));
#548 = DIRECTION('',(0.,0.,-1.));
#549 = DIRECTION('',(0.825983587492,-0.563694166365,0.));
#550 = ORIENTED_EDGE('',*,*,#551,.T.);
#551 = EDGE_CURVE('',#543,#552,#554,.T.);
#552 = VERTEX_POINT('',#553);
#553 = CARTESIAN_POINT('',(156.484786,-127.854794,1.585));
#554 = LINE('',#555,#556);
#555 = CARTESIAN_POINT('',(156.515268,-127.87204,1.585));
#556 = VECTOR('',#557,1.);
#557 = DIRECTION('',(-0.870354298731,0.492426029654,0.));
#558 = ORIENTED_EDGE('',*,*,#559,.T.);
#559 = EDGE_CURVE('',#552,#560,#562,.T.);
#560 = VERTEX_POINT('',#561);
#561 = CARTESIAN_POINT('',(155.925876,-127.295885,1.585));
#562 = LINE('',#563,#564);
#563 = CARTESIAN_POINT('',(156.484786,-127.854794,1.585));
#564 = VECTOR('',#565,1.);
#565 = DIRECTION('',(-0.707107413763,0.707106148609,0.));
#566 = ORIENTED_EDGE('',*,*,#567,.T.);
#567 = EDGE_CURVE('',#560,#568,#570,.T.);
#568 = VERTEX_POINT('',#569);
#569 = CARTESIAN_POINT('',(155.811363,-127.257714,1.585));
#570 = LINE('',#571,#572);
#571 = CARTESIAN_POINT('',(155.925876,-127.295885,1.585));
#572 = VECTOR('',#573,1.);
#573 = DIRECTION('',(-0.948683298051,0.316227766017,0.));
#574 = ORIENTED_EDGE('',*,*,#575,.T.);
#575 = EDGE_CURVE('',#568,#576,#578,.T.);
#576 = VERTEX_POINT('',#577);
#577 = CARTESIAN_POINT('',(155.746,-127.257714,1.585));
#578 = LINE('',#579,#580);
#579 = CARTESIAN_POINT('',(155.811363,-127.257714,1.585));
#580 = VECTOR('',#581,1.);
#581 = DIRECTION('',(-1.,0.,0.));
#582 = ORIENTED_EDGE('',*,*,#583,.T.);
#583 = EDGE_CURVE('',#576,#584,#586,.T.);
#584 = VERTEX_POINT('',#585);
#585 = CARTESIAN_POINT('',(155.612819,-127.390895,1.585));
#586 = CIRCLE('',#587,0.18686440374);
#587 = AXIS2_PLACEMENT_3D('',#588,#589,#590);
#588 = CARTESIAN_POINT('',(155.793536,-127.438431,1.585));
#589 = DIRECTION('',(0.,0.,1.));
#590 = DIRECTION('',(-0.254387668537,0.967102328658,0.));
#591 = ORIENTED_EDGE('',*,*,#592,.T.);
#592 = EDGE_CURVE('',#584,#593,#595,.T.);
#593 = VERTEX_POINT('',#594);
#594 = CARTESIAN_POINT('',(155.612819,-127.59358,1.585));
#595 = LINE('',#596,#597);
#596 = CARTESIAN_POINT('',(155.612819,-127.390895,1.585));
#597 = VECTOR('',#598,1.);
#598 = DIRECTION('',(0.,-1.,0.));
#599 = ORIENTED_EDGE('',*,*,#600,.T.);
#600 = EDGE_CURVE('',#593,#601,#603,.T.);
#601 = VERTEX_POINT('',#602);
#602 = CARTESIAN_POINT('',(155.647077,-127.662096,1.585));
#603 = LINE('',#604,#605);
#604 = CARTESIAN_POINT('',(155.612819,-127.59358,1.585));
#605 = VECTOR('',#606,1.);
#606 = DIRECTION('',(0.4472135955,-0.894427191,0.));
#607 = ORIENTED_EDGE('',*,*,#608,.T.);
#608 = EDGE_CURVE('',#601,#609,#611,.T.);
#609 = VERTEX_POINT('',#610);
#610 = CARTESIAN_POINT('',(155.695417,-127.712474,1.585));
#611 = LINE('',#612,#613);
#612 = CARTESIAN_POINT('',(155.647077,-127.662096,1.585));
#613 = VECTOR('',#614,1.);
#614 = DIRECTION('',(0.692361271629,-0.721551016594,0.));
#615 = ORIENTED_EDGE('',*,*,#616,.T.);
#616 = EDGE_CURVE('',#609,#617,#619,.T.);
#617 = VERTEX_POINT('',#618);
#618 = CARTESIAN_POINT('',(155.580024,-127.807175,1.585));
#619 = CIRCLE('',#620,7.500003178655E-02);
#620 = AXIS2_PLACEMENT_3D('',#621,#622,#623);
#621 = CARTESIAN_POINT('',(155.63305656212,-127.7541415,1.585));
#622 = DIRECTION('',(0.,0.,-1.));
#623 = DIRECTION('',(0.83147215258,0.555566431206,0.));
#624 = ORIENTED_EDGE('',*,*,#625,.T.);
#625 = EDGE_CURVE('',#617,#626,#628,.T.);
#626 = VERTEX_POINT('',#627);
#627 = CARTESIAN_POINT('',(155.518356,-127.740064,1.585));
#628 = LINE('',#629,#630);
#629 = CARTESIAN_POINT('',(155.580024,-127.807175,1.585));
#630 = VECTOR('',#631,1.);
#631 = DIRECTION('',(-0.676615964248,0.736336089652,0.));
#632 = ORIENTED_EDGE('',*,*,#633,.T.);
#633 = EDGE_CURVE('',#626,#634,#636,.T.);
#634 = VERTEX_POINT('',#635);
#635 = CARTESIAN_POINT('',(155.527686,-127.230668,1.585));
#636 = CIRCLE('',#637,0.450051227017);
#637 = AXIS2_PLACEMENT_3D('',#638,#639,#640);
#638 = CARTESIAN_POINT('',(155.89397532415,-127.4921603286,1.585));
#639 = DIRECTION('',(0.,0.,-1.));
#640 = DIRECTION('',(-0.834614598528,-0.550834341634,-0.));
#641 = ORIENTED_EDGE('',*,*,#642,.T.);
#642 = EDGE_CURVE('',#634,#92,#643,.T.);
#643 = LINE('',#644,#645);
#644 = CARTESIAN_POINT('',(155.527686,-127.230668,1.585));
#645 = VECTOR('',#646,1.);
#646 = DIRECTION('',(0.718400113328,0.695630129574,0.));
#647 = FACE_BOUND('',#648,.F.);
#648 = EDGE_LOOP('',(#649,#660,#668,#676,#684,#692,#700,#708,#716));
#649 = ORIENTED_EDGE('',*,*,#650,.T.);
#650 = EDGE_CURVE('',#651,#653,#655,.T.);
#651 = VERTEX_POINT('',#652);
#652 = CARTESIAN_POINT('',(156.273547,-130.063002,1.585));
#653 = VERTEX_POINT('',#654);
#654 = CARTESIAN_POINT('',(155.725103,-130.101496,1.585));
#655 = CIRCLE('',#656,0.618603201895);
#656 = AXIS2_PLACEMENT_3D('',#657,#658,#659);
#657 = CARTESIAN_POINT('',(156.038125275,-130.6350566589,1.585));
#658 = DIRECTION('',(0.,0.,1.));
#659 = DIRECTION('',(0.380569845546,0.924752179052,-0.));
#660 = ORIENTED_EDGE('',*,*,#661,.T.);
#661 = EDGE_CURVE('',#653,#662,#664,.T.);
#662 = VERTEX_POINT('',#663);
#663 = CARTESIAN_POINT('',(155.65099,-130.175608,1.585));
#664 = LINE('',#665,#666);
#665 = CARTESIAN_POINT('',(155.725103,-130.101496,1.585));
#666 = VECTOR('',#667,1.);
#667 = DIRECTION('',(-0.707111551666,-0.707102010675,0.));
#668 = ORIENTED_EDGE('',*,*,#669,.T.);
#669 = EDGE_CURVE('',#662,#670,#672,.T.);
#670 = VERTEX_POINT('',#671);
#671 = CARTESIAN_POINT('',(155.612819,-130.290122,1.585));
#672 = LINE('',#673,#674);
#673 = CARTESIAN_POINT('',(155.65099,-130.175608,1.585));
#674 = VECTOR('',#675,1.);
#675 = DIRECTION('',(-0.316225280684,-0.948684126491,0.));
#676 = ORIENTED_EDGE('',*,*,#677,.T.);
#677 = EDGE_CURVE('',#670,#678,#680,.T.);
#678 = VERTEX_POINT('',#679);
#679 = CARTESIAN_POINT('',(155.612819,-130.441047,1.585));
#680 = LINE('',#681,#682);
#681 = CARTESIAN_POINT('',(155.612819,-130.290122,1.585));
#682 = VECTOR('',#683,1.);
#683 = DIRECTION('',(0.,-1.,0.));
#684 = ORIENTED_EDGE('',*,*,#685,.T.);
#685 = EDGE_CURVE('',#678,#686,#688,.T.);
#686 = VERTEX_POINT('',#687);
#687 = CARTESIAN_POINT('',(156.462819,-130.441047,1.585));
#688 = LINE('',#689,#690);
#689 = CARTESIAN_POINT('',(155.612819,-130.441047,1.585));
#690 = VECTOR('',#691,1.);
#691 = DIRECTION('',(1.,0.,0.));
#692 = ORIENTED_EDGE('',*,*,#693,.T.);
#693 = EDGE_CURVE('',#686,#694,#696,.T.);
#694 = VERTEX_POINT('',#695);
#695 = CARTESIAN_POINT('',(156.462819,-130.290122,1.585));
#696 = LINE('',#697,#698);
#697 = CARTESIAN_POINT('',(156.462819,-130.441047,1.585));
#698 = VECTOR('',#699,1.);
#699 = DIRECTION('',(0.,1.,0.));
#700 = ORIENTED_EDGE('',*,*,#701,.T.);
#701 = EDGE_CURVE('',#694,#702,#704,.T.);
#702 = VERTEX_POINT('',#703);
#703 = CARTESIAN_POINT('',(156.424648,-130.175609,1.585));
#704 = LINE('',#705,#706);
#705 = CARTESIAN_POINT('',(156.462819,-130.290122,1.585));
#706 = VECTOR('',#707,1.);
#707 = DIRECTION('',(-0.316227766017,0.94868329805,0.));
#708 = ORIENTED_EDGE('',*,*,#709,.T.);
#709 = EDGE_CURVE('',#702,#710,#712,.T.);
#710 = VERTEX_POINT('',#711);
#711 = CARTESIAN_POINT('',(156.350534,-130.101496,1.585));
#712 = LINE('',#713,#714);
#713 = CARTESIAN_POINT('',(156.424648,-130.175609,1.585));
#714 = VECTOR('',#715,1.);
#715 = DIRECTION('',(-0.707111551602,0.707102010739,0.));
#716 = ORIENTED_EDGE('',*,*,#717,.T.);
#717 = EDGE_CURVE('',#710,#651,#718,.T.);
#718 = LINE('',#719,#720);
#719 = CARTESIAN_POINT('',(156.350534,-130.101496,1.585));
#720 = VECTOR('',#721,1.);
#721 = DIRECTION('',(-0.894424867414,0.447218242641,0.));
#722 = FACE_BOUND('',#723,.F.);
#723 = EDGE_LOOP('',(#724,#734,#742,#750));
#724 = ORIENTED_EDGE('',*,*,#725,.T.);
#725 = EDGE_CURVE('',#726,#728,#730,.T.);
#726 = VERTEX_POINT('',#727);
#727 = CARTESIAN_POINT('',(164.278,-130.302,1.585));
#728 = VERTEX_POINT('',#729);
#729 = CARTESIAN_POINT('',(164.278,-127.762,1.585));
#730 = LINE('',#731,#732);
#731 = CARTESIAN_POINT('',(164.278,-130.302,1.585));
#732 = VECTOR('',#733,1.);
#733 = DIRECTION('',(0.,1.,0.));
#734 = ORIENTED_EDGE('',*,*,#735,.T.);
#735 = EDGE_CURVE('',#728,#736,#738,.T.);
#736 = VERTEX_POINT('',#737);
#737 = CARTESIAN_POINT('',(156.718,-127.762,1.585));
#738 = LINE('',#739,#740);
#739 = CARTESIAN_POINT('',(164.278,-127.762,1.585));
#740 = VECTOR('',#741,1.);
#741 = DIRECTION('',(-1.,0.,0.));
#742 = ORIENTED_EDGE('',*,*,#743,.T.);
#743 = EDGE_CURVE('',#736,#744,#746,.T.);
#744 = VERTEX_POINT('',#745);
#745 = CARTESIAN_POINT('',(156.718,-130.302,1.585));
#746 = LINE('',#747,#748);
#747 = CARTESIAN_POINT('',(156.718,-127.762,1.585));
#748 = VECTOR('',#749,1.);
#749 = DIRECTION('',(0.,-1.,0.));
#750 = ORIENTED_EDGE('',*,*,#751,.T.);
#751 = EDGE_CURVE('',#744,#726,#752,.T.);
#752 = LINE('',#753,#754);
#753 = CARTESIAN_POINT('',(156.718,-130.302,1.585));
#754 = VECTOR('',#755,1.);
#755 = DIRECTION('',(1.,0.,0.));
#756 = FACE_BOUND('',#757,.F.);
#757 = EDGE_LOOP('',(#758,#768,#776,#784,#792,#800,#808,#816));
#758 = ORIENTED_EDGE('',*,*,#759,.T.);
#759 = EDGE_CURVE('',#760,#762,#764,.T.);
#760 = VERTEX_POINT('',#761);
#761 = CARTESIAN_POINT('',(156.579487,-129.453687,1.585));
#762 = VERTEX_POINT('',#763);
#763 = CARTESIAN_POINT('',(156.598,-129.4722,1.585));
#764 = LINE('',#765,#766);
#765 = CARTESIAN_POINT('',(156.579487,-129.453687,1.585));
#766 = VECTOR('',#767,1.);
#767 = DIRECTION('',(0.707106781187,-0.707106781186,0.));
#768 = ORIENTED_EDGE('',*,*,#769,.T.);
#769 = EDGE_CURVE('',#762,#770,#772,.T.);
#770 = VERTEX_POINT('',#771);
#771 = CARTESIAN_POINT('',(156.598,-128.988466,1.585));
#772 = LINE('',#773,#774);
#773 = CARTESIAN_POINT('',(156.598,-129.4722,1.585));
#774 = VECTOR('',#775,1.);
#775 = DIRECTION('',(0.,1.,0.));
#776 = ORIENTED_EDGE('',*,*,#777,.T.);
#777 = EDGE_CURVE('',#770,#778,#780,.T.);
#778 = VERTEX_POINT('',#779);
#779 = CARTESIAN_POINT('',(156.579487,-129.006979,1.585));
#780 = LINE('',#781,#782);
#781 = CARTESIAN_POINT('',(156.598,-128.988466,1.585));
#782 = VECTOR('',#783,1.);
#783 = DIRECTION('',(-0.707106781187,-0.707106781187,0.));
#784 = ORIENTED_EDGE('',*,*,#785,.T.);
#785 = EDGE_CURVE('',#778,#786,#788,.T.);
#786 = VERTEX_POINT('',#787);
#787 = CARTESIAN_POINT('',(156.537819,-129.019619,1.585));
#788 = LINE('',#789,#790);
#789 = CARTESIAN_POINT('',(156.579487,-129.006979,1.585));
#790 = VECTOR('',#791,1.);
#791 = DIRECTION('',(-0.956939376321,-0.29028783999,0.));
#792 = ORIENTED_EDGE('',*,*,#793,.T.);
#793 = EDGE_CURVE('',#786,#794,#796,.T.);
#794 = VERTEX_POINT('',#795);
#795 = CARTESIAN_POINT('',(156.089009,-129.019619,1.585));
#796 = LINE('',#797,#798);
#797 = CARTESIAN_POINT('',(156.537819,-129.019619,1.585));
#798 = VECTOR('',#799,1.);
#799 = DIRECTION('',(-1.,0.,0.));
#800 = ORIENTED_EDGE('',*,*,#801,.T.);
#801 = EDGE_CURVE('',#794,#802,#804,.T.);
#802 = VERTEX_POINT('',#803);
#803 = CARTESIAN_POINT('',(156.089009,-129.441047,1.585));
#804 = LINE('',#805,#806);
#805 = CARTESIAN_POINT('',(156.089009,-129.019619,1.585));
#806 = VECTOR('',#807,1.);
#807 = DIRECTION('',(0.,-1.,0.));
#808 = ORIENTED_EDGE('',*,*,#809,.T.);
#809 = EDGE_CURVE('',#802,#810,#812,.T.);
#810 = VERTEX_POINT('',#811);
#811 = CARTESIAN_POINT('',(156.552451,-129.442488,1.585));
#812 = LINE('',#813,#814);
#813 = CARTESIAN_POINT('',(156.089009,-129.441047,1.585));
#814 = VECTOR('',#815,1.);
#815 = DIRECTION('',(0.999995166029,-3.109327670448E-03,0.));
#816 = ORIENTED_EDGE('',*,*,#817,.T.);
#817 = EDGE_CURVE('',#810,#760,#818,.T.);
#818 = LINE('',#819,#820);
#819 = CARTESIAN_POINT('',(156.552451,-129.442488,1.585));
#820 = VECTOR('',#821,1.);
#821 = DIRECTION('',(0.923875640631,-0.38269282806,0.));
#822 = PLANE('',#823);
#823 = AXIS2_PLACEMENT_3D('',#824,#825,#826);
#824 = CARTESIAN_POINT('',(0.,0.,1.585));
#825 = DIRECTION('',(0.,0.,1.));
#826 = DIRECTION('',(1.,0.,-0.));
#827 = SHELL_BASED_SURFACE_MODEL('',(#828));
#828 = OPEN_SHELL('',(#829));
#829 = ADVANCED_FACE('',(#830),#1123,.T.);
#830 = FACE_BOUND('',#831,.F.);
#831 = EDGE_LOOP('',(#832,#843,#851,#860,#868,#876,#884,#893,#901,#910,
    #918,#926,#934,#942,#951,#959,#967,#975,#983,#991,#1000,#1008,#1017,
    #1025,#1034,#1042,#1051,#1059,#1068,#1076,#1085,#1093,#1101,#1109,
    #1117));
#832 = ORIENTED_EDGE('',*,*,#833,.T.);
#833 = EDGE_CURVE('',#834,#836,#838,.T.);
#834 = VERTEX_POINT('',#835);
#835 = CARTESIAN_POINT('',(165.608,-127.762,1.585));
#836 = VERTEX_POINT('',#837);
#837 = CARTESIAN_POINT('',(165.608,-127.642,1.585));
#838 = CIRCLE('',#839,6.000000000043E-02);
#839 = AXIS2_PLACEMENT_3D('',#840,#841,#842);
#840 = CARTESIAN_POINT('',(165.60799977441,-127.702,1.585));
#841 = DIRECTION('',(0.,0.,-1.));
#842 = DIRECTION('',(3.759793779989E-06,-0.999999999993,0.));
#843 = ORIENTED_EDGE('',*,*,#844,.T.);
#844 = EDGE_CURVE('',#836,#845,#847,.T.);
#845 = VERTEX_POINT('',#846);
#846 = CARTESIAN_POINT('',(166.938,-127.642,1.585));
#847 = LINE('',#848,#849);
#848 = CARTESIAN_POINT('',(165.608,-127.642,1.585));
#849 = VECTOR('',#850,1.);
#850 = DIRECTION('',(1.,0.,0.));
#851 = ORIENTED_EDGE('',*,*,#852,.T.);
#852 = EDGE_CURVE('',#845,#853,#855,.T.);
#853 = VERTEX_POINT('',#854);
#854 = CARTESIAN_POINT('',(166.998,-127.702,1.585));
#855 = CIRCLE('',#856,5.999932016262E-02);
#856 = AXIS2_PLACEMENT_3D('',#857,#858,#859);
#857 = CARTESIAN_POINT('',(166.93800067984,-127.7019993201,1.585));
#858 = DIRECTION('',(0.,0.,-1.));
#859 = DIRECTION('',(-1.133081564772E-05,0.999999999936,0.));
#860 = ORIENTED_EDGE('',*,*,#861,.T.);
#861 = EDGE_CURVE('',#853,#862,#864,.T.);
#862 = VERTEX_POINT('',#863);
#863 = CARTESIAN_POINT('',(166.998,-128.30619,1.585));
#864 = LINE('',#865,#866);
#865 = CARTESIAN_POINT('',(166.998,-127.702,1.585));
#866 = VECTOR('',#867,1.);
#867 = DIRECTION('',(0.,-1.,0.));
#868 = ORIENTED_EDGE('',*,*,#869,.T.);
#869 = EDGE_CURVE('',#862,#870,#872,.T.);
#870 = VERTEX_POINT('',#871);
#871 = CARTESIAN_POINT('',(167.892819,-128.30619,1.585));
#872 = LINE('',#873,#874);
#873 = CARTESIAN_POINT('',(166.998,-128.30619,1.585));
#874 = VECTOR('',#875,1.);
#875 = DIRECTION('',(1.,0.,0.));
#876 = ORIENTED_EDGE('',*,*,#877,.T.);
#877 = EDGE_CURVE('',#870,#878,#880,.T.);
#878 = VERTEX_POINT('',#879);
#879 = CARTESIAN_POINT('',(167.89426,-128.080844,1.585));
#880 = LINE('',#881,#882);
#881 = CARTESIAN_POINT('',(167.892819,-128.30619,1.585));
#882 = VECTOR('',#883,1.);
#883 = DIRECTION('',(6.394480216656E-03,0.999979555102,0.));
#884 = ORIENTED_EDGE('',*,*,#885,.T.);
#885 = EDGE_CURVE('',#878,#886,#888,.T.);
#886 = VERTEX_POINT('',#887);
#887 = CARTESIAN_POINT('',(168.042819,-128.095476,1.585));
#888 = CIRCLE('',#889,7.500006711464E-02);
#889 = AXIS2_PLACEMENT_3D('',#890,#891,#892);
#890 = CARTESIAN_POINT('',(167.96781893288,-128.0954759328,1.585));
#891 = DIRECTION('',(0.,0.,-1.));
#892 = DIRECTION('',(-0.980784894138,0.195092263891,0.));
#893 = ORIENTED_EDGE('',*,*,#894,.T.);
#894 = EDGE_CURVE('',#886,#895,#897,.T.);
#895 = VERTEX_POINT('',#896);
#896 = CARTESIAN_POINT('',(168.041378,-128.681536,1.585));
#897 = LINE('',#898,#899);
#898 = CARTESIAN_POINT('',(168.042819,-128.095476,1.585));
#899 = VECTOR('',#900,1.);
#900 = DIRECTION('',(-2.45878518261E-03,-0.999996977183,0.));
#901 = ORIENTED_EDGE('',*,*,#902,.T.);
#902 = EDGE_CURVE('',#895,#903,#905,.T.);
#903 = VERTEX_POINT('',#904);
#904 = CARTESIAN_POINT('',(167.892819,-128.666904,1.585));
#905 = CIRCLE('',#906,7.500006711463E-02);
#906 = AXIS2_PLACEMENT_3D('',#907,#908,#909);
#907 = CARTESIAN_POINT('',(167.96781906711,-128.6669040671,1.585));
#908 = DIRECTION('',(-0.,0.,-1.));
#909 = DIRECTION('',(0.980784894138,-0.195092263891,-0.));
#910 = ORIENTED_EDGE('',*,*,#911,.T.);
#911 = EDGE_CURVE('',#903,#912,#914,.T.);
#912 = VERTEX_POINT('',#913);
#913 = CARTESIAN_POINT('',(167.892819,-128.45619,1.585));
#914 = LINE('',#915,#916);
#915 = CARTESIAN_POINT('',(167.892819,-128.666904,1.585));
#916 = VECTOR('',#917,1.);
#917 = DIRECTION('',(0.,1.,0.));
#918 = ORIENTED_EDGE('',*,*,#919,.T.);
#919 = EDGE_CURVE('',#912,#920,#922,.T.);
#920 = VERTEX_POINT('',#921);
#921 = CARTESIAN_POINT('',(167.196504,-128.45619,1.585));
#922 = LINE('',#923,#924);
#923 = CARTESIAN_POINT('',(167.892819,-128.45619,1.585));
#924 = VECTOR('',#925,1.);
#925 = DIRECTION('',(-1.,0.,0.));
#926 = ORIENTED_EDGE('',*,*,#927,.T.);
#927 = EDGE_CURVE('',#920,#928,#930,.T.);
#928 = VERTEX_POINT('',#929);
#929 = CARTESIAN_POINT('',(167.269033,-128.53183,1.585));
#930 = LINE('',#931,#932);
#931 = CARTESIAN_POINT('',(167.196504,-128.45619,1.585));
#932 = VECTOR('',#933,1.);
#933 = DIRECTION('',(0.692107619701,-0.72179432164,0.));
#934 = ORIENTED_EDGE('',*,*,#935,.T.);
#935 = EDGE_CURVE('',#928,#936,#938,.T.);
#936 = VERTEX_POINT('',#937);
#937 = CARTESIAN_POINT('',(167.32587,-128.647094,1.585));
#938 = LINE('',#939,#940);
#939 = CARTESIAN_POINT('',(167.269033,-128.53183,1.585));
#940 = VECTOR('',#941,1.);
#941 = DIRECTION('',(0.442257930733,-0.896887909777,0.));
#942 = ORIENTED_EDGE('',*,*,#943,.T.);
#943 = EDGE_CURVE('',#936,#944,#946,.T.);
#944 = VERTEX_POINT('',#945);
#945 = CARTESIAN_POINT('',(167.186451,-128.700445,1.585));
#946 = CIRCLE('',#947,7.500029440469E-02);
#947 = AXIS2_PLACEMENT_3D('',#948,#949,#950);
#948 = CARTESIAN_POINT('',(167.25353305397,-128.6669033513,1.585));
#949 = DIRECTION('',(0.,0.,-1.));
#950 = DIRECTION('',(0.964488827732,0.264123647521,0.));
#951 = ORIENTED_EDGE('',*,*,#952,.T.);
#952 = EDGE_CURVE('',#944,#953,#955,.T.);
#953 = VERTEX_POINT('',#954);
#954 = CARTESIAN_POINT('',(167.144275,-128.616093,1.585));
#955 = LINE('',#956,#957);
#956 = CARTESIAN_POINT('',(167.186451,-128.700445,1.585));
#957 = VECTOR('',#958,1.);
#958 = DIRECTION('',(-0.4472135955,0.894427191,0.));
#959 = ORIENTED_EDGE('',*,*,#960,.T.);
#960 = EDGE_CURVE('',#953,#961,#963,.T.);
#961 = VERTEX_POINT('',#962);
#962 = CARTESIAN_POINT('',(167.062894,-128.534712,1.585));
#963 = LINE('',#964,#965);
#964 = CARTESIAN_POINT('',(167.144275,-128.616093,1.585));
#965 = VECTOR('',#966,1.);
#966 = DIRECTION('',(-0.707106781187,0.707106781187,0.));
#967 = ORIENTED_EDGE('',*,*,#968,.T.);
#968 = EDGE_CURVE('',#961,#969,#971,.T.);
#969 = VERTEX_POINT('',#970);
#970 = CARTESIAN_POINT('',(166.998,-128.491449,1.585));
#971 = LINE('',#972,#973);
#972 = CARTESIAN_POINT('',(167.062894,-128.534712,1.585));
#973 = VECTOR('',#974,1.);
#974 = DIRECTION('',(-0.832048321771,0.554703155065,0.));
#975 = ORIENTED_EDGE('',*,*,#976,.T.);
#976 = EDGE_CURVE('',#969,#977,#979,.T.);
#977 = VERTEX_POINT('',#978);
#978 = CARTESIAN_POINT('',(166.998,-129.020476,1.585));
#979 = LINE('',#980,#981);
#980 = CARTESIAN_POINT('',(166.998,-128.491449,1.585));
#981 = VECTOR('',#982,1.);
#982 = DIRECTION('',(0.,-1.,0.));
#983 = ORIENTED_EDGE('',*,*,#984,.T.);
#984 = EDGE_CURVE('',#977,#985,#987,.T.);
#985 = VERTEX_POINT('',#986);
#986 = CARTESIAN_POINT('',(167.797151,-129.023139,1.585));
#987 = LINE('',#988,#989);
#988 = CARTESIAN_POINT('',(166.998,-129.020476,1.585));
#989 = VECTOR('',#990,1.);
#990 = DIRECTION('',(0.99999444798,-3.332267887989E-03,0.));
#991 = ORIENTED_EDGE('',*,*,#992,.T.);
#992 = EDGE_CURVE('',#985,#993,#995,.T.);
#993 = VERTEX_POINT('',#994);
#994 = CARTESIAN_POINT('',(168.041378,-129.27132,1.585));
#995 = CIRCLE('',#996,0.34862863122);
#996 = AXIS2_PLACEMENT_3D('',#997,#998,#999);
#997 = CARTESIAN_POINT('',(167.70397767079,-129.3590863965,1.585));
#998 = DIRECTION('',(0.,0.,-1.));
#999 = DIRECTION('',(0.267256676191,0.963625377951,0.));
#1000 = ORIENTED_EDGE('',*,*,#1001,.T.);
#1001 = EDGE_CURVE('',#993,#1002,#1004,.T.);
#1002 = VERTEX_POINT('',#1003);
#1003 = CARTESIAN_POINT('',(168.040156,-129.496238,1.585));
#1004 = LINE('',#1005,#1006);
#1005 = CARTESIAN_POINT('',(168.041378,-129.27132,1.585));
#1006 = VECTOR('',#1007,1.);
#1007 = DIRECTION('',(-5.433010984541E-03,-0.999985241087,0.));
#1008 = ORIENTED_EDGE('',*,*,#1009,.T.);
#1009 = EDGE_CURVE('',#1002,#1010,#1012,.T.);
#1010 = VERTEX_POINT('',#1011);
#1011 = CARTESIAN_POINT('',(167.791974,-129.740463,1.585));
#1012 = CIRCLE('',#1013,0.348632713765);
#1013 = AXIS2_PLACEMENT_3D('',#1014,#1015,#1016);
#1014 = CARTESIAN_POINT('',(167.70420597394,-129.4030588762,1.585));
#1015 = DIRECTION('',(0.,0.,-1.));
#1016 = DIRECTION('',(0.963621636162,-0.267270167283,0.));
#1017 = ORIENTED_EDGE('',*,*,#1018,.T.);
#1018 = EDGE_CURVE('',#1010,#1019,#1021,.T.);
#1019 = VERTEX_POINT('',#1020);
#1020 = CARTESIAN_POINT('',(166.953187,-129.740463,1.585));
#1021 = LINE('',#1022,#1023);
#1022 = CARTESIAN_POINT('',(167.791974,-129.740463,1.585));
#1023 = VECTOR('',#1024,1.);
#1024 = DIRECTION('',(-1.,0.,0.));
#1025 = ORIENTED_EDGE('',*,*,#1026,.T.);
#1026 = EDGE_CURVE('',#1019,#1027,#1029,.T.);
#1027 = VERTEX_POINT('',#1028);
#1028 = CARTESIAN_POINT('',(166.967819,-129.591904,1.585));
#1029 = CIRCLE('',#1030,7.500006711464E-02);
#1030 = AXIS2_PLACEMENT_3D('',#1031,#1032,#1033);
#1031 = CARTESIAN_POINT('',(166.96781893288,-129.6669040671,1.585));
#1032 = DIRECTION('',(0.,0.,-1.));
#1033 = DIRECTION('',(-0.195092263891,-0.980784894138,-0.));
#1034 = ORIENTED_EDGE('',*,*,#1035,.T.);
#1035 = EDGE_CURVE('',#1027,#1036,#1038,.T.);
#1036 = VERTEX_POINT('',#1037);
#1037 = CARTESIAN_POINT('',(167.759637,-129.591904,1.585));
#1038 = LINE('',#1039,#1040);
#1039 = CARTESIAN_POINT('',(166.967819,-129.591904,1.585));
#1040 = VECTOR('',#1041,1.);
#1041 = DIRECTION('',(1.,0.,0.));
#1042 = ORIENTED_EDGE('',*,*,#1043,.T.);
#1043 = EDGE_CURVE('',#1036,#1044,#1046,.T.);
#1044 = VERTEX_POINT('',#1045);
#1045 = CARTESIAN_POINT('',(167.892819,-129.458723,1.585));
#1046 = CIRCLE('',#1047,0.186872595955);
#1047 = AXIS2_PLACEMENT_3D('',#1048,#1049,#1050);
#1048 = CARTESIAN_POINT('',(167.71209536766,-129.4111800106,1.585));
#1049 = DIRECTION('',(0.,0.,1.));
#1050 = DIRECTION('',(0.254406656561,-0.967097333828,0.));
#1051 = ORIENTED_EDGE('',*,*,#1052,.T.);
#1052 = EDGE_CURVE('',#1044,#1053,#1055,.T.);
#1053 = VERTEX_POINT('',#1054);
#1054 = CARTESIAN_POINT('',(167.892819,-129.303657,1.585));
#1055 = LINE('',#1056,#1057);
#1056 = CARTESIAN_POINT('',(167.892819,-129.458723,1.585));
#1057 = VECTOR('',#1058,1.);
#1058 = DIRECTION('',(0.,1.,0.));
#1059 = ORIENTED_EDGE('',*,*,#1060,.T.);
#1060 = EDGE_CURVE('',#1053,#1061,#1063,.T.);
#1061 = VERTEX_POINT('',#1062);
#1062 = CARTESIAN_POINT('',(167.759637,-129.170476,1.585));
#1063 = CIRCLE('',#1064,0.18686362259);
#1064 = AXIS2_PLACEMENT_3D('',#1065,#1066,#1067);
#1065 = CARTESIAN_POINT('',(167.71210271383,-129.351192643,1.585));
#1066 = DIRECTION('',(0.,0.,1.));
#1067 = DIRECTION('',(0.967102551356,0.25438682191,-0.));
#1068 = ORIENTED_EDGE('',*,*,#1069,.T.);
#1069 = EDGE_CURVE('',#1061,#1070,#1072,.T.);
#1070 = VERTEX_POINT('',#1071);
#1071 = CARTESIAN_POINT('',(166.953187,-129.169035,1.585));
#1072 = LINE('',#1073,#1074);
#1073 = CARTESIAN_POINT('',(167.759637,-129.170476,1.585));
#1074 = VECTOR('',#1075,1.);
#1075 = DIRECTION('',(-0.999998403599,1.786840721168E-03,0.));
#1076 = ORIENTED_EDGE('',*,*,#1077,.T.);
#1077 = EDGE_CURVE('',#1070,#1078,#1080,.T.);
#1078 = VERTEX_POINT('',#1079);
#1079 = CARTESIAN_POINT('',(166.89426,-129.080844,1.585));
#1080 = CIRCLE('',#1081,7.500063018466E-02);
#1081 = AXIS2_PLACEMENT_3D('',#1082,#1083,#1084);
#1082 = CARTESIAN_POINT('',(166.9678195693,-129.0954756196,1.585));
#1083 = DIRECTION('',(0.,0.,-1.));
#1084 = DIRECTION('',(-0.1950992847,-0.980783497572,-0.));
#1085 = ORIENTED_EDGE('',*,*,#1086,.T.);
#1086 = EDGE_CURVE('',#1078,#1087,#1089,.T.);
#1087 = VERTEX_POINT('',#1088);
#1088 = CARTESIAN_POINT('',(166.898416,-129.07081,1.585));
#1089 = LINE('',#1090,#1091);
#1090 = CARTESIAN_POINT('',(166.89426,-129.080844,1.585));
#1091 = VECTOR('',#1092,1.);
#1092 = DIRECTION('',(0.38266622982,0.923886657851,0.));
#1093 = ORIENTED_EDGE('',*,*,#1094,.T.);
#1094 = EDGE_CURVE('',#1087,#1095,#1097,.T.);
#1095 = VERTEX_POINT('',#1096);
#1096 = CARTESIAN_POINT('',(166.882567,-129.054961,1.585));
#1097 = LINE('',#1098,#1099);
#1098 = CARTESIAN_POINT('',(166.898416,-129.07081,1.585));
#1099 = VECTOR('',#1100,1.);
#1100 = DIRECTION('',(-0.707106781187,0.707106781187,0.));
#1101 = ORIENTED_EDGE('',*,*,#1102,.T.);
#1102 = EDGE_CURVE('',#1095,#1103,#1105,.T.);
#1103 = VERTEX_POINT('',#1104);
#1104 = CARTESIAN_POINT('',(166.878,-129.032,1.585));
#1105 = LINE('',#1106,#1107);
#1106 = CARTESIAN_POINT('',(166.882567,-129.054961,1.585));
#1107 = VECTOR('',#1108,1.);
#1108 = DIRECTION('',(-0.195081000118,0.980787134598,0.));
#1109 = ORIENTED_EDGE('',*,*,#1110,.T.);
#1110 = EDGE_CURVE('',#1103,#1111,#1113,.T.);
#1111 = VERTEX_POINT('',#1112);
#1112 = CARTESIAN_POINT('',(166.878,-127.762,1.585));
#1113 = LINE('',#1114,#1115);
#1114 = CARTESIAN_POINT('',(166.878,-129.032,1.585));
#1115 = VECTOR('',#1116,1.);
#1116 = DIRECTION('',(0.,1.,0.));
#1117 = ORIENTED_EDGE('',*,*,#1118,.T.);
#1118 = EDGE_CURVE('',#1111,#834,#1119,.T.);
#1119 = LINE('',#1120,#1121);
#1120 = CARTESIAN_POINT('',(166.878,-127.762,1.585));
#1121 = VECTOR('',#1122,1.);
#1122 = DIRECTION('',(-1.,0.,0.));
#1123 = PLANE('',#1124);
#1124 = AXIS2_PLACEMENT_3D('',#1125,#1126,#1127);
#1125 = CARTESIAN_POINT('',(0.,0.,1.585));
#1126 = DIRECTION('',(0.,0.,1.));
#1127 = DIRECTION('',(1.,0.,-0.));
#1128 = SHELL_BASED_SURFACE_MODEL('',(#1129));
#1129 = OPEN_SHELL('',(#1130));
#1130 = ADVANCED_FACE('',(#1131,#1142),#1153,.T.);
#1131 = FACE_BOUND('',#1132,.T.);
#1132 = EDGE_LOOP('',(#1133));
#1133 = ORIENTED_EDGE('',*,*,#1134,.T.);
#1134 = EDGE_CURVE('',#1135,#1135,#1137,.T.);
#1135 = VERTEX_POINT('',#1136);
#1136 = CARTESIAN_POINT('',(152.7556,-127.508,1.585));
#1137 = CIRCLE('',#1138,1.8796);
#1138 = AXIS2_PLACEMENT_3D('',#1139,#1140,#1141);
#1139 = CARTESIAN_POINT('',(150.876,-127.508,1.585));
#1140 = DIRECTION('',(0.,0.,1.));
#1141 = DIRECTION('',(1.,0.,-0.));
#1142 = FACE_BOUND('',#1143,.F.);
#1143 = EDGE_LOOP('',(#1144));
#1144 = ORIENTED_EDGE('',*,*,#1145,.T.);
#1145 = EDGE_CURVE('',#1146,#1146,#1148,.T.);
#1146 = VERTEX_POINT('',#1147);
#1147 = CARTESIAN_POINT('',(152.555996,-127.508,1.585));
#1148 = CIRCLE('',#1149,1.679996);
#1149 = AXIS2_PLACEMENT_3D('',#1150,#1151,#1152);
#1150 = CARTESIAN_POINT('',(150.876,-127.508,1.585));
#1151 = DIRECTION('',(0.,0.,1.));
#1152 = DIRECTION('',(1.,0.,-0.));
#1153 = PLANE('',#1154);
#1154 = AXIS2_PLACEMENT_3D('',#1155,#1156,#1157);
#1155 = CARTESIAN_POINT('',(0.,0.,1.585));
#1156 = DIRECTION('',(0.,0.,1.));
#1157 = DIRECTION('',(1.,0.,-0.));
#1158 = SHELL_BASED_SURFACE_MODEL('',(#1159));
#1159 = OPEN_SHELL('',(#1160));
#1160 = ADVANCED_FACE('',(#1161),#1213,.T.);
#1161 = FACE_BOUND('',#1162,.F.);
#1162 = EDGE_LOOP('',(#1163,#1174,#1182,#1191,#1199,#1207));
#1163 = ORIENTED_EDGE('',*,*,#1164,.T.);
#1164 = EDGE_CURVE('',#1165,#1167,#1169,.T.);
#1165 = VERTEX_POINT('',#1166);
#1166 = CARTESIAN_POINT('',(147.771554,-126.397363,1.585));
#1167 = VERTEX_POINT('',#1168);
#1168 = CARTESIAN_POINT('',(147.927648,-126.462019,1.585));
#1169 = CIRCLE('',#1170,0.101600299852);
#1170 = AXIS2_PLACEMENT_3D('',#1171,#1172,#1173);
#1171 = CARTESIAN_POINT('',(147.828,-126.4818406302,1.585));
#1172 = DIRECTION('',(0.,0.,-1.));
#1173 = DIRECTION('',(-0.555569226488,0.831470284844,0.));
#1174 = ORIENTED_EDGE('',*,*,#1175,.T.);
#1175 = EDGE_CURVE('',#1167,#1176,#1178,.T.);
#1176 = VERTEX_POINT('',#1177);
#1177 = CARTESIAN_POINT('',(147.927648,-128.543821,1.585));
#1178 = LINE('',#1179,#1180);
#1179 = CARTESIAN_POINT('',(147.927648,-126.462019,1.585));
#1180 = VECTOR('',#1181,1.);
#1181 = DIRECTION('',(0.,-1.,0.));
#1182 = ORIENTED_EDGE('',*,*,#1183,.T.);
#1183 = EDGE_CURVE('',#1176,#1184,#1186,.T.);
#1184 = VERTEX_POINT('',#1185);
#1185 = CARTESIAN_POINT('',(147.728352,-128.543821,1.585));
#1186 = CIRCLE('',#1187,0.101600176895);
#1187 = AXIS2_PLACEMENT_3D('',#1188,#1189,#1190);
#1188 = CARTESIAN_POINT('',(147.828,-128.524,1.585));
#1189 = DIRECTION('',(-0.,0.,-1.));
#1190 = DIRECTION('',(0.980785693941,-0.195088243012,-0.));
#1191 = ORIENTED_EDGE('',*,*,#1192,.T.);
#1192 = EDGE_CURVE('',#1184,#1193,#1195,.T.);
#1193 = VERTEX_POINT('',#1194);
#1194 = CARTESIAN_POINT('',(147.728352,-126.462019,1.585));
#1195 = LINE('',#1196,#1197);
#1196 = CARTESIAN_POINT('',(147.728352,-128.543821,1.585));
#1197 = VECTOR('',#1198,1.);
#1198 = DIRECTION('',(0.,1.,0.));
#1199 = ORIENTED_EDGE('',*,*,#1200,.T.);
#1200 = EDGE_CURVE('',#1193,#1201,#1203,.T.);
#1201 = VERTEX_POINT('',#1202);
#1202 = CARTESIAN_POINT('',(147.743523,-126.425394,1.585));
#1203 = LINE('',#1204,#1205);
#1204 = CARTESIAN_POINT('',(147.728352,-126.462019,1.585));
#1205 = VECTOR('',#1206,1.);
#1206 = DIRECTION('',(0.382692653653,0.923875712875,0.));
#1207 = ORIENTED_EDGE('',*,*,#1208,.T.);
#1208 = EDGE_CURVE('',#1201,#1165,#1209,.T.);
#1209 = LINE('',#1210,#1211);
#1210 = CARTESIAN_POINT('',(147.743523,-126.425394,1.585));
#1211 = VECTOR('',#1212,1.);
#1212 = DIRECTION('',(0.707106781187,0.707106781187,0.));
#1213 = PLANE('',#1214);
#1214 = AXIS2_PLACEMENT_3D('',#1215,#1216,#1217);
#1215 = CARTESIAN_POINT('',(0.,0.,1.585));
#1216 = DIRECTION('',(0.,0.,1.));
#1217 = DIRECTION('',(1.,0.,-0.));
#1218 = SHELL_BASED_SURFACE_MODEL('',(#1219));
#1219 = OPEN_SHELL('',(#1220));
#1220 = ADVANCED_FACE('',(#1221),#1273,.T.);
#1221 = FACE_BOUND('',#1222,.F.);
#1222 = EDGE_LOOP('',(#1223,#1234,#1242,#1251,#1259,#1267));
#1223 = ORIENTED_EDGE('',*,*,#1224,.T.);
#1224 = EDGE_CURVE('',#1225,#1227,#1229,.T.);
#1225 = VERTEX_POINT('',#1226);
#1226 = CARTESIAN_POINT('',(153.867554,-126.427843,1.585));
#1227 = VERTEX_POINT('',#1228);
#1228 = CARTESIAN_POINT('',(154.023648,-126.492499,1.585));
#1229 = CIRCLE('',#1230,0.101600299852);
#1230 = AXIS2_PLACEMENT_3D('',#1231,#1232,#1233);
#1231 = CARTESIAN_POINT('',(153.924,-126.5123206302,1.585));
#1232 = DIRECTION('',(0.,0.,-1.));
#1233 = DIRECTION('',(-0.555569226488,0.831470284845,0.));
#1234 = ORIENTED_EDGE('',*,*,#1235,.T.);
#1235 = EDGE_CURVE('',#1227,#1236,#1238,.T.);
#1236 = VERTEX_POINT('',#1237);
#1237 = CARTESIAN_POINT('',(154.023648,-128.543821,1.585));
#1238 = LINE('',#1239,#1240);
#1239 = CARTESIAN_POINT('',(154.023648,-126.492499,1.585));
#1240 = VECTOR('',#1241,1.);
#1241 = DIRECTION('',(0.,-1.,0.));
#1242 = ORIENTED_EDGE('',*,*,#1243,.T.);
#1243 = EDGE_CURVE('',#1236,#1244,#1246,.T.);
#1244 = VERTEX_POINT('',#1245);
#1245 = CARTESIAN_POINT('',(153.824352,-128.543821,1.585));
#1246 = CIRCLE('',#1247,0.101600176895);
#1247 = AXIS2_PLACEMENT_3D('',#1248,#1249,#1250);
#1248 = CARTESIAN_POINT('',(153.924,-128.524,1.585));
#1249 = DIRECTION('',(-0.,0.,-1.));
#1250 = DIRECTION('',(0.980785693941,-0.195088243012,-0.));
#1251 = ORIENTED_EDGE('',*,*,#1252,.T.);
#1252 = EDGE_CURVE('',#1244,#1253,#1255,.T.);
#1253 = VERTEX_POINT('',#1254);
#1254 = CARTESIAN_POINT('',(153.824352,-126.492499,1.585));
#1255 = LINE('',#1256,#1257);
#1256 = CARTESIAN_POINT('',(153.824352,-128.543821,1.585));
#1257 = VECTOR('',#1258,1.);
#1258 = DIRECTION('',(0.,1.,0.));
#1259 = ORIENTED_EDGE('',*,*,#1260,.T.);
#1260 = EDGE_CURVE('',#1253,#1261,#1263,.T.);
#1261 = VERTEX_POINT('',#1262);
#1262 = CARTESIAN_POINT('',(153.839523,-126.455874,1.585));
#1263 = LINE('',#1264,#1265);
#1264 = CARTESIAN_POINT('',(153.824352,-126.492499,1.585));
#1265 = VECTOR('',#1266,1.);
#1266 = DIRECTION('',(0.382692653653,0.923875712875,0.));
#1267 = ORIENTED_EDGE('',*,*,#1268,.T.);
#1268 = EDGE_CURVE('',#1261,#1225,#1269,.T.);
#1269 = LINE('',#1270,#1271);
#1270 = CARTESIAN_POINT('',(153.839523,-126.455874,1.585));
#1271 = VECTOR('',#1272,1.);
#1272 = DIRECTION('',(0.707106781187,0.707106781187,0.));
#1273 = PLANE('',#1274);
#1274 = AXIS2_PLACEMENT_3D('',#1275,#1276,#1277);
#1275 = CARTESIAN_POINT('',(0.,0.,1.585));
#1276 = DIRECTION('',(0.,0.,1.));
#1277 = DIRECTION('',(1.,0.,-0.));
#1278 = SHELL_BASED_SURFACE_MODEL('',(#1279));
#1279 = OPEN_SHELL('',(#1280));
#1280 = ADVANCED_FACE('',(#1281),#1367,.T.);
#1281 = FACE_BOUND('',#1282,.F.);
#1282 = EDGE_LOOP('',(#1283,#1294,#1302,#1311,#1319,#1327,#1335,#1344,
    #1352,#1361));
#1283 = ORIENTED_EDGE('',*,*,#1284,.T.);
#1284 = EDGE_CURVE('',#1285,#1287,#1289,.T.);
#1285 = VERTEX_POINT('',#1286);
#1286 = CARTESIAN_POINT('',(142.1206,-125.6844,1.585));
#1287 = VERTEX_POINT('',#1288);
#1288 = CARTESIAN_POINT('',(142.1806,-125.6244,1.585));
#1289 = CIRCLE('',#1290,5.999932016265E-02);
#1290 = AXIS2_PLACEMENT_3D('',#1291,#1292,#1293);
#1291 = CARTESIAN_POINT('',(142.18059932015,-125.6843993201,1.585));
#1292 = DIRECTION('',(0.,0.,-1.));
#1293 = DIRECTION('',(-0.999999999936,-1.133081517401E-05,-0.));
#1294 = ORIENTED_EDGE('',*,*,#1295,.T.);
#1295 = EDGE_CURVE('',#1287,#1296,#1298,.T.);
#1296 = VERTEX_POINT('',#1297);
#1297 = CARTESIAN_POINT('',(144.8656,-125.6244,1.585));
#1298 = LINE('',#1299,#1300);
#1299 = CARTESIAN_POINT('',(142.1806,-125.6244,1.585));
#1300 = VECTOR('',#1301,1.);
#1301 = DIRECTION('',(1.,0.,0.));
#1302 = ORIENTED_EDGE('',*,*,#1303,.T.);
#1303 = EDGE_CURVE('',#1296,#1304,#1306,.T.);
#1304 = VERTEX_POINT('',#1305);
#1305 = CARTESIAN_POINT('',(144.8656,-125.7444,1.585));
#1306 = CIRCLE('',#1307,6.000000000043E-02);
#1307 = AXIS2_PLACEMENT_3D('',#1308,#1309,#1310);
#1308 = CARTESIAN_POINT('',(144.86560022558,-125.6844,1.585));
#1309 = DIRECTION('',(0.,0.,-1.));
#1310 = DIRECTION('',(-3.759793779988E-06,0.999999999993,-0.));
#1311 = ORIENTED_EDGE('',*,*,#1312,.T.);
#1312 = EDGE_CURVE('',#1304,#1313,#1315,.T.);
#1313 = VERTEX_POINT('',#1314);
#1314 = CARTESIAN_POINT('',(142.2406,-125.7444,1.585));
#1315 = LINE('',#1316,#1317);
#1316 = CARTESIAN_POINT('',(144.8656,-125.7444,1.585));
#1317 = VECTOR('',#1318,1.);
#1318 = DIRECTION('',(-1.,0.,0.));
#1319 = ORIENTED_EDGE('',*,*,#1320,.T.);
#1320 = EDGE_CURVE('',#1313,#1321,#1323,.T.);
#1321 = VERTEX_POINT('',#1322);
#1322 = CARTESIAN_POINT('',(142.2406,-127.5444,1.585));
#1323 = LINE('',#1324,#1325);
#1324 = CARTESIAN_POINT('',(142.2406,-125.7444,1.585));
#1325 = VECTOR('',#1326,1.);
#1326 = DIRECTION('',(0.,-1.,0.));
#1327 = ORIENTED_EDGE('',*,*,#1328,.T.);
#1328 = EDGE_CURVE('',#1321,#1329,#1331,.T.);
#1329 = VERTEX_POINT('',#1330);
#1330 = CARTESIAN_POINT('',(144.8656,-127.5444,1.585));
#1331 = LINE('',#1332,#1333);
#1332 = CARTESIAN_POINT('',(142.2406,-127.5444,1.585));
#1333 = VECTOR('',#1334,1.);
#1334 = DIRECTION('',(1.,0.,0.));
#1335 = ORIENTED_EDGE('',*,*,#1336,.T.);
#1336 = EDGE_CURVE('',#1329,#1337,#1339,.T.);
#1337 = VERTEX_POINT('',#1338);
#1338 = CARTESIAN_POINT('',(144.8656,-127.6644,1.585));
#1339 = CIRCLE('',#1340,6.000000000043E-02);
#1340 = AXIS2_PLACEMENT_3D('',#1341,#1342,#1343);
#1341 = CARTESIAN_POINT('',(144.86560022558,-127.6044,1.585));
#1342 = DIRECTION('',(0.,0.,-1.));
#1343 = DIRECTION('',(-3.759793779989E-06,0.999999999993,-0.));
#1344 = ORIENTED_EDGE('',*,*,#1345,.T.);
#1345 = EDGE_CURVE('',#1337,#1346,#1348,.T.);
#1346 = VERTEX_POINT('',#1347);
#1347 = CARTESIAN_POINT('',(142.1806,-127.6644,1.585));
#1348 = LINE('',#1349,#1350);
#1349 = CARTESIAN_POINT('',(144.8656,-127.6644,1.585));
#1350 = VECTOR('',#1351,1.);
#1351 = DIRECTION('',(-1.,0.,0.));
#1352 = ORIENTED_EDGE('',*,*,#1353,.T.);
#1353 = EDGE_CURVE('',#1346,#1354,#1356,.T.);
#1354 = VERTEX_POINT('',#1355);
#1355 = CARTESIAN_POINT('',(142.1206,-127.6044,1.585));
#1356 = CIRCLE('',#1357,5.999932016257E-02);
#1357 = AXIS2_PLACEMENT_3D('',#1358,#1359,#1360);
#1358 = CARTESIAN_POINT('',(142.18059932015,-127.6044006798,1.585));
#1359 = DIRECTION('',(0.,0.,-1.));
#1360 = DIRECTION('',(1.133081659513E-05,-0.999999999936,0.));
#1361 = ORIENTED_EDGE('',*,*,#1362,.T.);
#1362 = EDGE_CURVE('',#1354,#1285,#1363,.T.);
#1363 = LINE('',#1364,#1365);
#1364 = CARTESIAN_POINT('',(142.1206,-127.6044,1.585));
#1365 = VECTOR('',#1366,1.);
#1366 = DIRECTION('',(0.,1.,0.));
#1367 = PLANE('',#1368);
#1368 = AXIS2_PLACEMENT_3D('',#1369,#1370,#1371);
#1369 = CARTESIAN_POINT('',(0.,0.,1.585));
#1370 = DIRECTION('',(0.,0.,1.));
#1371 = DIRECTION('',(1.,0.,-0.));
#1372 = SHELL_BASED_SURFACE_MODEL('',(#1373));
#1373 = OPEN_SHELL('',(#1374));
#1374 = ADVANCED_FACE('',(#1375,#1475),#1501,.T.);
#1375 = FACE_BOUND('',#1376,.F.);
#1376 = EDGE_LOOP('',(#1377,#1387,#1395,#1403,#1411,#1419,#1427,#1436,
    #1444,#1452,#1460,#1469));
#1377 = ORIENTED_EDGE('',*,*,#1378,.T.);
#1378 = EDGE_CURVE('',#1379,#1381,#1383,.T.);
#1379 = VERTEX_POINT('',#1380);
#1380 = CARTESIAN_POINT('',(162.733504,-126.637172,1.585));
#1381 = VERTEX_POINT('',#1382);
#1382 = CARTESIAN_POINT('',(162.770858,-126.599818,1.585));
#1383 = LINE('',#1384,#1385);
#1384 = CARTESIAN_POINT('',(162.733504,-126.637172,1.585));
#1385 = VECTOR('',#1386,1.);
#1386 = DIRECTION('',(0.707106781186,0.707106781187,0.));
#1387 = ORIENTED_EDGE('',*,*,#1388,.T.);
#1388 = EDGE_CURVE('',#1381,#1389,#1391,.T.);
#1389 = VERTEX_POINT('',#1390);
#1390 = CARTESIAN_POINT('',(162.807874,-126.58748,1.585));
#1391 = LINE('',#1392,#1393);
#1392 = CARTESIAN_POINT('',(162.770858,-126.599818,1.585));
#1393 = VECTOR('',#1394,1.);
#1394 = DIRECTION('',(0.948688423755,0.316212388488,0.));
#1395 = ORIENTED_EDGE('',*,*,#1396,.T.);
#1396 = EDGE_CURVE('',#1389,#1397,#1399,.T.);
#1397 = VERTEX_POINT('',#1398);
#1398 = CARTESIAN_POINT('',(162.839666,-126.589739,1.585));
#1399 = LINE('',#1400,#1401);
#1400 = CARTESIAN_POINT('',(162.807874,-126.58748,1.585));
#1401 = VECTOR('',#1402,1.);
#1402 = DIRECTION('',(0.997485069267,-7.087691153342E-02,0.));
#1403 = ORIENTED_EDGE('',*,*,#1404,.T.);
#1404 = EDGE_CURVE('',#1397,#1405,#1407,.T.);
#1405 = VERTEX_POINT('',#1406);
#1406 = CARTESIAN_POINT('',(162.881693,-126.607696,1.585));
#1407 = LINE('',#1408,#1409);
#1408 = CARTESIAN_POINT('',(162.839666,-126.589739,1.585));
#1409 = VECTOR('',#1410,1.);
#1410 = DIRECTION('',(0.919576807315,-0.392910289313,0.));
#1411 = ORIENTED_EDGE('',*,*,#1412,.T.);
#1412 = EDGE_CURVE('',#1405,#1413,#1415,.T.);
#1413 = VERTEX_POINT('',#1414);
#1414 = CARTESIAN_POINT('',(162.907258,-126.637172,1.585));
#1415 = LINE('',#1416,#1417);
#1416 = CARTESIAN_POINT('',(162.881693,-126.607696,1.585));
#1417 = VECTOR('',#1418,1.);
#1418 = DIRECTION('',(0.65521052825,-0.755446334077,0.));
#1419 = ORIENTED_EDGE('',*,*,#1420,.T.);
#1420 = EDGE_CURVE('',#1413,#1421,#1423,.T.);
#1421 = VERTEX_POINT('',#1422);
#1422 = CARTESIAN_POINT('',(163.186262,-127.474188,1.585));
#1423 = LINE('',#1424,#1425);
#1424 = CARTESIAN_POINT('',(162.907258,-126.637172,1.585));
#1425 = VECTOR('',#1426,1.);
#1426 = DIRECTION('',(0.316226405922,-0.948683751414,0.));
#1427 = ORIENTED_EDGE('',*,*,#1428,.T.);
#1428 = EDGE_CURVE('',#1421,#1429,#1431,.T.);
#1429 = VERTEX_POINT('',#1430);
#1430 = CARTESIAN_POINT('',(163.00017,-127.536218,1.585));
#1431 = CIRCLE('',#1432,0.100000380865);
#1432 = AXIS2_PLACEMENT_3D('',#1433,#1434,#1435);
#1433 = CARTESIAN_POINT('',(163.08704687956,-127.4866954397,1.585));
#1434 = DIRECTION('',(0.,0.,-1.));
#1435 = DIRECTION('',(0.992147425624,0.125073921452,0.));
#1436 = ORIENTED_EDGE('',*,*,#1437,.T.);
#1437 = EDGE_CURVE('',#1429,#1438,#1440,.T.);
#1438 = VERTEX_POINT('',#1439);
#1439 = CARTESIAN_POINT('',(162.938781,-127.358123,1.585));
#1440 = LINE('',#1441,#1442);
#1441 = CARTESIAN_POINT('',(163.00017,-127.536218,1.585));
#1442 = VECTOR('',#1443,1.);
#1443 = DIRECTION('',(-0.32588123428,0.945410715586,0.));
#1444 = ORIENTED_EDGE('',*,*,#1445,.T.);
#1445 = EDGE_CURVE('',#1438,#1446,#1448,.T.);
#1446 = VERTEX_POINT('',#1447);
#1447 = CARTESIAN_POINT('',(162.70198,-127.358123,1.585));
#1448 = LINE('',#1449,#1450);
#1449 = CARTESIAN_POINT('',(162.938781,-127.358123,1.585));
#1450 = VECTOR('',#1451,1.);
#1451 = DIRECTION('',(-1.,0.,0.));
#1452 = ORIENTED_EDGE('',*,*,#1453,.T.);
#1453 = EDGE_CURVE('',#1446,#1454,#1456,.T.);
#1454 = VERTEX_POINT('',#1455);
#1455 = CARTESIAN_POINT('',(162.640591,-127.536218,1.585));
#1456 = LINE('',#1457,#1458);
#1457 = CARTESIAN_POINT('',(162.70198,-127.358123,1.585));
#1458 = VECTOR('',#1459,1.);
#1459 = DIRECTION('',(-0.32588123428,-0.945410715586,0.));
#1460 = ORIENTED_EDGE('',*,*,#1461,.T.);
#1461 = EDGE_CURVE('',#1454,#1462,#1464,.T.);
#1462 = VERTEX_POINT('',#1463);
#1463 = CARTESIAN_POINT('',(162.454499,-127.474188,1.585));
#1464 = CIRCLE('',#1465,0.100000528794);
#1465 = AXIS2_PLACEMENT_3D('',#1466,#1467,#1468);
#1466 = CARTESIAN_POINT('',(162.55371436021,-127.4866947204,1.585));
#1467 = DIRECTION('',(-0.,0.,-1.));
#1468 = DIRECTION('',(0.868761803875,-0.495230176916,-0.));
#1469 = ORIENTED_EDGE('',*,*,#1470,.T.);
#1470 = EDGE_CURVE('',#1462,#1379,#1471,.T.);
#1471 = LINE('',#1472,#1473);
#1472 = CARTESIAN_POINT('',(162.454499,-127.474188,1.585));
#1473 = VECTOR('',#1474,1.);
#1474 = DIRECTION('',(0.316227425993,0.948683411392,0.));
#1475 = FACE_BOUND('',#1476,.F.);
#1476 = EDGE_LOOP('',(#1477,#1487,#1495));
#1477 = ORIENTED_EDGE('',*,*,#1478,.T.);
#1478 = EDGE_CURVE('',#1479,#1481,#1483,.T.);
#1479 = VERTEX_POINT('',#1480);
#1480 = CARTESIAN_POINT('',(162.768647,-127.158123,1.585));
#1481 = VERTEX_POINT('',#1482);
#1482 = CARTESIAN_POINT('',(162.872114,-127.158123,1.585));
#1483 = LINE('',#1484,#1485);
#1484 = CARTESIAN_POINT('',(162.768647,-127.158123,1.585));
#1485 = VECTOR('',#1486,1.);
#1486 = DIRECTION('',(1.,0.,0.));
#1487 = ORIENTED_EDGE('',*,*,#1488,.T.);
#1488 = EDGE_CURVE('',#1481,#1489,#1491,.T.);
#1489 = VERTEX_POINT('',#1490);
#1490 = CARTESIAN_POINT('',(162.82038,-127.002922,1.585));
#1491 = LINE('',#1492,#1493);
#1492 = CARTESIAN_POINT('',(162.872114,-127.158123,1.585));
#1493 = VECTOR('',#1494,1.);
#1494 = DIRECTION('',(-0.316229599798,0.948682686788,0.));
#1495 = ORIENTED_EDGE('',*,*,#1496,.T.);
#1496 = EDGE_CURVE('',#1489,#1479,#1497,.T.);
#1497 = LINE('',#1498,#1499);
#1498 = CARTESIAN_POINT('',(162.82038,-127.002922,1.585));
#1499 = VECTOR('',#1500,1.);
#1500 = DIRECTION('',(-0.316224098443,-0.948684520567,0.));
#1501 = PLANE('',#1502);
#1502 = AXIS2_PLACEMENT_3D('',#1503,#1504,#1505);
#1503 = CARTESIAN_POINT('',(0.,0.,1.585));
#1504 = DIRECTION('',(0.,0.,1.));
#1505 = DIRECTION('',(1.,0.,-0.));
#1506 = SHELL_BASED_SURFACE_MODEL('',(#1507));
#1507 = OPEN_SHELL('',(#1508));
#1508 = ADVANCED_FACE('',(#1509,#1609),#1635,.T.);
#1509 = FACE_BOUND('',#1510,.F.);
#1510 = EDGE_LOOP('',(#1511,#1521,#1529,#1537,#1545,#1553,#1561,#1570,
    #1578,#1586,#1594,#1603));
#1511 = ORIENTED_EDGE('',*,*,#1512,.T.);
#1512 = EDGE_CURVE('',#1513,#1515,#1517,.T.);
#1513 = VERTEX_POINT('',#1514);
#1514 = CARTESIAN_POINT('',(164.028742,-126.637172,1.585));
#1515 = VERTEX_POINT('',#1516);
#1516 = CARTESIAN_POINT('',(164.066096,-126.599818,1.585));
#1517 = LINE('',#1518,#1519);
#1518 = CARTESIAN_POINT('',(164.028742,-126.637172,1.585));
#1519 = VECTOR('',#1520,1.);
#1520 = DIRECTION('',(0.707106781186,0.707106781187,0.));
#1521 = ORIENTED_EDGE('',*,*,#1522,.T.);
#1522 = EDGE_CURVE('',#1515,#1523,#1525,.T.);
#1523 = VERTEX_POINT('',#1524);
#1524 = CARTESIAN_POINT('',(164.103112,-126.58748,1.585));
#1525 = LINE('',#1526,#1527);
#1526 = CARTESIAN_POINT('',(164.066096,-126.599818,1.585));
#1527 = VECTOR('',#1528,1.);
#1528 = DIRECTION('',(0.948688423755,0.316212388488,0.));
#1529 = ORIENTED_EDGE('',*,*,#1530,.T.);
#1530 = EDGE_CURVE('',#1523,#1531,#1533,.T.);
#1531 = VERTEX_POINT('',#1532);
#1532 = CARTESIAN_POINT('',(164.134904,-126.589739,1.585));
#1533 = LINE('',#1534,#1535);
#1534 = CARTESIAN_POINT('',(164.103112,-126.58748,1.585));
#1535 = VECTOR('',#1536,1.);
#1536 = DIRECTION('',(0.997485069267,-7.087691153342E-02,0.));
#1537 = ORIENTED_EDGE('',*,*,#1538,.T.);
#1538 = EDGE_CURVE('',#1531,#1539,#1541,.T.);
#1539 = VERTEX_POINT('',#1540);
#1540 = CARTESIAN_POINT('',(164.176931,-126.607696,1.585));
#1541 = LINE('',#1542,#1543);
#1542 = CARTESIAN_POINT('',(164.134904,-126.589739,1.585));
#1543 = VECTOR('',#1544,1.);
#1544 = DIRECTION('',(0.919576807315,-0.392910289313,0.));
#1545 = ORIENTED_EDGE('',*,*,#1546,.T.);
#1546 = EDGE_CURVE('',#1539,#1547,#1549,.T.);
#1547 = VERTEX_POINT('',#1548);
#1548 = CARTESIAN_POINT('',(164.202496,-126.637172,1.585));
#1549 = LINE('',#1550,#1551);
#1550 = CARTESIAN_POINT('',(164.176931,-126.607696,1.585));
#1551 = VECTOR('',#1552,1.);
#1552 = DIRECTION('',(0.65521052825,-0.755446334077,0.));
#1553 = ORIENTED_EDGE('',*,*,#1554,.T.);
#1554 = EDGE_CURVE('',#1547,#1555,#1557,.T.);
#1555 = VERTEX_POINT('',#1556);
#1556 = CARTESIAN_POINT('',(164.4815,-127.474188,1.585));
#1557 = LINE('',#1558,#1559);
#1558 = CARTESIAN_POINT('',(164.202496,-126.637172,1.585));
#1559 = VECTOR('',#1560,1.);
#1560 = DIRECTION('',(0.316226405922,-0.948683751414,0.));
#1561 = ORIENTED_EDGE('',*,*,#1562,.T.);
#1562 = EDGE_CURVE('',#1555,#1563,#1565,.T.);
#1563 = VERTEX_POINT('',#1564);
#1564 = CARTESIAN_POINT('',(164.295408,-127.536218,1.585));
#1565 = CIRCLE('',#1566,0.100000380865);
#1566 = AXIS2_PLACEMENT_3D('',#1567,#1568,#1569);
#1567 = CARTESIAN_POINT('',(164.38228487956,-127.4866954397,1.585));
#1568 = DIRECTION('',(0.,0.,-1.));
#1569 = DIRECTION('',(0.992147425624,0.125073921452,0.));
#1570 = ORIENTED_EDGE('',*,*,#1571,.T.);
#1571 = EDGE_CURVE('',#1563,#1572,#1574,.T.);
#1572 = VERTEX_POINT('',#1573);
#1573 = CARTESIAN_POINT('',(164.234019,-127.358123,1.585));
#1574 = LINE('',#1575,#1576);
#1575 = CARTESIAN_POINT('',(164.295408,-127.536218,1.585));
#1576 = VECTOR('',#1577,1.);
#1577 = DIRECTION('',(-0.32588123428,0.945410715586,0.));
#1578 = ORIENTED_EDGE('',*,*,#1579,.T.);
#1579 = EDGE_CURVE('',#1572,#1580,#1582,.T.);
#1580 = VERTEX_POINT('',#1581);
#1581 = CARTESIAN_POINT('',(163.997218,-127.358123,1.585));
#1582 = LINE('',#1583,#1584);
#1583 = CARTESIAN_POINT('',(164.234019,-127.358123,1.585));
#1584 = VECTOR('',#1585,1.);
#1585 = DIRECTION('',(-1.,0.,0.));
#1586 = ORIENTED_EDGE('',*,*,#1587,.T.);
#1587 = EDGE_CURVE('',#1580,#1588,#1590,.T.);
#1588 = VERTEX_POINT('',#1589);
#1589 = CARTESIAN_POINT('',(163.935829,-127.536218,1.585));
#1590 = LINE('',#1591,#1592);
#1591 = CARTESIAN_POINT('',(163.997218,-127.358123,1.585));
#1592 = VECTOR('',#1593,1.);
#1593 = DIRECTION('',(-0.32588123428,-0.945410715586,0.));
#1594 = ORIENTED_EDGE('',*,*,#1595,.T.);
#1595 = EDGE_CURVE('',#1588,#1596,#1598,.T.);
#1596 = VERTEX_POINT('',#1597);
#1597 = CARTESIAN_POINT('',(163.749737,-127.474188,1.585));
#1598 = CIRCLE('',#1599,0.100000528794);
#1599 = AXIS2_PLACEMENT_3D('',#1600,#1601,#1602);
#1600 = CARTESIAN_POINT('',(163.84895236021,-127.4866947204,1.585));
#1601 = DIRECTION('',(-0.,0.,-1.));
#1602 = DIRECTION('',(0.868761803874,-0.495230176917,-0.));
#1603 = ORIENTED_EDGE('',*,*,#1604,.T.);
#1604 = EDGE_CURVE('',#1596,#1513,#1605,.T.);
#1605 = LINE('',#1606,#1607);
#1606 = CARTESIAN_POINT('',(163.749737,-127.474188,1.585));
#1607 = VECTOR('',#1608,1.);
#1608 = DIRECTION('',(0.316227425993,0.948683411392,0.));
#1609 = FACE_BOUND('',#1610,.F.);
#1610 = EDGE_LOOP('',(#1611,#1621,#1629));
#1611 = ORIENTED_EDGE('',*,*,#1612,.T.);
#1612 = EDGE_CURVE('',#1613,#1615,#1617,.T.);
#1613 = VERTEX_POINT('',#1614);
#1614 = CARTESIAN_POINT('',(164.063885,-127.158123,1.585));
#1615 = VERTEX_POINT('',#1616);
#1616 = CARTESIAN_POINT('',(164.167352,-127.158123,1.585));
#1617 = LINE('',#1618,#1619);
#1618 = CARTESIAN_POINT('',(164.063885,-127.158123,1.585));
#1619 = VECTOR('',#1620,1.);
#1620 = DIRECTION('',(1.,0.,0.));
#1621 = ORIENTED_EDGE('',*,*,#1622,.T.);
#1622 = EDGE_CURVE('',#1615,#1623,#1625,.T.);
#1623 = VERTEX_POINT('',#1624);
#1624 = CARTESIAN_POINT('',(164.115618,-127.002922,1.585));
#1625 = LINE('',#1626,#1627);
#1626 = CARTESIAN_POINT('',(164.167352,-127.158123,1.585));
#1627 = VECTOR('',#1628,1.);
#1628 = DIRECTION('',(-0.316229599798,0.948682686788,0.));
#1629 = ORIENTED_EDGE('',*,*,#1630,.T.);
#1630 = EDGE_CURVE('',#1623,#1613,#1631,.T.);
#1631 = LINE('',#1632,#1633);
#1632 = CARTESIAN_POINT('',(164.115618,-127.002922,1.585));
#1633 = VECTOR('',#1634,1.);
#1634 = DIRECTION('',(-0.316224098443,-0.948684520567,0.));
#1635 = PLANE('',#1636);
#1636 = AXIS2_PLACEMENT_3D('',#1637,#1638,#1639);
#1637 = CARTESIAN_POINT('',(0.,0.,1.585));
#1638 = DIRECTION('',(0.,0.,1.));
#1639 = DIRECTION('',(1.,0.,-0.));
#1640 = SHELL_BASED_SURFACE_MODEL('',(#1641));
#1641 = OPEN_SHELL('',(#1642));
#1642 = ADVANCED_FACE('',(#1643),#1935,.T.);
#1643 = FACE_BOUND('',#1644,.F.);
#1644 = EDGE_LOOP('',(#1645,#1656,#1664,#1672,#1680,#1688,#1697,#1705,
    #1713,#1721,#1729,#1738,#1746,#1755,#1763,#1772,#1780,#1789,#1797,
    #1806,#1814,#1822,#1830,#1839,#1847,#1855,#1863,#1871,#1879,#1887,
    #1896,#1904,#1913,#1921,#1929));
#1645 = ORIENTED_EDGE('',*,*,#1646,.T.);
#1646 = EDGE_CURVE('',#1647,#1649,#1651,.T.);
#1647 = VERTEX_POINT('',#1648);
#1648 = CARTESIAN_POINT('',(165.813354,-126.607695,1.585));
#1649 = VERTEX_POINT('',#1650);
#1650 = CARTESIAN_POINT('',(165.970462,-126.658977,1.585));
#1651 = CIRCLE('',#1652,9.963416781549E-02);
#1652 = AXIS2_PLACEMENT_3D('',#1653,#1654,#1655);
#1653 = CARTESIAN_POINT('',(165.87463462638,-126.6862548639,1.585));
#1654 = DIRECTION('',(0.,0.,-1.));
#1655 = DIRECTION('',(-0.615056337893,0.788483164828,0.));
#1656 = ORIENTED_EDGE('',*,*,#1657,.T.);
#1657 = EDGE_CURVE('',#1649,#1658,#1660,.T.);
#1658 = VERTEX_POINT('',#1659);
#1659 = CARTESIAN_POINT('',(165.981995,-126.631138,1.585));
#1660 = LINE('',#1661,#1662);
#1661 = CARTESIAN_POINT('',(165.970462,-126.658977,1.585));
#1662 = VECTOR('',#1663,1.);
#1663 = DIRECTION('',(0.382731830442,0.923859483886,0.));
#1664 = ORIENTED_EDGE('',*,*,#1665,.T.);
#1665 = EDGE_CURVE('',#1658,#1666,#1668,.T.);
#1666 = VERTEX_POINT('',#1667);
#1667 = CARTESIAN_POINT('',(166.009585,-126.603548,1.585));
#1668 = LINE('',#1669,#1670);
#1669 = CARTESIAN_POINT('',(165.981995,-126.631138,1.585));
#1670 = VECTOR('',#1671,1.);
#1671 = DIRECTION('',(0.707106781186,0.707106781187,0.));
#1672 = ORIENTED_EDGE('',*,*,#1673,.T.);
#1673 = EDGE_CURVE('',#1666,#1674,#1676,.T.);
#1674 = VERTEX_POINT('',#1675);
#1675 = CARTESIAN_POINT('',(166.045633,-126.588616,1.585));
#1676 = LINE('',#1677,#1678);
#1677 = CARTESIAN_POINT('',(166.009585,-126.603548,1.585));
#1678 = VECTOR('',#1679,1.);
#1679 = DIRECTION('',(0.923875640631,0.38269282806,0.));
#1680 = ORIENTED_EDGE('',*,*,#1681,.T.);
#1681 = EDGE_CURVE('',#1674,#1682,#1684,.T.);
#1682 = VERTEX_POINT('',#1683);
#1683 = CARTESIAN_POINT('',(166.570697,-126.58771,1.585));
#1684 = LINE('',#1685,#1686);
#1685 = CARTESIAN_POINT('',(166.045633,-126.588616,1.585));
#1686 = VECTOR('',#1687,1.);
#1687 = DIRECTION('',(0.999998511321,1.725501369848E-03,0.));
#1688 = ORIENTED_EDGE('',*,*,#1689,.T.);
#1689 = EDGE_CURVE('',#1682,#1690,#1692,.T.);
#1690 = VERTEX_POINT('',#1691);
#1691 = CARTESIAN_POINT('',(166.658459,-126.706204,1.585));
#1692 = CIRCLE('',#1693,9.930018425996E-02);
#1693 = AXIS2_PLACEMENT_3D('',#1694,#1695,#1696);
#1694 = CARTESIAN_POINT('',(166.56112373341,-126.6865476404,1.585));
#1695 = DIRECTION('',(0.,0.,-1.));
#1696 = DIRECTION('',(9.640733960667E-02,0.995341963784,0.));
#1697 = ORIENTED_EDGE('',*,*,#1698,.T.);
#1698 = EDGE_CURVE('',#1690,#1699,#1701,.T.);
#1699 = VERTEX_POINT('',#1700);
#1700 = CARTESIAN_POINT('',(166.641667,-126.744111,1.585));
#1701 = LINE('',#1702,#1703);
#1702 = CARTESIAN_POINT('',(166.658459,-126.706204,1.585));
#1703 = VECTOR('',#1704,1.);
#1704 = DIRECTION('',(-0.405019203101,-0.914308178417,0.));
#1705 = ORIENTED_EDGE('',*,*,#1706,.T.);
#1706 = EDGE_CURVE('',#1699,#1707,#1709,.T.);
#1707 = VERTEX_POINT('',#1708);
#1708 = CARTESIAN_POINT('',(166.488986,-126.920147,1.585));
#1709 = LINE('',#1710,#1711);
#1710 = CARTESIAN_POINT('',(166.641667,-126.744111,1.585));
#1711 = VECTOR('',#1712,1.);
#1712 = DIRECTION('',(-0.655215913663,-0.75544166319,0.));
#1713 = ORIENTED_EDGE('',*,*,#1714,.T.);
#1714 = EDGE_CURVE('',#1707,#1715,#1717,.T.);
#1715 = VERTEX_POINT('',#1716);
#1716 = CARTESIAN_POINT('',(166.547231,-126.952546,1.585));
#1717 = LINE('',#1718,#1719);
#1718 = CARTESIAN_POINT('',(166.488986,-126.920147,1.585));
#1719 = VECTOR('',#1720,1.);
#1720 = DIRECTION('',(0.87389812338,-0.486109113218,0.));
#1721 = ORIENTED_EDGE('',*,*,#1722,.T.);
#1722 = EDGE_CURVE('',#1715,#1723,#1725,.T.);
#1723 = VERTEX_POINT('',#1724);
#1724 = CARTESIAN_POINT('',(166.606443,-127.01453,1.585));
#1725 = LINE('',#1726,#1727);
#1726 = CARTESIAN_POINT('',(166.547231,-126.952546,1.585));
#1727 = VECTOR('',#1728,1.);
#1728 = DIRECTION('',(0.690753151872,-0.723090646585,0.));
#1729 = ORIENTED_EDGE('',*,*,#1730,.T.);
#1730 = EDGE_CURVE('',#1723,#1731,#1733,.T.);
#1731 = VERTEX_POINT('',#1732);
#1732 = CARTESIAN_POINT('',(166.605433,-127.46606,1.585));
#1733 = CIRCLE('',#1734,0.401979724053);
#1734 = AXIS2_PLACEMENT_3D('',#1735,#1736,#1737);
#1735 = CARTESIAN_POINT('',(166.27334657672,-127.2395510464,1.585));
#1736 = DIRECTION('',(0.,0.,-1.));
#1737 = DIRECTION('',(0.828639862508,0.559782081048,0.));
#1738 = ORIENTED_EDGE('',*,*,#1739,.T.);
#1739 = EDGE_CURVE('',#1731,#1740,#1742,.T.);
#1740 = VERTEX_POINT('',#1741);
#1741 = CARTESIAN_POINT('',(166.537306,-127.532758,1.585));
#1742 = LINE('',#1743,#1744);
#1743 = CARTESIAN_POINT('',(166.605433,-127.46606,1.585));
#1744 = VECTOR('',#1745,1.);
#1745 = DIRECTION('',(-0.71456121782,-0.699572916849,0.));
#1746 = ORIENTED_EDGE('',*,*,#1747,.T.);
#1747 = EDGE_CURVE('',#1740,#1748,#1750,.T.);
#1748 = VERTEX_POINT('',#1749);
#1749 = CARTESIAN_POINT('',(166.047678,-127.531746,1.585));
#1750 = CIRCLE('',#1751,0.445949892396);
#1751 = AXIS2_PLACEMENT_3D('',#1752,#1753,#1754);
#1752 = CARTESIAN_POINT('',(166.29326241111,-127.1595100485,1.585));
#1753 = DIRECTION('',(-0.,0.,-1.));
#1754 = DIRECTION('',(0.547244417015,-0.836972847855,-0.));
#1755 = ORIENTED_EDGE('',*,*,#1756,.T.);
#1756 = EDGE_CURVE('',#1748,#1757,#1759,.T.);
#1757 = VERTEX_POINT('',#1758);
#1758 = CARTESIAN_POINT('',(165.981994,-127.46606,1.585));
#1759 = LINE('',#1760,#1761);
#1760 = CARTESIAN_POINT('',(166.047678,-127.531746,1.585));
#1761 = VECTOR('',#1762,1.);
#1762 = DIRECTION('',(-0.707096015987,0.707117546223,0.));
#1763 = ORIENTED_EDGE('',*,*,#1764,.T.);
#1764 = EDGE_CURVE('',#1757,#1765,#1767,.T.);
#1765 = VERTEX_POINT('',#1766);
#1766 = CARTESIAN_POINT('',(166.1207,-127.327357,1.585));
#1767 = CIRCLE('',#1768,0.100000393404);
#1768 = AXIS2_PLACEMENT_3D('',#1769,#1770,#1771);
#1769 = CARTESIAN_POINT('',(166.06514194993,-127.4105037483,1.585));
#1770 = DIRECTION('',(0.,0.,-1.));
#1771 = DIRECTION('',(-0.831476228315,-0.555560331329,-0.));
#1772 = ORIENTED_EDGE('',*,*,#1773,.T.);
#1773 = EDGE_CURVE('',#1765,#1774,#1776,.T.);
#1774 = VERTEX_POINT('',#1775);
#1775 = CARTESIAN_POINT('',(166.162473,-127.366414,1.585));
#1776 = LINE('',#1777,#1778);
#1777 = CARTESIAN_POINT('',(166.1207,-127.327357,1.585));
#1778 = VECTOR('',#1779,1.);
#1779 = DIRECTION('',(0.730454304293,-0.682961572374,0.));
#1780 = ORIENTED_EDGE('',*,*,#1781,.T.);
#1781 = EDGE_CURVE('',#1774,#1782,#1784,.T.);
#1782 = VERTEX_POINT('',#1783);
#1783 = CARTESIAN_POINT('',(166.424952,-127.366415,1.585));
#1784 = CIRCLE('',#1785,0.249146518285);
#1785 = AXIS2_PLACEMENT_3D('',#1786,#1787,#1788);
#1786 = CARTESIAN_POINT('',(166.29371330684,-127.1546358863,1.585));
#1787 = DIRECTION('',(0.,0.,1.));
#1788 = DIRECTION('',(-0.526759545923,-0.850014341514,0.));
#1789 = ORIENTED_EDGE('',*,*,#1790,.T.);
#1790 = EDGE_CURVE('',#1782,#1791,#1793,.T.);
#1791 = VERTEX_POINT('',#1792);
#1792 = CARTESIAN_POINT('',(166.440099,-127.351267,1.585));
#1793 = LINE('',#1794,#1795);
#1794 = CARTESIAN_POINT('',(166.424952,-127.366415,1.585));
#1795 = VECTOR('',#1796,1.);
#1796 = DIRECTION('',(0.707083440093,0.70713012151,0.));
#1797 = ORIENTED_EDGE('',*,*,#1798,.T.);
#1798 = EDGE_CURVE('',#1791,#1799,#1801,.T.);
#1799 = VERTEX_POINT('',#1800);
#1800 = CARTESIAN_POINT('',(166.440099,-127.126882,1.585));
#1801 = CIRCLE('',#1802,0.206761490999);
#1802 = AXIS2_PLACEMENT_3D('',#1803,#1804,#1805);
#1803 = CARTESIAN_POINT('',(166.2664235639,-127.2390745,1.585));
#1804 = DIRECTION('',(0.,-0.,1.));
#1805 = DIRECTION('',(0.839979607706,-0.542617967485,-0.));
#1806 = ORIENTED_EDGE('',*,*,#1807,.T.);
#1807 = EDGE_CURVE('',#1799,#1808,#1810,.T.);
#1808 = VERTEX_POINT('',#1809);
#1809 = CARTESIAN_POINT('',(166.424953,-127.111737,1.585));
#1810 = LINE('',#1811,#1812);
#1811 = CARTESIAN_POINT('',(166.440099,-127.126882,1.585));
#1812 = VECTOR('',#1813,1.);
#1813 = DIRECTION('',(-0.707130124593,0.707083437009,0.));
#1814 = ORIENTED_EDGE('',*,*,#1815,.T.);
#1815 = EDGE_CURVE('',#1808,#1816,#1818,.T.);
#1816 = VERTEX_POINT('',#1817);
#1817 = CARTESIAN_POINT('',(166.384392,-127.091457,1.585));
#1818 = LINE('',#1819,#1820);
#1819 = CARTESIAN_POINT('',(166.424953,-127.111737,1.585));
#1820 = VECTOR('',#1821,1.);
#1821 = DIRECTION('',(-0.89443160126,0.447204774871,0.));
#1822 = ORIENTED_EDGE('',*,*,#1823,.T.);
#1823 = EDGE_CURVE('',#1816,#1824,#1826,.T.);
#1824 = VERTEX_POINT('',#1825);
#1825 = CARTESIAN_POINT('',(166.274205,-127.089536,1.585));
#1826 = LINE('',#1827,#1828);
#1827 = CARTESIAN_POINT('',(166.384392,-127.091457,1.585));
#1828 = VECTOR('',#1829,1.);
#1829 = DIRECTION('',(-0.999848062482,1.743134968769E-02,0.));
#1830 = ORIENTED_EDGE('',*,*,#1831,.T.);
#1831 = EDGE_CURVE('',#1824,#1832,#1834,.T.);
#1832 = VERTEX_POINT('',#1833);
#1833 = CARTESIAN_POINT('',(166.212426,-126.93404,1.585));
#1834 = CIRCLE('',#1835,9.953597378732E-02);
#1835 = AXIS2_PLACEMENT_3D('',#1836,#1837,#1838);
#1836 = CARTESIAN_POINT('',(166.29343517827,-126.9918753102,1.585));
#1837 = DIRECTION('',(0.,0.,-1.));
#1838 = DIRECTION('',(-0.193198273414,-0.981159735797,-0.));
#1839 = ORIENTED_EDGE('',*,*,#1840,.T.);
#1840 = EDGE_CURVE('',#1832,#1841,#1843,.T.);
#1841 = VERTEX_POINT('',#1842);
#1842 = CARTESIAN_POINT('',(166.340004,-126.786695,1.585));
#1843 = LINE('',#1844,#1845);
#1844 = CARTESIAN_POINT('',(166.212426,-126.93404,1.585));
#1845 = VECTOR('',#1846,1.);
#1846 = DIRECTION('',(0.654575933958,0.755996261025,0.));
#1847 = ORIENTED_EDGE('',*,*,#1848,.T.);
#1848 = EDGE_CURVE('',#1841,#1849,#1851,.T.);
#1849 = VERTEX_POINT('',#1850);
#1850 = CARTESIAN_POINT('',(166.045633,-126.784774,1.585));
#1851 = LINE('',#1852,#1853);
#1852 = CARTESIAN_POINT('',(166.340004,-126.786695,1.585));
#1853 = VECTOR('',#1854,1.);
#1854 = DIRECTION('',(-0.999978707786,6.525639745944E-03,0.));
#1855 = ORIENTED_EDGE('',*,*,#1856,.T.);
#1856 = EDGE_CURVE('',#1849,#1857,#1859,.T.);
#1857 = VERTEX_POINT('',#1858);
#1858 = CARTESIAN_POINT('',(166.009585,-126.769842,1.585));
#1859 = LINE('',#1860,#1861);
#1860 = CARTESIAN_POINT('',(166.045633,-126.784774,1.585));
#1861 = VECTOR('',#1862,1.);
#1862 = DIRECTION('',(-0.923875640631,0.38269282806,0.));
#1863 = ORIENTED_EDGE('',*,*,#1864,.T.);
#1864 = EDGE_CURVE('',#1857,#1865,#1867,.T.);
#1865 = VERTEX_POINT('',#1866);
#1866 = CARTESIAN_POINT('',(165.981995,-126.742252,1.585));
#1867 = LINE('',#1868,#1869);
#1868 = CARTESIAN_POINT('',(166.009585,-126.769842,1.585));
#1869 = VECTOR('',#1870,1.);
#1870 = DIRECTION('',(-0.707106781186,0.707106781187,0.));
#1871 = ORIENTED_EDGE('',*,*,#1872,.T.);
#1872 = EDGE_CURVE('',#1865,#1873,#1875,.T.);
#1873 = VERTEX_POINT('',#1874);
#1874 = CARTESIAN_POINT('',(165.970436,-126.714348,1.585));
#1875 = LINE('',#1876,#1877);
#1876 = CARTESIAN_POINT('',(165.981995,-126.742252,1.585));
#1877 = VECTOR('',#1878,1.);
#1878 = DIRECTION('',(-0.382705609605,0.923870346086,0.));
#1879 = ORIENTED_EDGE('',*,*,#1880,.T.);
#1880 = EDGE_CURVE('',#1873,#1881,#1883,.T.);
#1881 = VERTEX_POINT('',#1882);
#1882 = CARTESIAN_POINT('',(165.694877,-127.536218,1.585));
#1883 = LINE('',#1884,#1885);
#1884 = CARTESIAN_POINT('',(165.970436,-126.714348,1.585));
#1885 = VECTOR('',#1886,1.);
#1886 = DIRECTION('',(-0.317890918034,-0.948127293264,0.));
#1887 = ORIENTED_EDGE('',*,*,#1888,.T.);
#1888 = EDGE_CURVE('',#1881,#1889,#1891,.T.);
#1889 = VERTEX_POINT('',#1890);
#1890 = CARTESIAN_POINT('',(165.521123,-127.536218,1.585));
#1891 = CIRCLE('',#1892,0.100001198518);
#1892 = AXIS2_PLACEMENT_3D('',#1893,#1894,#1895);
#1893 = CARTESIAN_POINT('',(165.608,-127.486694,1.585));
#1894 = DIRECTION('',(-0.,0.,-1.));
#1895 = DIRECTION('',(0.868759587762,-0.495234064532,-0.));
#1896 = ORIENTED_EDGE('',*,*,#1897,.T.);
#1897 = EDGE_CURVE('',#1889,#1898,#1900,.T.);
#1898 = VERTEX_POINT('',#1899);
#1899 = CARTESIAN_POINT('',(165.242118,-126.699202,1.585));
#1900 = LINE('',#1901,#1902);
#1901 = CARTESIAN_POINT('',(165.521123,-127.536218,1.585));
#1902 = VECTOR('',#1903,1.);
#1903 = DIRECTION('',(-0.316227425993,0.948683411392,0.));
#1904 = ORIENTED_EDGE('',*,*,#1905,.T.);
#1905 = EDGE_CURVE('',#1898,#1906,#1908,.T.);
#1906 = VERTEX_POINT('',#1907);
#1907 = CARTESIAN_POINT('',(165.42821,-126.637172,1.585));
#1908 = CIRCLE('',#1909,0.100000380865);
#1909 = AXIS2_PLACEMENT_3D('',#1910,#1911,#1912);
#1910 = CARTESIAN_POINT('',(165.34133312043,-126.6866945602,1.585));
#1911 = DIRECTION('',(0.,0.,-1.));
#1912 = DIRECTION('',(-0.992147425624,-0.125073921452,-0.));
#1913 = ORIENTED_EDGE('',*,*,#1914,.T.);
#1914 = EDGE_CURVE('',#1906,#1915,#1917,.T.);
#1915 = VERTEX_POINT('',#1916);
#1916 = CARTESIAN_POINT('',(165.607999,-127.170467,1.585));
#1917 = LINE('',#1918,#1919);
#1918 = CARTESIAN_POINT('',(165.42821,-126.637172,1.585));
#1919 = VECTOR('',#1920,1.);
#1920 = DIRECTION('',(0.319462682002,-0.947598857539,0.));
#1921 = ORIENTED_EDGE('',*,*,#1922,.T.);
#1922 = EDGE_CURVE('',#1915,#1923,#1925,.T.);
#1923 = VERTEX_POINT('',#1924);
#1924 = CARTESIAN_POINT('',(165.787789,-126.637172,1.585));
#1925 = LINE('',#1926,#1927);
#1926 = CARTESIAN_POINT('',(165.607999,-127.170467,1.585));
#1927 = VECTOR('',#1928,1.);
#1928 = DIRECTION('',(0.319464277534,0.947598319637,0.));
#1929 = ORIENTED_EDGE('',*,*,#1930,.T.);
#1930 = EDGE_CURVE('',#1923,#1647,#1931,.T.);
#1931 = LINE('',#1932,#1933);
#1932 = CARTESIAN_POINT('',(165.787789,-126.637172,1.585));
#1933 = VECTOR('',#1934,1.);
#1934 = DIRECTION('',(0.655197842553,0.755457336395,0.));
#1935 = PLANE('',#1936);
#1936 = AXIS2_PLACEMENT_3D('',#1937,#1938,#1939);
#1937 = CARTESIAN_POINT('',(0.,0.,1.585));
#1938 = DIRECTION('',(0.,0.,1.));
#1939 = DIRECTION('',(1.,0.,-0.));
#1940 = SHELL_BASED_SURFACE_MODEL('',(#1941));
#1941 = OPEN_SHELL('',(#1942));
#1942 = ADVANCED_FACE('',(#1943),#2213,.T.);
#1943 = FACE_BOUND('',#1944,.F.);
#1944 = EDGE_LOOP('',(#1945,#1955,#1963,#1971,#1980,#1988,#1996,#2004,
    #2012,#2021,#2029,#2037,#2045,#2053,#2061,#2069,#2077,#2085,#2094,
    #2102,#2111,#2119,#2127,#2135,#2143,#2151,#2159,#2167,#2175,#2183,
    #2191,#2199,#2207));
#1945 = ORIENTED_EDGE('',*,*,#1946,.T.);
#1946 = EDGE_CURVE('',#1947,#1949,#1951,.T.);
#1947 = VERTEX_POINT('',#1948);
#1948 = CARTESIAN_POINT('',(157.021475,-126.640268,1.585));
#1949 = VERTEX_POINT('',#1950);
#1950 = CARTESIAN_POINT('',(157.168491,-126.588616,1.585));
#1951 = LINE('',#1952,#1953);
#1952 = CARTESIAN_POINT('',(157.021475,-126.640268,1.585));
#1953 = VECTOR('',#1954,1.);
#1954 = DIRECTION('',(0.94346469602,0.331473026601,0.));
#1955 = ORIENTED_EDGE('',*,*,#1956,.T.);
#1956 = EDGE_CURVE('',#1949,#1957,#1959,.T.);
#1957 = VERTEX_POINT('',#1958);
#1958 = CARTESIAN_POINT('',(157.321795,-126.588616,1.585));
#1959 = LINE('',#1960,#1961);
#1960 = CARTESIAN_POINT('',(157.168491,-126.588616,1.585));
#1961 = VECTOR('',#1962,1.);
#1962 = DIRECTION('',(1.,0.,0.));
#1963 = ORIENTED_EDGE('',*,*,#1964,.T.);
#1964 = EDGE_CURVE('',#1957,#1965,#1967,.T.);
#1965 = VERTEX_POINT('',#1966);
#1966 = CARTESIAN_POINT('',(157.423197,-126.635347,1.585));
#1967 = LINE('',#1968,#1969);
#1968 = CARTESIAN_POINT('',(157.321795,-126.588616,1.585));
#1969 = VECTOR('',#1970,1.);
#1970 = DIRECTION('',(0.908197521817,-0.418541827499,0.));
#1971 = ORIENTED_EDGE('',*,*,#1972,.T.);
#1972 = EDGE_CURVE('',#1965,#1973,#1975,.T.);
#1973 = VERTEX_POINT('',#1974);
#1974 = CARTESIAN_POINT('',(157.352063,-126.821239,1.585));
#1975 = CIRCLE('',#1976,0.100000174225);
#1976 = AXIS2_PLACEMENT_3D('',#1977,#1978,#1979);
#1977 = CARTESIAN_POINT('',(157.37847607467,-126.724790131,1.585));
#1978 = DIRECTION('',(0.,0.,-1.));
#1979 = DIRECTION('',(0.447208474097,0.894429751683,0.));
#1980 = ORIENTED_EDGE('',*,*,#1981,.T.);
#1981 = EDGE_CURVE('',#1973,#1982,#1984,.T.);
#1982 = VERTEX_POINT('',#1983);
#1983 = CARTESIAN_POINT('',(157.278679,-126.786695,1.585));
#1984 = LINE('',#1985,#1986);
#1985 = CARTESIAN_POINT('',(157.352063,-126.821239,1.585));
#1986 = VECTOR('',#1987,1.);
#1987 = DIRECTION('',(-0.904769518883,0.425901535216,0.));
#1988 = ORIENTED_EDGE('',*,*,#1989,.T.);
#1989 = EDGE_CURVE('',#1982,#1990,#1992,.T.);
#1990 = VERTEX_POINT('',#1991);
#1991 = CARTESIAN_POINT('',(157.204227,-126.786695,1.585));
#1992 = LINE('',#1993,#1994);
#1993 = CARTESIAN_POINT('',(157.278679,-126.786695,1.585));
#1994 = VECTOR('',#1995,1.);
#1995 = DIRECTION('',(-1.,0.,0.));
#1996 = ORIENTED_EDGE('',*,*,#1997,.T.);
#1997 = EDGE_CURVE('',#1990,#1998,#2000,.T.);
#1998 = VERTEX_POINT('',#1999);
#1999 = CARTESIAN_POINT('',(157.127733,-126.812192,1.585));
#2000 = LINE('',#2001,#2002);
#2001 = CARTESIAN_POINT('',(157.204227,-126.786695,1.585));
#2002 = VECTOR('',#2003,1.);
#2003 = DIRECTION('',(-0.948687018618,-0.316216604096,0.));
#2004 = ORIENTED_EDGE('',*,*,#2005,.T.);
#2005 = EDGE_CURVE('',#1998,#2006,#2008,.T.);
#2006 = VERTEX_POINT('',#2007);
#2007 = CARTESIAN_POINT('',(157.079709,-126.860216,1.585));
#2008 = LINE('',#2009,#2010);
#2009 = CARTESIAN_POINT('',(157.127733,-126.812192,1.585));
#2010 = VECTOR('',#2011,1.);
#2011 = DIRECTION('',(-0.707106781187,-0.707106781187,0.));
#2012 = ORIENTED_EDGE('',*,*,#2013,.T.);
#2013 = EDGE_CURVE('',#2006,#2014,#2016,.T.);
#2014 = VERTEX_POINT('',#2015);
#2015 = CARTESIAN_POINT('',(157.021333,-127.131527,1.585));
#2016 = CIRCLE('',#2017,0.445340888504);
#2017 = AXIS2_PLACEMENT_3D('',#2018,#2019,#2020);
#2018 = CARTESIAN_POINT('',(157.46422467879,-127.0848850893,1.585));
#2019 = DIRECTION('',(0.,0.,1.));
#2020 = DIRECTION('',(-0.863418762401,0.504487899492,0.));
#2021 = ORIENTED_EDGE('',*,*,#2022,.T.);
#2022 = EDGE_CURVE('',#2014,#2023,#2025,.T.);
#2023 = VERTEX_POINT('',#2024);
#2024 = CARTESIAN_POINT('',(157.05378,-127.261314,1.585));
#2025 = LINE('',#2026,#2027);
#2026 = CARTESIAN_POINT('',(157.021333,-127.131527,1.585));
#2027 = VECTOR('',#2028,1.);
#2028 = DIRECTION('',(0.242537383831,-0.970142060445,0.));
#2029 = ORIENTED_EDGE('',*,*,#2030,.T.);
#2030 = EDGE_CURVE('',#2023,#2031,#2033,.T.);
#2031 = VERTEX_POINT('',#2032);
#2032 = CARTESIAN_POINT('',(157.07971,-127.313174,1.585));
#2033 = LINE('',#2034,#2035);
#2034 = CARTESIAN_POINT('',(157.05378,-127.261314,1.585));
#2035 = VECTOR('',#2036,1.);
#2036 = DIRECTION('',(0.4472135955,-0.894427191,0.));
#2037 = ORIENTED_EDGE('',*,*,#2038,.T.);
#2038 = EDGE_CURVE('',#2031,#2039,#2041,.T.);
#2039 = VERTEX_POINT('',#2040);
#2040 = CARTESIAN_POINT('',(157.127732,-127.361197,1.585));
#2041 = LINE('',#2042,#2043);
#2042 = CARTESIAN_POINT('',(157.07971,-127.313174,1.585));
#2043 = VECTOR('',#2044,1.);
#2044 = DIRECTION('',(0.707099418904,-0.707114143393,0.));
#2045 = ORIENTED_EDGE('',*,*,#2046,.T.);
#2046 = EDGE_CURVE('',#2039,#2047,#2049,.T.);
#2047 = VERTEX_POINT('',#2048);
#2048 = CARTESIAN_POINT('',(157.204227,-127.386695,1.585));
#2049 = LINE('',#2050,#2051);
#2050 = CARTESIAN_POINT('',(157.127732,-127.361197,1.585));
#2051 = VECTOR('',#2052,1.);
#2052 = DIRECTION('',(0.948684538235,-0.31622404544,0.));
#2053 = ORIENTED_EDGE('',*,*,#2054,.T.);
#2054 = EDGE_CURVE('',#2047,#2055,#2057,.T.);
#2055 = VERTEX_POINT('',#2056);
#2056 = CARTESIAN_POINT('',(157.247964,-127.386695,1.585));
#2057 = LINE('',#2058,#2059);
#2058 = CARTESIAN_POINT('',(157.204227,-127.386695,1.585));
#2059 = VECTOR('',#2060,1.);
#2060 = DIRECTION('',(1.,0.,0.));
#2061 = ORIENTED_EDGE('',*,*,#2062,.T.);
#2062 = EDGE_CURVE('',#2055,#2063,#2065,.T.);
#2063 = VERTEX_POINT('',#2064);
#2064 = CARTESIAN_POINT('',(157.316572,-127.363825,1.585));
#2065 = LINE('',#2066,#2067);
#2066 = CARTESIAN_POINT('',(157.247964,-127.386695,1.585));
#2067 = VECTOR('',#2068,1.);
#2068 = DIRECTION('',(0.948680532504,0.316236062535,0.));
#2069 = ORIENTED_EDGE('',*,*,#2070,.T.);
#2070 = EDGE_CURVE('',#2063,#2071,#2073,.T.);
#2071 = VERTEX_POINT('',#2072);
#2072 = CARTESIAN_POINT('',(157.316572,-127.243838,1.585));
#2073 = LINE('',#2074,#2075);
#2074 = CARTESIAN_POINT('',(157.316572,-127.363825,1.585));
#2075 = VECTOR('',#2076,1.);
#2076 = DIRECTION('',(0.,1.,0.));
#2077 = ORIENTED_EDGE('',*,*,#2078,.T.);
#2078 = EDGE_CURVE('',#2071,#2079,#2081,.T.);
#2079 = VERTEX_POINT('',#2080);
#2080 = CARTESIAN_POINT('',(157.244682,-127.241917,1.585));
#2081 = LINE('',#2082,#2083);
#2082 = CARTESIAN_POINT('',(157.316572,-127.243838,1.585));
#2083 = VECTOR('',#2084,1.);
#2084 = DIRECTION('',(-0.999643175006,2.671184502965E-02,0.));
#2085 = ORIENTED_EDGE('',*,*,#2086,.T.);
#2086 = EDGE_CURVE('',#2079,#2087,#2089,.T.);
#2087 = VERTEX_POINT('',#2088);
#2088 = CARTESIAN_POINT('',(157.244682,-127.045759,1.585));
#2089 = CIRCLE('',#2090,0.100000456609);
#2090 = AXIS2_PLACEMENT_3D('',#2091,#2092,#2093);
#2091 = CARTESIAN_POINT('',(157.264191,-127.143838,1.585));
#2092 = DIRECTION('',(0.,0.,-1.));
#2093 = DIRECTION('',(-0.195089109205,-0.980785521646,-0.));
#2094 = ORIENTED_EDGE('',*,*,#2095,.T.);
#2095 = EDGE_CURVE('',#2087,#2096,#2098,.T.);
#2096 = VERTEX_POINT('',#2097);
#2097 = CARTESIAN_POINT('',(157.436081,-127.045759,1.585));
#2098 = LINE('',#2099,#2100);
#2099 = CARTESIAN_POINT('',(157.244682,-127.045759,1.585));
#2100 = VECTOR('',#2101,1.);
#2101 = DIRECTION('',(1.,0.,0.));
#2102 = ORIENTED_EDGE('',*,*,#2103,.T.);
#2103 = EDGE_CURVE('',#2096,#2104,#2106,.T.);
#2104 = VERTEX_POINT('',#2105);
#2105 = CARTESIAN_POINT('',(157.514651,-127.124329,1.585));
#2106 = CIRCLE('',#2107,0.100002891901);
#2107 = AXIS2_PLACEMENT_3D('',#2108,#2109,#2110);
#2108 = CARTESIAN_POINT('',(157.41656992896,-127.143840071,1.585));
#2109 = DIRECTION('',(0.,0.,-1.));
#2110 = DIRECTION('',(0.195105068116,0.980782347106,0.));
#2111 = ORIENTED_EDGE('',*,*,#2112,.T.);
#2112 = EDGE_CURVE('',#2104,#2113,#2115,.T.);
#2113 = VERTEX_POINT('',#2114);
#2114 = CARTESIAN_POINT('',(157.514651,-127.430013,1.585));
#2115 = LINE('',#2116,#2117);
#2116 = CARTESIAN_POINT('',(157.514651,-127.124329,1.585));
#2117 = VECTOR('',#2118,1.);
#2118 = DIRECTION('',(0.,-1.,0.));
#2119 = ORIENTED_EDGE('',*,*,#2120,.T.);
#2120 = EDGE_CURVE('',#2113,#2121,#2123,.T.);
#2121 = VERTEX_POINT('',#2122);
#2122 = CARTESIAN_POINT('',(157.499719,-127.466061,1.585));
#2123 = LINE('',#2124,#2125);
#2124 = CARTESIAN_POINT('',(157.514651,-127.430013,1.585));
#2125 = VECTOR('',#2126,1.);
#2126 = DIRECTION('',(-0.38269282806,-0.923875640631,0.));
#2127 = ORIENTED_EDGE('',*,*,#2128,.T.);
#2128 = EDGE_CURVE('',#2121,#2129,#2131,.T.);
#2129 = VERTEX_POINT('',#2130);
#2130 = CARTESIAN_POINT('',(157.430714,-127.533121,1.585));
#2131 = LINE('',#2132,#2133);
#2132 = CARTESIAN_POINT('',(157.499719,-127.466061,1.585));
#2133 = VECTOR('',#2134,1.);
#2134 = DIRECTION('',(-0.717141351666,-0.696927744985,0.));
#2135 = ORIENTED_EDGE('',*,*,#2136,.T.);
#2136 = EDGE_CURVE('',#2129,#2137,#2139,.T.);
#2137 = VERTEX_POINT('',#2138);
#2138 = CARTESIAN_POINT('',(157.2837,-127.584774,1.585));
#2139 = LINE('',#2140,#2141);
#2140 = CARTESIAN_POINT('',(157.430714,-127.533121,1.585));
#2141 = VECTOR('',#2142,1.);
#2142 = DIRECTION('',(-0.943461278771,-0.331482752883,0.));
#2143 = ORIENTED_EDGE('',*,*,#2144,.T.);
#2144 = EDGE_CURVE('',#2137,#2145,#2147,.T.);
#2145 = VERTEX_POINT('',#2146);
#2146 = CARTESIAN_POINT('',(157.166048,-127.583762,1.585));
#2147 = LINE('',#2148,#2149);
#2148 = CARTESIAN_POINT('',(157.2837,-127.584774,1.585));
#2149 = VECTOR('',#2150,1.);
#2150 = DIRECTION('',(-0.999963007958,8.601320539018E-03,0.));
#2151 = ORIENTED_EDGE('',*,*,#2152,.T.);
#2152 = EDGE_CURVE('',#2145,#2153,#2155,.T.);
#2153 = VERTEX_POINT('',#2154);
#2154 = CARTESIAN_POINT('',(157.021475,-127.533122,1.585));
#2155 = LINE('',#2156,#2157);
#2156 = CARTESIAN_POINT('',(157.166048,-127.583762,1.585));
#2157 = VECTOR('',#2158,1.);
#2158 = DIRECTION('',(-0.943778029254,0.330579841336,0.));
#2159 = ORIENTED_EDGE('',*,*,#2160,.T.);
#2160 = EDGE_CURVE('',#2153,#2161,#2163,.T.);
#2161 = VERTEX_POINT('',#2162);
#2162 = CARTESIAN_POINT('',(156.918524,-127.433721,1.585));
#2163 = LINE('',#2164,#2165);
#2164 = CARTESIAN_POINT('',(157.021475,-127.533122,1.585));
#2165 = VECTOR('',#2166,1.);
#2166 = DIRECTION('',(-0.719401340212,0.694594638405,0.));
#2167 = ORIENTED_EDGE('',*,*,#2168,.T.);
#2168 = EDGE_CURVE('',#2161,#2169,#2171,.T.);
#2169 = VERTEX_POINT('',#2170);
#2170 = CARTESIAN_POINT('',(156.862415,-127.320473,1.585));
#2171 = LINE('',#2172,#2173);
#2172 = CARTESIAN_POINT('',(156.918524,-127.433721,1.585));
#2173 = VECTOR('',#2174,1.);
#2174 = DIRECTION('',(-0.443950761154,0.896051182506,0.));
#2175 = ORIENTED_EDGE('',*,*,#2176,.T.);
#2176 = EDGE_CURVE('',#2169,#2177,#2179,.T.);
#2177 = VERTEX_POINT('',#2178);
#2178 = CARTESIAN_POINT('',(156.821333,-127.143838,1.585));
#2179 = LINE('',#2180,#2181);
#2180 = CARTESIAN_POINT('',(156.862415,-127.320473,1.585));
#2181 = VECTOR('',#2182,1.);
#2182 = DIRECTION('',(-0.226534906389,0.974003047319,0.));
#2183 = ORIENTED_EDGE('',*,*,#2184,.T.);
#2184 = EDGE_CURVE('',#2177,#2185,#2187,.T.);
#2185 = VERTEX_POINT('',#2186);
#2186 = CARTESIAN_POINT('',(156.824319,-127.005298,1.585));
#2187 = LINE('',#2188,#2189);
#2188 = CARTESIAN_POINT('',(156.821333,-127.143838,1.585));
#2189 = VECTOR('',#2190,1.);
#2190 = DIRECTION('',(2.154833747325E-02,0.999767807619,0.));
#2191 = ORIENTED_EDGE('',*,*,#2192,.T.);
#2192 = EDGE_CURVE('',#2185,#2193,#2195,.T.);
#2193 = VERTEX_POINT('',#2194);
#2194 = CARTESIAN_POINT('',(156.869986,-126.83245,1.585));
#2195 = LINE('',#2196,#2197);
#2196 = CARTESIAN_POINT('',(156.824319,-127.005298,1.585));
#2197 = VECTOR('',#2198,1.);
#2198 = DIRECTION('',(0.255438377837,0.96682533848,0.));
#2199 = ORIENTED_EDGE('',*,*,#2200,.T.);
#2200 = EDGE_CURVE('',#2193,#2201,#2203,.T.);
#2201 = VERTEX_POINT('',#2202);
#2202 = CARTESIAN_POINT('',(156.920518,-126.737938,1.585));
#2203 = LINE('',#2204,#2205);
#2204 = CARTESIAN_POINT('',(156.869986,-126.83245,1.585));
#2205 = VECTOR('',#2206,1.);
#2206 = DIRECTION('',(0.471500393382,0.881865850932,0.));
#2207 = ORIENTED_EDGE('',*,*,#2208,.T.);
#2208 = EDGE_CURVE('',#2201,#1947,#2209,.T.);
#2209 = LINE('',#2210,#2211);
#2210 = CARTESIAN_POINT('',(156.920518,-126.737938,1.585));
#2211 = VECTOR('',#2212,1.);
#2212 = DIRECTION('',(0.718710007918,0.695309948526,0.));
#2213 = PLANE('',#2214);
#2214 = AXIS2_PLACEMENT_3D('',#2215,#2216,#2217);
#2215 = CARTESIAN_POINT('',(0.,0.,1.585));
#2216 = DIRECTION('',(0.,0.,1.));
#2217 = DIRECTION('',(1.,0.,-0.));
#2218 = SHELL_BASED_SURFACE_MODEL('',(#2219));
#2219 = OPEN_SHELL('',(#2220));
#2220 = ADVANCED_FACE('',(#2221),#2331,.T.);
#2221 = FACE_BOUND('',#2222,.F.);
#2222 = EDGE_LOOP('',(#2223,#2234,#2242,#2250,#2258,#2266,#2274,#2283,
    #2291,#2300,#2308,#2316,#2325));
#2223 = ORIENTED_EDGE('',*,*,#2224,.T.);
#2224 = EDGE_CURVE('',#2225,#2227,#2229,.T.);
#2225 = VERTEX_POINT('',#2226);
#2226 = CARTESIAN_POINT('',(157.66135,-126.667186,1.585));
#2227 = VERTEX_POINT('',#2228);
#2228 = CARTESIAN_POINT('',(157.73992,-126.588616,1.585));
#2229 = CIRCLE('',#2230,0.100002891901);
#2230 = AXIS2_PLACEMENT_3D('',#2231,#2232,#2233);
#2231 = CARTESIAN_POINT('',(157.75943107103,-126.686697071,1.585));
#2232 = DIRECTION('',(0.,0.,-1.));
#2233 = DIRECTION('',(-0.980782347106,0.195105068116,0.));
#2234 = ORIENTED_EDGE('',*,*,#2235,.T.);
#2235 = EDGE_CURVE('',#2227,#2236,#2238,.T.);
#2236 = VERTEX_POINT('',#2237);
#2237 = CARTESIAN_POINT('',(157.772563,-126.588616,1.585));
#2238 = LINE('',#2239,#2240);
#2239 = CARTESIAN_POINT('',(157.73992,-126.588616,1.585));
#2240 = VECTOR('',#2241,1.);
#2241 = DIRECTION('',(1.,0.,0.));
#2242 = ORIENTED_EDGE('',*,*,#2243,.T.);
#2243 = EDGE_CURVE('',#2236,#2244,#2246,.T.);
#2244 = VERTEX_POINT('',#2245);
#2245 = CARTESIAN_POINT('',(157.814986,-126.603548,1.585));
#2246 = LINE('',#2247,#2248);
#2247 = CARTESIAN_POINT('',(157.772563,-126.588616,1.585));
#2248 = VECTOR('',#2249,1.);
#2249 = DIRECTION('',(0.943274869632,-0.332012831562,0.));
#2250 = ORIENTED_EDGE('',*,*,#2251,.T.);
#2251 = EDGE_CURVE('',#2244,#2252,#2254,.T.);
#2252 = VERTEX_POINT('',#2253);
#2253 = CARTESIAN_POINT('',(157.846253,-126.637081,1.585));
#2254 = LINE('',#2255,#2256);
#2255 = CARTESIAN_POINT('',(157.814986,-126.603548,1.585));
#2256 = VECTOR('',#2257,1.);
#2257 = DIRECTION('',(0.681963029529,-0.731386646279,0.));
#2258 = ORIENTED_EDGE('',*,*,#2259,.T.);
#2259 = EDGE_CURVE('',#2252,#2260,#2262,.T.);
#2260 = VERTEX_POINT('',#2261);
#2261 = CARTESIAN_POINT('',(158.116572,-127.110139,1.585));
#2262 = LINE('',#2263,#2264);
#2263 = CARTESIAN_POINT('',(157.846253,-126.637081,1.585));
#2264 = VECTOR('',#2265,1.);
#2265 = DIRECTION('',(0.496139136014,-0.868243029178,0.));
#2266 = ORIENTED_EDGE('',*,*,#2267,.T.);
#2267 = EDGE_CURVE('',#2260,#2268,#2270,.T.);
#2268 = VERTEX_POINT('',#2269);
#2269 = CARTESIAN_POINT('',(158.118493,-126.667186,1.585));
#2270 = LINE('',#2271,#2272);
#2271 = CARTESIAN_POINT('',(158.116572,-127.110139,1.585));
#2272 = VECTOR('',#2273,1.);
#2273 = DIRECTION('',(4.33676244503E-03,0.999990596202,0.));
#2274 = ORIENTED_EDGE('',*,*,#2275,.T.);
#2275 = EDGE_CURVE('',#2268,#2276,#2278,.T.);
#2276 = VERTEX_POINT('',#2277);
#2277 = CARTESIAN_POINT('',(158.314651,-126.667186,1.585));
#2278 = CIRCLE('',#2279,0.100000456609);
#2279 = AXIS2_PLACEMENT_3D('',#2280,#2281,#2282);
#2280 = CARTESIAN_POINT('',(158.216572,-126.686695,1.585));
#2281 = DIRECTION('',(0.,0.,-1.));
#2282 = DIRECTION('',(-0.980785521645,0.195089109206,0.));
#2283 = ORIENTED_EDGE('',*,*,#2284,.T.);
#2284 = EDGE_CURVE('',#2276,#2285,#2287,.T.);
#2285 = VERTEX_POINT('',#2286);
#2286 = CARTESIAN_POINT('',(158.314651,-127.506204,1.585));
#2287 = LINE('',#2288,#2289);
#2288 = CARTESIAN_POINT('',(158.314651,-126.667186,1.585));
#2289 = VECTOR('',#2290,1.);
#2290 = DIRECTION('',(0.,-1.,0.));
#2291 = ORIENTED_EDGE('',*,*,#2292,.T.);
#2292 = EDGE_CURVE('',#2285,#2293,#2295,.T.);
#2293 = VERTEX_POINT('',#2294);
#2294 = CARTESIAN_POINT('',(158.129748,-127.536309,1.585));
#2295 = CIRCLE('',#2296,9.999994253756E-02);
#2296 = AXIS2_PLACEMENT_3D('',#2297,#2298,#2299);
#2297 = CARTESIAN_POINT('',(158.21657243718,-127.4866954371,1.585));
#2298 = DIRECTION('',(-0.,0.,-1.));
#2299 = DIRECTION('',(0.980786191757,-0.195085740275,-0.));
#2300 = ORIENTED_EDGE('',*,*,#2301,.T.);
#2301 = EDGE_CURVE('',#2293,#2302,#2304,.T.);
#2302 = VERTEX_POINT('',#2303);
#2303 = CARTESIAN_POINT('',(157.859429,-127.06325,1.585));
#2304 = LINE('',#2305,#2306);
#2305 = CARTESIAN_POINT('',(158.129748,-127.536309,1.585));
#2306 = VECTOR('',#2307,1.);
#2307 = DIRECTION('',(-0.496138345387,0.868243480964,0.));
#2308 = ORIENTED_EDGE('',*,*,#2309,.T.);
#2309 = EDGE_CURVE('',#2302,#2310,#2312,.T.);
#2310 = VERTEX_POINT('',#2311);
#2311 = CARTESIAN_POINT('',(157.857508,-127.506204,1.585));
#2312 = LINE('',#2313,#2314);
#2313 = CARTESIAN_POINT('',(157.859429,-127.06325,1.585));
#2314 = VECTOR('',#2315,1.);
#2315 = DIRECTION('',(-4.336752654666E-03,-0.999990596244,0.));
#2316 = ORIENTED_EDGE('',*,*,#2317,.T.);
#2317 = EDGE_CURVE('',#2310,#2318,#2320,.T.);
#2318 = VERTEX_POINT('',#2319);
#2319 = CARTESIAN_POINT('',(157.66135,-127.506204,1.585));
#2320 = CIRCLE('',#2321,0.100000456609);
#2321 = AXIS2_PLACEMENT_3D('',#2322,#2323,#2324);
#2322 = CARTESIAN_POINT('',(157.759429,-127.486695,1.585));
#2323 = DIRECTION('',(-0.,0.,-1.));
#2324 = DIRECTION('',(0.980785521645,-0.195089109205,-0.));
#2325 = ORIENTED_EDGE('',*,*,#2326,.T.);
#2326 = EDGE_CURVE('',#2318,#2225,#2327,.T.);
#2327 = LINE('',#2328,#2329);
#2328 = CARTESIAN_POINT('',(157.66135,-127.506204,1.585));
#2329 = VECTOR('',#2330,1.);
#2330 = DIRECTION('',(0.,1.,0.));
#2331 = PLANE('',#2332);
#2332 = AXIS2_PLACEMENT_3D('',#2333,#2334,#2335);
#2333 = CARTESIAN_POINT('',(0.,0.,1.585));
#2334 = DIRECTION('',(0.,0.,1.));
#2335 = DIRECTION('',(1.,0.,-0.));
#2336 = SHELL_BASED_SURFACE_MODEL('',(#2337));
#2337 = OPEN_SHELL('',(#2338));
#2338 = ADVANCED_FACE('',(#2339,#2463),#2546,.T.);
#2339 = FACE_BOUND('',#2340,.F.);
#2340 = EDGE_LOOP('',(#2341,#2352,#2360,#2368,#2376,#2384,#2392,#2400,
    #2408,#2416,#2424,#2432,#2440,#2448,#2457));
#2341 = ORIENTED_EDGE('',*,*,#2342,.T.);
#2342 = EDGE_CURVE('',#2343,#2345,#2347,.T.);
#2343 = VERTEX_POINT('',#2344);
#2344 = CARTESIAN_POINT('',(158.499445,-126.667186,1.585));
#2345 = VERTEX_POINT('',#2346);
#2346 = CARTESIAN_POINT('',(158.578015,-126.588616,1.585));
#2347 = CIRCLE('',#2348,0.100002891901);
#2348 = AXIS2_PLACEMENT_3D('',#2349,#2350,#2351);
#2349 = CARTESIAN_POINT('',(158.59752607103,-126.686697071,1.585));
#2350 = DIRECTION('',(0.,0.,-1.));
#2351 = DIRECTION('',(-0.980782347106,0.195105068116,0.));
#2352 = ORIENTED_EDGE('',*,*,#2353,.T.);
#2353 = EDGE_CURVE('',#2345,#2354,#2356,.T.);
#2354 = VERTEX_POINT('',#2355);
#2355 = CARTESIAN_POINT('',(158.797873,-126.587667,1.585));
#2356 = LINE('',#2357,#2358);
#2357 = CARTESIAN_POINT('',(158.578015,-126.588616,1.585));
#2358 = VECTOR('',#2359,1.);
#2359 = DIRECTION('',(0.999990684379,4.316382207976E-03,0.));
#2360 = ORIENTED_EDGE('',*,*,#2361,.T.);
#2361 = EDGE_CURVE('',#2354,#2362,#2364,.T.);
#2362 = VERTEX_POINT('',#2363);
#2363 = CARTESIAN_POINT('',(158.951809,-126.637913,1.585));
#2364 = LINE('',#2365,#2366);
#2365 = CARTESIAN_POINT('',(158.797873,-126.587667,1.585));
#2366 = VECTOR('',#2367,1.);
#2367 = DIRECTION('',(0.950639738136,-0.310296774519,0.));
#2368 = ORIENTED_EDGE('',*,*,#2369,.T.);
#2369 = EDGE_CURVE('',#2362,#2370,#2372,.T.);
#2370 = VERTEX_POINT('',#2371);
#2371 = CARTESIAN_POINT('',(159.049187,-126.730269,1.585));
#2372 = LINE('',#2373,#2374);
#2373 = CARTESIAN_POINT('',(158.951809,-126.637913,1.585));
#2374 = VECTOR('',#2375,1.);
#2375 = DIRECTION('',(0.725568814375,-0.688149617166,0.));
#2376 = ORIENTED_EDGE('',*,*,#2377,.T.);
#2377 = EDGE_CURVE('',#2370,#2378,#2380,.T.);
#2378 = VERTEX_POINT('',#2379);
#2379 = CARTESIAN_POINT('',(159.067919,-126.756259,1.585));
#2380 = LINE('',#2381,#2382);
#2381 = CARTESIAN_POINT('',(159.049187,-126.730269,1.585));
#2382 = VECTOR('',#2383,1.);
#2383 = DIRECTION('',(0.584699353441,-0.811250063844,0.));
#2384 = ORIENTED_EDGE('',*,*,#2385,.T.);
#2385 = EDGE_CURVE('',#2378,#2386,#2388,.T.);
#2386 = VERTEX_POINT('',#2387);
#2387 = CARTESIAN_POINT('',(159.113585,-126.852917,1.585));
#2388 = LINE('',#2389,#2390);
#2389 = CARTESIAN_POINT('',(159.067919,-126.756259,1.585));
#2390 = VECTOR('',#2391,1.);
#2391 = DIRECTION('',(0.42717414456,-0.904169370317,0.));
#2392 = ORIENTED_EDGE('',*,*,#2393,.T.);
#2393 = EDGE_CURVE('',#2386,#2394,#2396,.T.);
#2394 = VERTEX_POINT('',#2395);
#2395 = CARTESIAN_POINT('',(159.154667,-127.029552,1.585));
#2396 = LINE('',#2397,#2398);
#2397 = CARTESIAN_POINT('',(159.113585,-126.852917,1.585));
#2398 = VECTOR('',#2399,1.);
#2399 = DIRECTION('',(0.226534906389,-0.974003047319,0.));
#2400 = ORIENTED_EDGE('',*,*,#2401,.T.);
#2401 = EDGE_CURVE('',#2394,#2402,#2404,.T.);
#2402 = VERTEX_POINT('',#2403);
#2403 = CARTESIAN_POINT('',(159.151681,-127.168092,1.585));
#2404 = LINE('',#2405,#2406);
#2405 = CARTESIAN_POINT('',(159.154667,-127.029552,1.585));
#2406 = VECTOR('',#2407,1.);
#2407 = DIRECTION('',(-2.154833747325E-02,-0.999767807619,0.));
#2408 = ORIENTED_EDGE('',*,*,#2409,.T.);
#2409 = EDGE_CURVE('',#2402,#2410,#2412,.T.);
#2410 = VERTEX_POINT('',#2411);
#2411 = CARTESIAN_POINT('',(159.106014,-127.34094,1.585));
#2412 = LINE('',#2413,#2414);
#2413 = CARTESIAN_POINT('',(159.151681,-127.168092,1.585));
#2414 = VECTOR('',#2415,1.);
#2415 = DIRECTION('',(-0.255438377837,-0.96682533848,0.));
#2416 = ORIENTED_EDGE('',*,*,#2417,.T.);
#2417 = EDGE_CURVE('',#2410,#2418,#2420,.T.);
#2418 = VERTEX_POINT('',#2419);
#2419 = CARTESIAN_POINT('',(159.055479,-127.435452,1.585));
#2420 = LINE('',#2421,#2422);
#2421 = CARTESIAN_POINT('',(159.106014,-127.34094,1.585));
#2422 = VECTOR('',#2423,1.);
#2423 = DIRECTION('',(-0.471522162121,-0.881854211663,0.));
#2424 = ORIENTED_EDGE('',*,*,#2425,.T.);
#2425 = EDGE_CURVE('',#2418,#2426,#2428,.T.);
#2426 = VERTEX_POINT('',#2427);
#2427 = CARTESIAN_POINT('',(158.954524,-127.533122,1.585));
#2428 = LINE('',#2429,#2430);
#2429 = CARTESIAN_POINT('',(159.055479,-127.435452,1.585));
#2430 = VECTOR('',#2431,1.);
#2431 = DIRECTION('',(-0.718703124394,-0.695317063638,0.));
#2432 = ORIENTED_EDGE('',*,*,#2433,.T.);
#2433 = EDGE_CURVE('',#2426,#2434,#2436,.T.);
#2434 = VERTEX_POINT('',#2435);
#2435 = CARTESIAN_POINT('',(158.807509,-127.584774,1.585));
#2436 = LINE('',#2437,#2438);
#2437 = CARTESIAN_POINT('',(158.954524,-127.533122,1.585));
#2438 = VECTOR('',#2439,1.);
#2439 = DIRECTION('',(-0.943463990903,-0.331475033555,0.));
#2440 = ORIENTED_EDGE('',*,*,#2441,.T.);
#2441 = EDGE_CURVE('',#2434,#2442,#2444,.T.);
#2442 = VERTEX_POINT('',#2443);
#2443 = CARTESIAN_POINT('',(158.578015,-127.584774,1.585));
#2444 = LINE('',#2445,#2446);
#2445 = CARTESIAN_POINT('',(158.807509,-127.584774,1.585));
#2446 = VECTOR('',#2447,1.);
#2447 = DIRECTION('',(-1.,0.,0.));
#2448 = ORIENTED_EDGE('',*,*,#2449,.T.);
#2449 = EDGE_CURVE('',#2442,#2450,#2452,.T.);
#2450 = VERTEX_POINT('',#2451);
#2451 = CARTESIAN_POINT('',(158.499445,-127.506204,1.585));
#2452 = CIRCLE('',#2453,0.100002891901);
#2453 = AXIS2_PLACEMENT_3D('',#2454,#2455,#2456);
#2454 = CARTESIAN_POINT('',(158.59752607103,-127.4866929289,1.585));
#2455 = DIRECTION('',(0.,0.,-1.));
#2456 = DIRECTION('',(-0.195105068116,-0.980782347106,-0.));
#2457 = ORIENTED_EDGE('',*,*,#2458,.T.);
#2458 = EDGE_CURVE('',#2450,#2343,#2459,.T.);
#2459 = LINE('',#2460,#2461);
#2460 = CARTESIAN_POINT('',(158.499445,-127.506204,1.585));
#2461 = VECTOR('',#2462,1.);
#2462 = DIRECTION('',(0.,1.,0.));
#2463 = FACE_BOUND('',#2464,.F.);
#2464 = EDGE_LOOP('',(#2465,#2475,#2483,#2491,#2499,#2507,#2515,#2524,
    #2532,#2540));
#2465 = ORIENTED_EDGE('',*,*,#2466,.T.);
#2466 = EDGE_CURVE('',#2467,#2469,#2471,.T.);
#2467 = VERTEX_POINT('',#2468);
#2468 = CARTESIAN_POINT('',(158.848266,-126.812192,1.585));
#2469 = VERTEX_POINT('',#2470);
#2470 = CARTESIAN_POINT('',(158.771773,-126.786695,1.585));
#2471 = LINE('',#2472,#2473);
#2472 = CARTESIAN_POINT('',(158.848266,-126.812192,1.585));
#2473 = VECTOR('',#2474,1.);
#2474 = DIRECTION('',(-0.948685778473,0.316220324653,0.));
#2475 = ORIENTED_EDGE('',*,*,#2476,.T.);
#2476 = EDGE_CURVE('',#2469,#2477,#2479,.T.);
#2477 = VERTEX_POINT('',#2478);
#2478 = CARTESIAN_POINT('',(158.697524,-126.786695,1.585));
#2479 = LINE('',#2480,#2481);
#2480 = CARTESIAN_POINT('',(158.771773,-126.786695,1.585));
#2481 = VECTOR('',#2482,1.);
#2482 = DIRECTION('',(-1.,0.,0.));
#2483 = ORIENTED_EDGE('',*,*,#2484,.T.);
#2484 = EDGE_CURVE('',#2477,#2485,#2487,.T.);
#2485 = VERTEX_POINT('',#2486);
#2486 = CARTESIAN_POINT('',(158.697524,-127.386695,1.585));
#2487 = LINE('',#2488,#2489);
#2488 = CARTESIAN_POINT('',(158.697524,-126.786695,1.585));
#2489 = VECTOR('',#2490,1.);
#2490 = DIRECTION('',(0.,-1.,0.));
#2491 = ORIENTED_EDGE('',*,*,#2492,.T.);
#2492 = EDGE_CURVE('',#2485,#2493,#2495,.T.);
#2493 = VERTEX_POINT('',#2494);
#2494 = CARTESIAN_POINT('',(158.771773,-127.386695,1.585));
#2495 = LINE('',#2496,#2497);
#2496 = CARTESIAN_POINT('',(158.697524,-127.386695,1.585));
#2497 = VECTOR('',#2498,1.);
#2498 = DIRECTION('',(1.,0.,0.));
#2499 = ORIENTED_EDGE('',*,*,#2500,.T.);
#2500 = EDGE_CURVE('',#2493,#2501,#2503,.T.);
#2501 = VERTEX_POINT('',#2502);
#2502 = CARTESIAN_POINT('',(158.848267,-127.361197,1.585));
#2503 = LINE('',#2504,#2505);
#2504 = CARTESIAN_POINT('',(158.771773,-127.386695,1.585));
#2505 = VECTOR('',#2506,1.);
#2506 = DIRECTION('',(0.948683298051,0.316227766017,0.));
#2507 = ORIENTED_EDGE('',*,*,#2508,.T.);
#2508 = EDGE_CURVE('',#2501,#2509,#2511,.T.);
#2509 = VERTEX_POINT('',#2510);
#2510 = CARTESIAN_POINT('',(158.896289,-127.313174,1.585));
#2511 = LINE('',#2512,#2513);
#2512 = CARTESIAN_POINT('',(158.848267,-127.361197,1.585));
#2513 = VECTOR('',#2514,1.);
#2514 = DIRECTION('',(0.707099418904,0.707114143393,0.));
#2515 = ORIENTED_EDGE('',*,*,#2516,.T.);
#2516 = EDGE_CURVE('',#2509,#2517,#2519,.T.);
#2517 = VERTEX_POINT('',#2518);
#2518 = CARTESIAN_POINT('',(158.954667,-127.041862,1.585));
#2519 = CIRCLE('',#2520,0.445350084411);
#2520 = AXIS2_PLACEMENT_3D('',#2521,#2522,#2523);
#2521 = CARTESIAN_POINT('',(158.51176564388,-127.0884998219,1.585));
#2522 = DIRECTION('',(0.,0.,1.));
#2523 = DIRECTION('',(0.86341817275,-0.504488908664,0.));
#2524 = ORIENTED_EDGE('',*,*,#2525,.T.);
#2525 = EDGE_CURVE('',#2517,#2526,#2528,.T.);
#2526 = VERTEX_POINT('',#2527);
#2527 = CARTESIAN_POINT('',(158.922219,-126.912074,1.585));
#2528 = LINE('',#2529,#2530);
#2529 = CARTESIAN_POINT('',(158.954667,-127.041862,1.585));
#2530 = VECTOR('',#2531,1.);
#2531 = DIRECTION('',(-0.242542660146,0.970140741341,0.));
#2532 = ORIENTED_EDGE('',*,*,#2533,.T.);
#2533 = EDGE_CURVE('',#2526,#2534,#2536,.T.);
#2534 = VERTEX_POINT('',#2535);
#2535 = CARTESIAN_POINT('',(158.89629,-126.860216,1.585));
#2536 = LINE('',#2537,#2538);
#2537 = CARTESIAN_POINT('',(158.922219,-126.912074,1.585));
#2538 = VECTOR('',#2539,1.);
#2539 = DIRECTION('',(-0.4472135955,0.894427191,0.));
#2540 = ORIENTED_EDGE('',*,*,#2541,.T.);
#2541 = EDGE_CURVE('',#2534,#2467,#2542,.T.);
#2542 = LINE('',#2543,#2544);
#2543 = CARTESIAN_POINT('',(158.89629,-126.860216,1.585));
#2544 = VECTOR('',#2545,1.);
#2545 = DIRECTION('',(-0.707106781187,0.707106781187,0.));
#2546 = PLANE('',#2547);
#2547 = AXIS2_PLACEMENT_3D('',#2548,#2549,#2550);
#2548 = CARTESIAN_POINT('',(0.,0.,1.585));
#2549 = DIRECTION('',(0.,0.,1.));
#2550 = DIRECTION('',(1.,0.,-0.));
#2551 = SHELL_BASED_SURFACE_MODEL('',(#2552));
#2552 = OPEN_SHELL('',(#2553));
#2553 = ADVANCED_FACE('',(#2554,#2678),#2761,.T.);
#2554 = FACE_BOUND('',#2555,.F.);
#2555 = EDGE_LOOP('',(#2556,#2567,#2575,#2583,#2591,#2599,#2607,#2615,
    #2623,#2631,#2639,#2647,#2655,#2663,#2672));
#2556 = ORIENTED_EDGE('',*,*,#2557,.T.);
#2557 = EDGE_CURVE('',#2558,#2560,#2562,.T.);
#2558 = VERTEX_POINT('',#2559);
#2559 = CARTESIAN_POINT('',(161.769921,-126.667186,1.585));
#2560 = VERTEX_POINT('',#2561);
#2561 = CARTESIAN_POINT('',(161.848491,-126.588616,1.585));
#2562 = CIRCLE('',#2563,0.100002891901);
#2563 = AXIS2_PLACEMENT_3D('',#2564,#2565,#2566);
#2564 = CARTESIAN_POINT('',(161.86800207103,-126.686697071,1.585));
#2565 = DIRECTION('',(0.,0.,-1.));
#2566 = DIRECTION('',(-0.980782347106,0.195105068116,0.));
#2567 = ORIENTED_EDGE('',*,*,#2568,.T.);
#2568 = EDGE_CURVE('',#2560,#2569,#2571,.T.);
#2569 = VERTEX_POINT('',#2570);
#2570 = CARTESIAN_POINT('',(162.068349,-126.587667,1.585));
#2571 = LINE('',#2572,#2573);
#2572 = CARTESIAN_POINT('',(161.848491,-126.588616,1.585));
#2573 = VECTOR('',#2574,1.);
#2574 = DIRECTION('',(0.999990684379,4.316382207976E-03,0.));
#2575 = ORIENTED_EDGE('',*,*,#2576,.T.);
#2576 = EDGE_CURVE('',#2569,#2577,#2579,.T.);
#2577 = VERTEX_POINT('',#2578);
#2578 = CARTESIAN_POINT('',(162.222285,-126.637913,1.585));
#2579 = LINE('',#2580,#2581);
#2580 = CARTESIAN_POINT('',(162.068349,-126.587667,1.585));
#2581 = VECTOR('',#2582,1.);
#2582 = DIRECTION('',(0.950639738136,-0.310296774519,0.));
#2583 = ORIENTED_EDGE('',*,*,#2584,.T.);
#2584 = EDGE_CURVE('',#2577,#2585,#2587,.T.);
#2585 = VERTEX_POINT('',#2586);
#2586 = CARTESIAN_POINT('',(162.319663,-126.730269,1.585));
#2587 = LINE('',#2588,#2589);
#2588 = CARTESIAN_POINT('',(162.222285,-126.637913,1.585));
#2589 = VECTOR('',#2590,1.);
#2590 = DIRECTION('',(0.725568814375,-0.688149617166,0.));
#2591 = ORIENTED_EDGE('',*,*,#2592,.T.);
#2592 = EDGE_CURVE('',#2585,#2593,#2595,.T.);
#2593 = VERTEX_POINT('',#2594);
#2594 = CARTESIAN_POINT('',(162.338395,-126.756259,1.585));
#2595 = LINE('',#2596,#2597);
#2596 = CARTESIAN_POINT('',(162.319663,-126.730269,1.585));
#2597 = VECTOR('',#2598,1.);
#2598 = DIRECTION('',(0.584699353441,-0.811250063844,0.));
#2599 = ORIENTED_EDGE('',*,*,#2600,.T.);
#2600 = EDGE_CURVE('',#2593,#2601,#2603,.T.);
#2601 = VERTEX_POINT('',#2602);
#2602 = CARTESIAN_POINT('',(162.384061,-126.852917,1.585));
#2603 = LINE('',#2604,#2605);
#2604 = CARTESIAN_POINT('',(162.338395,-126.756259,1.585));
#2605 = VECTOR('',#2606,1.);
#2606 = DIRECTION('',(0.42717414456,-0.904169370317,0.));
#2607 = ORIENTED_EDGE('',*,*,#2608,.T.);
#2608 = EDGE_CURVE('',#2601,#2609,#2611,.T.);
#2609 = VERTEX_POINT('',#2610);
#2610 = CARTESIAN_POINT('',(162.425143,-127.029552,1.585));
#2611 = LINE('',#2612,#2613);
#2612 = CARTESIAN_POINT('',(162.384061,-126.852917,1.585));
#2613 = VECTOR('',#2614,1.);
#2614 = DIRECTION('',(0.226534906389,-0.974003047319,0.));
#2615 = ORIENTED_EDGE('',*,*,#2616,.T.);
#2616 = EDGE_CURVE('',#2609,#2617,#2619,.T.);
#2617 = VERTEX_POINT('',#2618);
#2618 = CARTESIAN_POINT('',(162.422157,-127.168092,1.585));
#2619 = LINE('',#2620,#2621);
#2620 = CARTESIAN_POINT('',(162.425143,-127.029552,1.585));
#2621 = VECTOR('',#2622,1.);
#2622 = DIRECTION('',(-2.154833747325E-02,-0.999767807619,0.));
#2623 = ORIENTED_EDGE('',*,*,#2624,.T.);
#2624 = EDGE_CURVE('',#2617,#2625,#2627,.T.);
#2625 = VERTEX_POINT('',#2626);
#2626 = CARTESIAN_POINT('',(162.37649,-127.34094,1.585));
#2627 = LINE('',#2628,#2629);
#2628 = CARTESIAN_POINT('',(162.422157,-127.168092,1.585));
#2629 = VECTOR('',#2630,1.);
#2630 = DIRECTION('',(-0.255438377837,-0.96682533848,0.));
#2631 = ORIENTED_EDGE('',*,*,#2632,.T.);
#2632 = EDGE_CURVE('',#2625,#2633,#2635,.T.);
#2633 = VERTEX_POINT('',#2634);
#2634 = CARTESIAN_POINT('',(162.325955,-127.435452,1.585));
#2635 = LINE('',#2636,#2637);
#2636 = CARTESIAN_POINT('',(162.37649,-127.34094,1.585));
#2637 = VECTOR('',#2638,1.);
#2638 = DIRECTION('',(-0.471522162121,-0.881854211663,0.));
#2639 = ORIENTED_EDGE('',*,*,#2640,.T.);
#2640 = EDGE_CURVE('',#2633,#2641,#2643,.T.);
#2641 = VERTEX_POINT('',#2642);
#2642 = CARTESIAN_POINT('',(162.225,-127.533122,1.585));
#2643 = LINE('',#2644,#2645);
#2644 = CARTESIAN_POINT('',(162.325955,-127.435452,1.585));
#2645 = VECTOR('',#2646,1.);
#2646 = DIRECTION('',(-0.718703124394,-0.695317063638,0.));
#2647 = ORIENTED_EDGE('',*,*,#2648,.T.);
#2648 = EDGE_CURVE('',#2641,#2649,#2651,.T.);
#2649 = VERTEX_POINT('',#2650);
#2650 = CARTESIAN_POINT('',(162.077985,-127.584774,1.585));
#2651 = LINE('',#2652,#2653);
#2652 = CARTESIAN_POINT('',(162.225,-127.533122,1.585));
#2653 = VECTOR('',#2654,1.);
#2654 = DIRECTION('',(-0.943463990903,-0.331475033555,0.));
#2655 = ORIENTED_EDGE('',*,*,#2656,.T.);
#2656 = EDGE_CURVE('',#2649,#2657,#2659,.T.);
#2657 = VERTEX_POINT('',#2658);
#2658 = CARTESIAN_POINT('',(161.848491,-127.584774,1.585));
#2659 = LINE('',#2660,#2661);
#2660 = CARTESIAN_POINT('',(162.077985,-127.584774,1.585));
#2661 = VECTOR('',#2662,1.);
#2662 = DIRECTION('',(-1.,0.,0.));
#2663 = ORIENTED_EDGE('',*,*,#2664,.T.);
#2664 = EDGE_CURVE('',#2657,#2665,#2667,.T.);
#2665 = VERTEX_POINT('',#2666);
#2666 = CARTESIAN_POINT('',(161.769921,-127.506204,1.585));
#2667 = CIRCLE('',#2668,0.100002891901);
#2668 = AXIS2_PLACEMENT_3D('',#2669,#2670,#2671);
#2669 = CARTESIAN_POINT('',(161.86800207103,-127.4866929289,1.585));
#2670 = DIRECTION('',(0.,0.,-1.));
#2671 = DIRECTION('',(-0.195105068116,-0.980782347106,-0.));
#2672 = ORIENTED_EDGE('',*,*,#2673,.T.);
#2673 = EDGE_CURVE('',#2665,#2558,#2674,.T.);
#2674 = LINE('',#2675,#2676);
#2675 = CARTESIAN_POINT('',(161.769921,-127.506204,1.585));
#2676 = VECTOR('',#2677,1.);
#2677 = DIRECTION('',(0.,1.,0.));
#2678 = FACE_BOUND('',#2679,.F.);
#2679 = EDGE_LOOP('',(#2680,#2690,#2698,#2706,#2714,#2722,#2730,#2739,
    #2747,#2755));
#2680 = ORIENTED_EDGE('',*,*,#2681,.T.);
#2681 = EDGE_CURVE('',#2682,#2684,#2686,.T.);
#2682 = VERTEX_POINT('',#2683);
#2683 = CARTESIAN_POINT('',(162.118742,-126.812192,1.585));
#2684 = VERTEX_POINT('',#2685);
#2685 = CARTESIAN_POINT('',(162.042249,-126.786695,1.585));
#2686 = LINE('',#2687,#2688);
#2687 = CARTESIAN_POINT('',(162.118742,-126.812192,1.585));
#2688 = VECTOR('',#2689,1.);
#2689 = DIRECTION('',(-0.948685778473,0.316220324653,0.));
#2690 = ORIENTED_EDGE('',*,*,#2691,.T.);
#2691 = EDGE_CURVE('',#2684,#2692,#2694,.T.);
#2692 = VERTEX_POINT('',#2693);
#2693 = CARTESIAN_POINT('',(161.968,-126.786695,1.585));
#2694 = LINE('',#2695,#2696);
#2695 = CARTESIAN_POINT('',(162.042249,-126.786695,1.585));
#2696 = VECTOR('',#2697,1.);
#2697 = DIRECTION('',(-1.,0.,0.));
#2698 = ORIENTED_EDGE('',*,*,#2699,.T.);
#2699 = EDGE_CURVE('',#2692,#2700,#2702,.T.);
#2700 = VERTEX_POINT('',#2701);
#2701 = CARTESIAN_POINT('',(161.968,-127.386695,1.585));
#2702 = LINE('',#2703,#2704);
#2703 = CARTESIAN_POINT('',(161.968,-126.786695,1.585));
#2704 = VECTOR('',#2705,1.);
#2705 = DIRECTION('',(0.,-1.,0.));
#2706 = ORIENTED_EDGE('',*,*,#2707,.T.);
#2707 = EDGE_CURVE('',#2700,#2708,#2710,.T.);
#2708 = VERTEX_POINT('',#2709);
#2709 = CARTESIAN_POINT('',(162.042249,-127.386695,1.585));
#2710 = LINE('',#2711,#2712);
#2711 = CARTESIAN_POINT('',(161.968,-127.386695,1.585));
#2712 = VECTOR('',#2713,1.);
#2713 = DIRECTION('',(1.,0.,0.));
#2714 = ORIENTED_EDGE('',*,*,#2715,.T.);
#2715 = EDGE_CURVE('',#2708,#2716,#2718,.T.);
#2716 = VERTEX_POINT('',#2717);
#2717 = CARTESIAN_POINT('',(162.118743,-127.361197,1.585));
#2718 = LINE('',#2719,#2720);
#2719 = CARTESIAN_POINT('',(162.042249,-127.386695,1.585));
#2720 = VECTOR('',#2721,1.);
#2721 = DIRECTION('',(0.948683298051,0.316227766017,0.));
#2722 = ORIENTED_EDGE('',*,*,#2723,.T.);
#2723 = EDGE_CURVE('',#2716,#2724,#2726,.T.);
#2724 = VERTEX_POINT('',#2725);
#2725 = CARTESIAN_POINT('',(162.166765,-127.313174,1.585));
#2726 = LINE('',#2727,#2728);
#2727 = CARTESIAN_POINT('',(162.118743,-127.361197,1.585));
#2728 = VECTOR('',#2729,1.);
#2729 = DIRECTION('',(0.707099418904,0.707114143393,0.));
#2730 = ORIENTED_EDGE('',*,*,#2731,.T.);
#2731 = EDGE_CURVE('',#2724,#2732,#2734,.T.);
#2732 = VERTEX_POINT('',#2733);
#2733 = CARTESIAN_POINT('',(162.225143,-127.041862,1.585));
#2734 = CIRCLE('',#2735,0.445350084412);
#2735 = AXIS2_PLACEMENT_3D('',#2736,#2737,#2738);
#2736 = CARTESIAN_POINT('',(161.78224164388,-127.0884998219,1.585));
#2737 = DIRECTION('',(0.,0.,1.));
#2738 = DIRECTION('',(0.86341817275,-0.504488908664,0.));
#2739 = ORIENTED_EDGE('',*,*,#2740,.T.);
#2740 = EDGE_CURVE('',#2732,#2741,#2743,.T.);
#2741 = VERTEX_POINT('',#2742);
#2742 = CARTESIAN_POINT('',(162.192695,-126.912074,1.585));
#2743 = LINE('',#2744,#2745);
#2744 = CARTESIAN_POINT('',(162.225143,-127.041862,1.585));
#2745 = VECTOR('',#2746,1.);
#2746 = DIRECTION('',(-0.242542660146,0.970140741341,0.));
#2747 = ORIENTED_EDGE('',*,*,#2748,.T.);
#2748 = EDGE_CURVE('',#2741,#2749,#2751,.T.);
#2749 = VERTEX_POINT('',#2750);
#2750 = CARTESIAN_POINT('',(162.166766,-126.860216,1.585));
#2751 = LINE('',#2752,#2753);
#2752 = CARTESIAN_POINT('',(162.192695,-126.912074,1.585));
#2753 = VECTOR('',#2754,1.);
#2754 = DIRECTION('',(-0.4472135955,0.894427191,0.));
#2755 = ORIENTED_EDGE('',*,*,#2756,.T.);
#2756 = EDGE_CURVE('',#2749,#2682,#2757,.T.);
#2757 = LINE('',#2758,#2759);
#2758 = CARTESIAN_POINT('',(162.166766,-126.860216,1.585));
#2759 = VECTOR('',#2760,1.);
#2760 = DIRECTION('',(-0.707106781187,0.707106781187,0.));
#2761 = PLANE('',#2762);
#2762 = AXIS2_PLACEMENT_3D('',#2763,#2764,#2765);
#2763 = CARTESIAN_POINT('',(0.,0.,1.585));
#2764 = DIRECTION('',(0.,0.,1.));
#2765 = DIRECTION('',(1.,0.,-0.));
#2766 = SHELL_BASED_SURFACE_MODEL('',(#2767));
#2767 = OPEN_SHELL('',(#2768));
#2768 = ADVANCED_FACE('',(#2769),#2838,.T.);
#2769 = FACE_BOUND('',#2770,.F.);
#2770 = EDGE_LOOP('',(#2771,#2782,#2790,#2799,#2807,#2815,#2824,#2832));
#2771 = ORIENTED_EDGE('',*,*,#2772,.T.);
#2772 = EDGE_CURVE('',#2773,#2775,#2777,.T.);
#2773 = VERTEX_POINT('',#2774);
#2774 = CARTESIAN_POINT('',(163.219919,-126.784774,1.585));
#2775 = VERTEX_POINT('',#2776);
#2776 = CARTESIAN_POINT('',(163.219919,-126.588616,1.585));
#2777 = CIRCLE('',#2778,0.100000456609);
#2778 = AXIS2_PLACEMENT_3D('',#2779,#2780,#2781);
#2779 = CARTESIAN_POINT('',(163.239428,-126.686695,1.585));
#2780 = DIRECTION('',(0.,0.,-1.));
#2781 = DIRECTION('',(-0.195089109205,-0.980785521646,-0.));
#2782 = ORIENTED_EDGE('',*,*,#2783,.T.);
#2783 = EDGE_CURVE('',#2775,#2784,#2786,.T.);
#2784 = VERTEX_POINT('',#2785);
#2785 = CARTESIAN_POINT('',(163.71608,-126.588616,1.585));
#2786 = LINE('',#2787,#2788);
#2787 = CARTESIAN_POINT('',(163.219919,-126.588616,1.585));
#2788 = VECTOR('',#2789,1.);
#2789 = DIRECTION('',(1.,0.,0.));
#2790 = ORIENTED_EDGE('',*,*,#2791,.T.);
#2791 = EDGE_CURVE('',#2784,#2792,#2794,.T.);
#2792 = VERTEX_POINT('',#2793);
#2793 = CARTESIAN_POINT('',(163.71608,-126.784774,1.585));
#2794 = CIRCLE('',#2795,0.100000456609);
#2795 = AXIS2_PLACEMENT_3D('',#2796,#2797,#2798);
#2796 = CARTESIAN_POINT('',(163.696571,-126.686695,1.585));
#2797 = DIRECTION('',(0.,0.,-1.));
#2798 = DIRECTION('',(0.195089109206,0.980785521645,0.));
#2799 = ORIENTED_EDGE('',*,*,#2800,.T.);
#2800 = EDGE_CURVE('',#2792,#2801,#2803,.T.);
#2801 = VERTEX_POINT('',#2802);
#2802 = CARTESIAN_POINT('',(163.567999,-126.786695,1.585));
#2803 = LINE('',#2804,#2805);
#2804 = CARTESIAN_POINT('',(163.71608,-126.784774,1.585));
#2805 = VECTOR('',#2806,1.);
#2806 = DIRECTION('',(-0.999915866056,-1.297153840594E-02,0.));
#2807 = ORIENTED_EDGE('',*,*,#2808,.T.);
#2808 = EDGE_CURVE('',#2801,#2809,#2811,.T.);
#2809 = VERTEX_POINT('',#2810);
#2810 = CARTESIAN_POINT('',(163.566078,-127.506204,1.585));
#2811 = LINE('',#2812,#2813);
#2812 = CARTESIAN_POINT('',(163.567999,-126.786695,1.585));
#2813 = VECTOR('',#2814,1.);
#2814 = DIRECTION('',(-2.669866747107E-03,-0.999996435899,0.));
#2815 = ORIENTED_EDGE('',*,*,#2816,.T.);
#2816 = EDGE_CURVE('',#2809,#2817,#2819,.T.);
#2817 = VERTEX_POINT('',#2818);
#2818 = CARTESIAN_POINT('',(163.36992,-127.506204,1.585));
#2819 = CIRCLE('',#2820,0.100000456609);
#2820 = AXIS2_PLACEMENT_3D('',#2821,#2822,#2823);
#2821 = CARTESIAN_POINT('',(163.467999,-127.486695,1.585));
#2822 = DIRECTION('',(-0.,0.,-1.));
#2823 = DIRECTION('',(0.980785521645,-0.195089109206,-0.));
#2824 = ORIENTED_EDGE('',*,*,#2825,.T.);
#2825 = EDGE_CURVE('',#2817,#2826,#2828,.T.);
#2826 = VERTEX_POINT('',#2827);
#2827 = CARTESIAN_POINT('',(163.367999,-126.786695,1.585));
#2828 = LINE('',#2829,#2830);
#2829 = CARTESIAN_POINT('',(163.36992,-127.506204,1.585));
#2830 = VECTOR('',#2831,1.);
#2831 = DIRECTION('',(-2.669866747147E-03,0.999996435899,0.));
#2832 = ORIENTED_EDGE('',*,*,#2833,.T.);
#2833 = EDGE_CURVE('',#2826,#2773,#2834,.T.);
#2834 = LINE('',#2835,#2836);
#2835 = CARTESIAN_POINT('',(163.367999,-126.786695,1.585));
#2836 = VECTOR('',#2837,1.);
#2837 = DIRECTION('',(-0.99991586492,1.297162598938E-02,0.));
#2838 = PLANE('',#2839);
#2839 = AXIS2_PLACEMENT_3D('',#2840,#2841,#2842);
#2840 = CARTESIAN_POINT('',(0.,0.,1.585));
#2841 = DIRECTION('',(0.,0.,1.));
#2842 = DIRECTION('',(1.,0.,-0.));
#2843 = SHELL_BASED_SURFACE_MODEL('',(#2844));
#2844 = OPEN_SHELL('',(#2845));
#2845 = ADVANCED_FACE('',(#2846),#3032,.T.);
#2846 = FACE_BOUND('',#2847,.F.);
#2847 = EDGE_LOOP('',(#2848,#2859,#2867,#2876,#2884,#2892,#2900,#2908,
    #2917,#2925,#2934,#2942,#2951,#2959,#2968,#2976,#2985,#2993,#3001,
    #3009,#3018,#3026));
#2848 = ORIENTED_EDGE('',*,*,#2849,.T.);
#2849 = EDGE_CURVE('',#2850,#2852,#2854,.T.);
#2850 = VERTEX_POINT('',#2851);
#2851 = CARTESIAN_POINT('',(164.598014,-126.784774,1.585));
#2852 = VERTEX_POINT('',#2853);
#2853 = CARTESIAN_POINT('',(164.598014,-126.588616,1.585));
#2854 = CIRCLE('',#2855,0.100000456609);
#2855 = AXIS2_PLACEMENT_3D('',#2856,#2857,#2858);
#2856 = CARTESIAN_POINT('',(164.617523,-126.686695,1.585));
#2857 = DIRECTION('',(0.,0.,-1.));
#2858 = DIRECTION('',(-0.195089109205,-0.980785521646,-0.));
#2859 = ORIENTED_EDGE('',*,*,#2860,.T.);
#2860 = EDGE_CURVE('',#2852,#2861,#2863,.T.);
#2861 = VERTEX_POINT('',#2862);
#2862 = CARTESIAN_POINT('',(165.123078,-126.58771,1.585));
#2863 = LINE('',#2864,#2865);
#2864 = CARTESIAN_POINT('',(164.598014,-126.588616,1.585));
#2865 = VECTOR('',#2866,1.);
#2866 = DIRECTION('',(0.999998511321,1.725501369848E-03,0.));
#2867 = ORIENTED_EDGE('',*,*,#2868,.T.);
#2868 = EDGE_CURVE('',#2861,#2869,#2871,.T.);
#2869 = VERTEX_POINT('',#2870);
#2870 = CARTESIAN_POINT('',(165.21084,-126.706204,1.585));
#2871 = CIRCLE('',#2872,9.930018425996E-02);
#2872 = AXIS2_PLACEMENT_3D('',#2873,#2874,#2875);
#2873 = CARTESIAN_POINT('',(165.11350473341,-126.6865476404,1.585));
#2874 = DIRECTION('',(0.,0.,-1.));
#2875 = DIRECTION('',(9.640733960667E-02,0.995341963784,0.));
#2876 = ORIENTED_EDGE('',*,*,#2877,.T.);
#2877 = EDGE_CURVE('',#2869,#2878,#2880,.T.);
#2878 = VERTEX_POINT('',#2879);
#2879 = CARTESIAN_POINT('',(165.194048,-126.744111,1.585));
#2880 = LINE('',#2881,#2882);
#2881 = CARTESIAN_POINT('',(165.21084,-126.706204,1.585));
#2882 = VECTOR('',#2883,1.);
#2883 = DIRECTION('',(-0.405019203101,-0.914308178417,0.));
#2884 = ORIENTED_EDGE('',*,*,#2885,.T.);
#2885 = EDGE_CURVE('',#2878,#2886,#2888,.T.);
#2886 = VERTEX_POINT('',#2887);
#2887 = CARTESIAN_POINT('',(165.041367,-126.920147,1.585));
#2888 = LINE('',#2889,#2890);
#2889 = CARTESIAN_POINT('',(165.194048,-126.744111,1.585));
#2890 = VECTOR('',#2891,1.);
#2891 = DIRECTION('',(-0.655215913663,-0.75544166319,0.));
#2892 = ORIENTED_EDGE('',*,*,#2893,.T.);
#2893 = EDGE_CURVE('',#2886,#2894,#2896,.T.);
#2894 = VERTEX_POINT('',#2895);
#2895 = CARTESIAN_POINT('',(165.099612,-126.952546,1.585));
#2896 = LINE('',#2897,#2898);
#2897 = CARTESIAN_POINT('',(165.041367,-126.920147,1.585));
#2898 = VECTOR('',#2899,1.);
#2899 = DIRECTION('',(0.87389812338,-0.486109113218,0.));
#2900 = ORIENTED_EDGE('',*,*,#2901,.T.);
#2901 = EDGE_CURVE('',#2894,#2902,#2904,.T.);
#2902 = VERTEX_POINT('',#2903);
#2903 = CARTESIAN_POINT('',(165.158824,-127.01453,1.585));
#2904 = LINE('',#2905,#2906);
#2905 = CARTESIAN_POINT('',(165.099612,-126.952546,1.585));
#2906 = VECTOR('',#2907,1.);
#2907 = DIRECTION('',(0.690753151872,-0.723090646585,0.));
#2908 = ORIENTED_EDGE('',*,*,#2909,.T.);
#2909 = EDGE_CURVE('',#2902,#2910,#2912,.T.);
#2910 = VERTEX_POINT('',#2911);
#2911 = CARTESIAN_POINT('',(165.157814,-127.46606,1.585));
#2912 = CIRCLE('',#2913,0.401979724053);
#2913 = AXIS2_PLACEMENT_3D('',#2914,#2915,#2916);
#2914 = CARTESIAN_POINT('',(164.82572757672,-127.2395510464,1.585));
#2915 = DIRECTION('',(0.,0.,-1.));
#2916 = DIRECTION('',(0.828639862508,0.559782081048,0.));
#2917 = ORIENTED_EDGE('',*,*,#2918,.T.);
#2918 = EDGE_CURVE('',#2910,#2919,#2921,.T.);
#2919 = VERTEX_POINT('',#2920);
#2920 = CARTESIAN_POINT('',(165.089687,-127.532758,1.585));
#2921 = LINE('',#2922,#2923);
#2922 = CARTESIAN_POINT('',(165.157814,-127.46606,1.585));
#2923 = VECTOR('',#2924,1.);
#2924 = DIRECTION('',(-0.71456121782,-0.699572916849,0.));
#2925 = ORIENTED_EDGE('',*,*,#2926,.T.);
#2926 = EDGE_CURVE('',#2919,#2927,#2929,.T.);
#2927 = VERTEX_POINT('',#2928);
#2928 = CARTESIAN_POINT('',(164.600059,-127.531746,1.585));
#2929 = CIRCLE('',#2930,0.445949892396);
#2930 = AXIS2_PLACEMENT_3D('',#2931,#2932,#2933);
#2931 = CARTESIAN_POINT('',(164.84564341111,-127.1595100485,1.585));
#2932 = DIRECTION('',(-0.,0.,-1.));
#2933 = DIRECTION('',(0.547244417015,-0.836972847855,-0.));
#2934 = ORIENTED_EDGE('',*,*,#2935,.T.);
#2935 = EDGE_CURVE('',#2927,#2936,#2938,.T.);
#2936 = VERTEX_POINT('',#2937);
#2937 = CARTESIAN_POINT('',(164.534375,-127.46606,1.585));
#2938 = LINE('',#2939,#2940);
#2939 = CARTESIAN_POINT('',(164.600059,-127.531746,1.585));
#2940 = VECTOR('',#2941,1.);
#2941 = DIRECTION('',(-0.707096015986,0.707117546223,0.));
#2942 = ORIENTED_EDGE('',*,*,#2943,.T.);
#2943 = EDGE_CURVE('',#2936,#2944,#2946,.T.);
#2944 = VERTEX_POINT('',#2945);
#2945 = CARTESIAN_POINT('',(164.673081,-127.327357,1.585));
#2946 = CIRCLE('',#2947,0.100000393404);
#2947 = AXIS2_PLACEMENT_3D('',#2948,#2949,#2950);
#2948 = CARTESIAN_POINT('',(164.61752294993,-127.4105037483,1.585));
#2949 = DIRECTION('',(0.,0.,-1.));
#2950 = DIRECTION('',(-0.831476228315,-0.555560331329,-0.));
#2951 = ORIENTED_EDGE('',*,*,#2952,.T.);
#2952 = EDGE_CURVE('',#2944,#2953,#2955,.T.);
#2953 = VERTEX_POINT('',#2954);
#2954 = CARTESIAN_POINT('',(164.714854,-127.366414,1.585));
#2955 = LINE('',#2956,#2957);
#2956 = CARTESIAN_POINT('',(164.673081,-127.327357,1.585));
#2957 = VECTOR('',#2958,1.);
#2958 = DIRECTION('',(0.730454304293,-0.682961572374,0.));
#2959 = ORIENTED_EDGE('',*,*,#2960,.T.);
#2960 = EDGE_CURVE('',#2953,#2961,#2963,.T.);
#2961 = VERTEX_POINT('',#2962);
#2962 = CARTESIAN_POINT('',(164.977333,-127.366415,1.585));
#2963 = CIRCLE('',#2964,0.249146518285);
#2964 = AXIS2_PLACEMENT_3D('',#2965,#2966,#2967);
#2965 = CARTESIAN_POINT('',(164.84609430684,-127.1546358863,1.585));
#2966 = DIRECTION('',(0.,0.,1.));
#2967 = DIRECTION('',(-0.526759545923,-0.850014341513,0.));
#2968 = ORIENTED_EDGE('',*,*,#2969,.T.);
#2969 = EDGE_CURVE('',#2961,#2970,#2972,.T.);
#2970 = VERTEX_POINT('',#2971);
#2971 = CARTESIAN_POINT('',(164.99248,-127.351267,1.585));
#2972 = LINE('',#2973,#2974);
#2973 = CARTESIAN_POINT('',(164.977333,-127.366415,1.585));
#2974 = VECTOR('',#2975,1.);
#2975 = DIRECTION('',(0.707083440093,0.70713012151,0.));
#2976 = ORIENTED_EDGE('',*,*,#2977,.T.);
#2977 = EDGE_CURVE('',#2970,#2978,#2980,.T.);
#2978 = VERTEX_POINT('',#2979);
#2979 = CARTESIAN_POINT('',(164.99248,-127.126882,1.585));
#2980 = CIRCLE('',#2981,0.206761490999);
#2981 = AXIS2_PLACEMENT_3D('',#2982,#2983,#2984);
#2982 = CARTESIAN_POINT('',(164.8188045639,-127.2390745,1.585));
#2983 = DIRECTION('',(0.,-0.,1.));
#2984 = DIRECTION('',(0.839979607706,-0.542617967486,-0.));
#2985 = ORIENTED_EDGE('',*,*,#2986,.T.);
#2986 = EDGE_CURVE('',#2978,#2987,#2989,.T.);
#2987 = VERTEX_POINT('',#2988);
#2988 = CARTESIAN_POINT('',(164.977334,-127.111737,1.585));
#2989 = LINE('',#2990,#2991);
#2990 = CARTESIAN_POINT('',(164.99248,-127.126882,1.585));
#2991 = VECTOR('',#2992,1.);
#2992 = DIRECTION('',(-0.707130124592,0.70708343701,0.));
#2993 = ORIENTED_EDGE('',*,*,#2994,.T.);
#2994 = EDGE_CURVE('',#2987,#2995,#2997,.T.);
#2995 = VERTEX_POINT('',#2996);
#2996 = CARTESIAN_POINT('',(164.936773,-127.091457,1.585));
#2997 = LINE('',#2998,#2999);
#2998 = CARTESIAN_POINT('',(164.977334,-127.111737,1.585));
#2999 = VECTOR('',#3000,1.);
#3000 = DIRECTION('',(-0.89443160126,0.447204774871,0.));
#3001 = ORIENTED_EDGE('',*,*,#3002,.T.);
#3002 = EDGE_CURVE('',#2995,#3003,#3005,.T.);
#3003 = VERTEX_POINT('',#3004);
#3004 = CARTESIAN_POINT('',(164.826586,-127.089536,1.585));
#3005 = LINE('',#3006,#3007);
#3006 = CARTESIAN_POINT('',(164.936773,-127.091457,1.585));
#3007 = VECTOR('',#3008,1.);
#3008 = DIRECTION('',(-0.999848062482,1.743134968769E-02,0.));
#3009 = ORIENTED_EDGE('',*,*,#3010,.T.);
#3010 = EDGE_CURVE('',#3003,#3011,#3013,.T.);
#3011 = VERTEX_POINT('',#3012);
#3012 = CARTESIAN_POINT('',(164.764807,-126.93404,1.585));
#3013 = CIRCLE('',#3014,9.953597378731E-02);
#3014 = AXIS2_PLACEMENT_3D('',#3015,#3016,#3017);
#3015 = CARTESIAN_POINT('',(164.84581617827,-126.9918753102,1.585));
#3016 = DIRECTION('',(0.,0.,-1.));
#3017 = DIRECTION('',(-0.193198273414,-0.981159735797,-0.));
#3018 = ORIENTED_EDGE('',*,*,#3019,.T.);
#3019 = EDGE_CURVE('',#3011,#3020,#3022,.T.);
#3020 = VERTEX_POINT('',#3021);
#3021 = CARTESIAN_POINT('',(164.892385,-126.786695,1.585));
#3022 = LINE('',#3023,#3024);
#3023 = CARTESIAN_POINT('',(164.764807,-126.93404,1.585));
#3024 = VECTOR('',#3025,1.);
#3025 = DIRECTION('',(0.654575933958,0.755996261025,0.));
#3026 = ORIENTED_EDGE('',*,*,#3027,.T.);
#3027 = EDGE_CURVE('',#3020,#2850,#3028,.T.);
#3028 = LINE('',#3029,#3030);
#3029 = CARTESIAN_POINT('',(164.892385,-126.786695,1.585));
#3030 = VECTOR('',#3031,1.);
#3031 = DIRECTION('',(-0.999978707786,6.525639745944E-03,0.));
#3032 = PLANE('',#3033);
#3033 = AXIS2_PLACEMENT_3D('',#3034,#3035,#3036);
#3034 = CARTESIAN_POINT('',(0.,0.,1.585));
#3035 = DIRECTION('',(0.,0.,1.));
#3036 = DIRECTION('',(1.,0.,-0.));
#3037 = SHELL_BASED_SURFACE_MODEL('',(#3038));
#3038 = OPEN_SHELL('',(#3039));
#3039 = ADVANCED_FACE('',(#3040),#3215,.T.);
#3040 = FACE_BOUND('',#3041,.F.);
#3041 = EDGE_LOOP('',(#3042,#3052,#3060,#3068,#3076,#3084,#3093,#3101,
    #3110,#3118,#3126,#3134,#3142,#3150,#3159,#3167,#3175,#3183,#3192,
    #3200,#3209));
#3042 = ORIENTED_EDGE('',*,*,#3043,.T.);
#3043 = EDGE_CURVE('',#3044,#3046,#3048,.T.);
#3044 = VERTEX_POINT('',#3045);
#3045 = CARTESIAN_POINT('',(155.593216,-126.214834,1.585));
#3046 = VERTEX_POINT('',#3047);
#3047 = CARTESIAN_POINT('',(155.713663,-126.156774,1.585));
#3048 = LINE('',#3049,#3050);
#3049 = CARTESIAN_POINT('',(155.593216,-126.214834,1.585));
#3050 = VECTOR('',#3051,1.);
#3051 = DIRECTION('',(0.900805720197,0.434222356012,0.));
#3052 = ORIENTED_EDGE('',*,*,#3053,.T.);
#3053 = EDGE_CURVE('',#3046,#3054,#3056,.T.);
#3054 = VERTEX_POINT('',#3055);
#3055 = CARTESIAN_POINT('',(155.830938,-126.156062,1.585));
#3056 = LINE('',#3057,#3058);
#3057 = CARTESIAN_POINT('',(155.713663,-126.156774,1.585));
#3058 = VECTOR('',#3059,1.);
#3059 = DIRECTION('',(0.999981570774,6.071088282957E-03,0.));
#3060 = ORIENTED_EDGE('',*,*,#3061,.T.);
#3061 = EDGE_CURVE('',#3054,#3062,#3064,.T.);
#3062 = VERTEX_POINT('',#3063);
#3063 = CARTESIAN_POINT('',(156.008058,-126.215592,1.585));
#3064 = LINE('',#3065,#3066);
#3065 = CARTESIAN_POINT('',(155.830938,-126.156062,1.585));
#3066 = VECTOR('',#3067,1.);
#3067 = DIRECTION('',(0.947893661994,-0.318586888542,0.));
#3068 = ORIENTED_EDGE('',*,*,#3069,.T.);
#3069 = EDGE_CURVE('',#3062,#3070,#3072,.T.);
#3070 = VERTEX_POINT('',#3071);
#3071 = CARTESIAN_POINT('',(156.462819,-126.668314,1.585));
#3072 = LINE('',#3073,#3074);
#3073 = CARTESIAN_POINT('',(156.008058,-126.215592,1.585));
#3074 = VECTOR('',#3075,1.);
#3075 = DIRECTION('',(0.708693772163,-0.705516220435,0.));
#3076 = ORIENTED_EDGE('',*,*,#3077,.T.);
#3077 = EDGE_CURVE('',#3070,#3078,#3080,.T.);
#3078 = VERTEX_POINT('',#3079);
#3079 = CARTESIAN_POINT('',(156.46426,-126.215701,1.585));
#3080 = LINE('',#3081,#3082);
#3081 = CARTESIAN_POINT('',(156.462819,-126.668314,1.585));
#3082 = VECTOR('',#3083,1.);
#3083 = DIRECTION('',(3.183719197072E-03,0.999994931953,0.));
#3084 = ORIENTED_EDGE('',*,*,#3085,.T.);
#3085 = EDGE_CURVE('',#3078,#3086,#3088,.T.);
#3086 = VERTEX_POINT('',#3087);
#3087 = CARTESIAN_POINT('',(156.612819,-126.230333,1.585));
#3088 = CIRCLE('',#3089,7.500006711465E-02);
#3089 = AXIS2_PLACEMENT_3D('',#3090,#3091,#3092);
#3090 = CARTESIAN_POINT('',(156.53781893288,-126.2303329328,1.585));
#3091 = DIRECTION('',(0.,0.,-1.));
#3092 = DIRECTION('',(-0.980784894138,0.195092263892,0.));
#3093 = ORIENTED_EDGE('',*,*,#3094,.T.);
#3094 = EDGE_CURVE('',#3086,#3095,#3097,.T.);
#3095 = VERTEX_POINT('',#3096);
#3096 = CARTESIAN_POINT('',(156.611378,-126.864012,1.585));
#3097 = LINE('',#3098,#3099);
#3098 = CARTESIAN_POINT('',(156.612819,-126.230333,1.585));
#3099 = VECTOR('',#3100,1.);
#3100 = DIRECTION('',(-2.274016140951E-03,-0.999997414422,0.));
#3101 = ORIENTED_EDGE('',*,*,#3102,.T.);
#3102 = EDGE_CURVE('',#3095,#3103,#3105,.T.);
#3103 = VERTEX_POINT('',#3104);
#3104 = CARTESIAN_POINT('',(156.552451,-126.922939,1.585));
#3105 = CIRCLE('',#3106,7.499663284017E-02);
#3106 = AXIS2_PLACEMENT_3D('',#3107,#3108,#3109);
#3107 = CARTESIAN_POINT('',(156.53782198775,-126.8493829877,1.585));
#3108 = DIRECTION('',(0.,0.,-1.));
#3109 = DIRECTION('',(0.980790863048,-0.195062254064,0.));
#3110 = ORIENTED_EDGE('',*,*,#3111,.T.);
#3111 = EDGE_CURVE('',#3103,#3112,#3114,.T.);
#3112 = VERTEX_POINT('',#3113);
#3113 = CARTESIAN_POINT('',(156.515268,-126.919659,1.585));
#3114 = LINE('',#3115,#3116);
#3115 = CARTESIAN_POINT('',(156.552451,-126.922939,1.585));
#3116 = VECTOR('',#3117,1.);
#3117 = DIRECTION('',(-0.996131850392,8.787113652183E-02,0.));
#3118 = ORIENTED_EDGE('',*,*,#3119,.T.);
#3119 = EDGE_CURVE('',#3112,#3120,#3122,.T.);
#3120 = VERTEX_POINT('',#3121);
#3121 = CARTESIAN_POINT('',(156.484786,-126.902413,1.585));
#3122 = LINE('',#3123,#3124);
#3123 = CARTESIAN_POINT('',(156.515268,-126.919659,1.585));
#3124 = VECTOR('',#3125,1.);
#3125 = DIRECTION('',(-0.870354298731,0.492426029654,0.));
#3126 = ORIENTED_EDGE('',*,*,#3127,.T.);
#3127 = EDGE_CURVE('',#3120,#3128,#3130,.T.);
#3128 = VERTEX_POINT('',#3129);
#3129 = CARTESIAN_POINT('',(155.925876,-126.343504,1.585));
#3130 = LINE('',#3131,#3132);
#3131 = CARTESIAN_POINT('',(156.484786,-126.902413,1.585));
#3132 = VECTOR('',#3133,1.);
#3133 = DIRECTION('',(-0.707107413763,0.707106148609,0.));
#3134 = ORIENTED_EDGE('',*,*,#3135,.T.);
#3135 = EDGE_CURVE('',#3128,#3136,#3138,.T.);
#3136 = VERTEX_POINT('',#3137);
#3137 = CARTESIAN_POINT('',(155.811363,-126.305333,1.585));
#3138 = LINE('',#3139,#3140);
#3139 = CARTESIAN_POINT('',(155.925876,-126.343504,1.585));
#3140 = VECTOR('',#3141,1.);
#3141 = DIRECTION('',(-0.948683298051,0.316227766017,0.));
#3142 = ORIENTED_EDGE('',*,*,#3143,.T.);
#3143 = EDGE_CURVE('',#3136,#3144,#3146,.T.);
#3144 = VERTEX_POINT('',#3145);
#3145 = CARTESIAN_POINT('',(155.746,-126.305333,1.585));
#3146 = LINE('',#3147,#3148);
#3147 = CARTESIAN_POINT('',(155.811363,-126.305333,1.585));
#3148 = VECTOR('',#3149,1.);
#3149 = DIRECTION('',(-1.,0.,0.));
#3150 = ORIENTED_EDGE('',*,*,#3151,.T.);
#3151 = EDGE_CURVE('',#3144,#3152,#3154,.T.);
#3152 = VERTEX_POINT('',#3153);
#3153 = CARTESIAN_POINT('',(155.612819,-126.438514,1.585));
#3154 = CIRCLE('',#3155,0.18686440374);
#3155 = AXIS2_PLACEMENT_3D('',#3156,#3157,#3158);
#3156 = CARTESIAN_POINT('',(155.793536,-126.48605,1.585));
#3157 = DIRECTION('',(0.,0.,1.));
#3158 = DIRECTION('',(-0.254387668537,0.967102328658,0.));
#3159 = ORIENTED_EDGE('',*,*,#3160,.T.);
#3160 = EDGE_CURVE('',#3152,#3161,#3163,.T.);
#3161 = VERTEX_POINT('',#3162);
#3162 = CARTESIAN_POINT('',(155.612819,-126.641199,1.585));
#3163 = LINE('',#3164,#3165);
#3164 = CARTESIAN_POINT('',(155.612819,-126.438514,1.585));
#3165 = VECTOR('',#3166,1.);
#3166 = DIRECTION('',(0.,-1.,0.));
#3167 = ORIENTED_EDGE('',*,*,#3168,.T.);
#3168 = EDGE_CURVE('',#3161,#3169,#3171,.T.);
#3169 = VERTEX_POINT('',#3170);
#3170 = CARTESIAN_POINT('',(155.647077,-126.709715,1.585));
#3171 = LINE('',#3172,#3173);
#3172 = CARTESIAN_POINT('',(155.612819,-126.641199,1.585));
#3173 = VECTOR('',#3174,1.);
#3174 = DIRECTION('',(0.4472135955,-0.894427191,0.));
#3175 = ORIENTED_EDGE('',*,*,#3176,.T.);
#3176 = EDGE_CURVE('',#3169,#3177,#3179,.T.);
#3177 = VERTEX_POINT('',#3178);
#3178 = CARTESIAN_POINT('',(155.695417,-126.760093,1.585));
#3179 = LINE('',#3180,#3181);
#3180 = CARTESIAN_POINT('',(155.647077,-126.709715,1.585));
#3181 = VECTOR('',#3182,1.);
#3182 = DIRECTION('',(0.692361271629,-0.721551016594,0.));
#3183 = ORIENTED_EDGE('',*,*,#3184,.T.);
#3184 = EDGE_CURVE('',#3177,#3185,#3187,.T.);
#3185 = VERTEX_POINT('',#3186);
#3186 = CARTESIAN_POINT('',(155.580024,-126.854794,1.585));
#3187 = CIRCLE('',#3188,7.500003178655E-02);
#3188 = AXIS2_PLACEMENT_3D('',#3189,#3190,#3191);
#3189 = CARTESIAN_POINT('',(155.63305656212,-126.8017605,1.585));
#3190 = DIRECTION('',(0.,0.,-1.));
#3191 = DIRECTION('',(0.83147215258,0.555566431206,0.));
#3192 = ORIENTED_EDGE('',*,*,#3193,.T.);
#3193 = EDGE_CURVE('',#3185,#3194,#3196,.T.);
#3194 = VERTEX_POINT('',#3195);
#3195 = CARTESIAN_POINT('',(155.518356,-126.787683,1.585));
#3196 = LINE('',#3197,#3198);
#3197 = CARTESIAN_POINT('',(155.580024,-126.854794,1.585));
#3198 = VECTOR('',#3199,1.);
#3199 = DIRECTION('',(-0.676615964248,0.736336089652,0.));
#3200 = ORIENTED_EDGE('',*,*,#3201,.T.);
#3201 = EDGE_CURVE('',#3194,#3202,#3204,.T.);
#3202 = VERTEX_POINT('',#3203);
#3203 = CARTESIAN_POINT('',(155.527686,-126.278287,1.585));
#3204 = CIRCLE('',#3205,0.450051227017);
#3205 = AXIS2_PLACEMENT_3D('',#3206,#3207,#3208);
#3206 = CARTESIAN_POINT('',(155.89397532415,-126.5397793286,1.585));
#3207 = DIRECTION('',(0.,0.,-1.));
#3208 = DIRECTION('',(-0.834614598528,-0.550834341634,-0.));
#3209 = ORIENTED_EDGE('',*,*,#3210,.T.);
#3210 = EDGE_CURVE('',#3202,#3044,#3211,.T.);
#3211 = LINE('',#3212,#3213);
#3212 = CARTESIAN_POINT('',(155.527686,-126.278287,1.585));
#3213 = VECTOR('',#3214,1.);
#3214 = DIRECTION('',(0.718400113328,0.695630129574,0.));
#3215 = PLANE('',#3216);
#3216 = AXIS2_PLACEMENT_3D('',#3217,#3218,#3219);
#3217 = CARTESIAN_POINT('',(0.,0.,1.585));
#3218 = DIRECTION('',(0.,0.,1.));
#3219 = DIRECTION('',(1.,0.,-0.));
#3220 = SHELL_BASED_SURFACE_MODEL('',(#3221));
#3221 = OPEN_SHELL('',(#3222));
#3222 = ADVANCED_FACE('',(#3223),#3382,.T.);
#3223 = FACE_BOUND('',#3224,.F.);
#3224 = EDGE_LOOP('',(#3225,#3236,#3244,#3252,#3260,#3268,#3276,#3284,
    #3293,#3301,#3310,#3318,#3326,#3334,#3343,#3351,#3359,#3367,#3376));
#3225 = ORIENTED_EDGE('',*,*,#3226,.T.);
#3226 = EDGE_CURVE('',#3227,#3229,#3231,.T.);
#3227 = VERTEX_POINT('',#3228);
#3228 = CARTESIAN_POINT('',(144.093964,-124.429756,1.585));
#3229 = VERTEX_POINT('',#3230);
#3230 = CARTESIAN_POINT('',(144.603359,-124.439086,1.585));
#3231 = CIRCLE('',#3232,0.450326844012);
#3232 = AXIS2_PLACEMENT_3D('',#3233,#3234,#3235);
#3233 = CARTESIAN_POINT('',(144.3418610301,-124.8057098919,1.585));
#3234 = DIRECTION('',(0.,0.,-1.));
#3235 = DIRECTION('',(-0.550482462684,0.834846727416,0.));
#3236 = ORIENTED_EDGE('',*,*,#3237,.T.);
#3237 = EDGE_CURVE('',#3229,#3238,#3240,.T.);
#3238 = VERTEX_POINT('',#3239);
#3239 = CARTESIAN_POINT('',(144.666812,-124.504616,1.585));
#3240 = LINE('',#3241,#3242);
#3241 = CARTESIAN_POINT('',(144.603359,-124.439086,1.585));
#3242 = VECTOR('',#3243,1.);
#3243 = DIRECTION('',(0.695630129574,-0.718400113328,0.));
#3244 = ORIENTED_EDGE('',*,*,#3245,.T.);
#3245 = EDGE_CURVE('',#3238,#3246,#3248,.T.);
#3246 = VERTEX_POINT('',#3247);
#3247 = CARTESIAN_POINT('',(144.724873,-124.625063,1.585));
#3248 = LINE('',#3249,#3250);
#3249 = CARTESIAN_POINT('',(144.666812,-124.504616,1.585));
#3250 = VECTOR('',#3251,1.);
#3251 = DIRECTION('',(0.434228424707,-0.900802794831,0.));
#3252 = ORIENTED_EDGE('',*,*,#3253,.T.);
#3253 = EDGE_CURVE('',#3246,#3254,#3256,.T.);
#3254 = VERTEX_POINT('',#3255);
#3255 = CARTESIAN_POINT('',(144.724114,-124.751395,1.585));
#3256 = LINE('',#3257,#3258);
#3257 = CARTESIAN_POINT('',(144.724873,-124.625063,1.585));
#3258 = VECTOR('',#3259,1.);
#3259 = DIRECTION('',(-6.007870547658E-03,-0.999981952583,0.));
#3260 = ORIENTED_EDGE('',*,*,#3261,.T.);
#3261 = EDGE_CURVE('',#3254,#3262,#3264,.T.);
#3262 = VERTEX_POINT('',#3263);
#3263 = CARTESIAN_POINT('',(144.666056,-124.919458,1.585));
#3264 = LINE('',#3265,#3266);
#3265 = CARTESIAN_POINT('',(144.724114,-124.751395,1.585));
#3266 = VECTOR('',#3267,1.);
#3267 = DIRECTION('',(-0.326519613327,-0.945190426376,0.));
#3268 = ORIENTED_EDGE('',*,*,#3269,.T.);
#3269 = EDGE_CURVE('',#3262,#3270,#3272,.T.);
#3270 = VERTEX_POINT('',#3271);
#3271 = CARTESIAN_POINT('',(144.213333,-125.374219,1.585));
#3272 = LINE('',#3273,#3274);
#3273 = CARTESIAN_POINT('',(144.666056,-124.919458,1.585));
#3274 = VECTOR('',#3275,1.);
#3275 = DIRECTION('',(-0.705517003129,-0.708692992978,0.));
#3276 = ORIENTED_EDGE('',*,*,#3277,.T.);
#3277 = EDGE_CURVE('',#3270,#3278,#3280,.T.);
#3278 = VERTEX_POINT('',#3279);
#3279 = CARTESIAN_POINT('',(144.665946,-125.37566,1.585));
#3280 = LINE('',#3281,#3282);
#3281 = CARTESIAN_POINT('',(144.213333,-125.374219,1.585));
#3282 = VECTOR('',#3283,1.);
#3283 = DIRECTION('',(0.999994931953,-3.183719197072E-03,0.));
#3284 = ORIENTED_EDGE('',*,*,#3285,.T.);
#3285 = EDGE_CURVE('',#3278,#3286,#3288,.T.);
#3286 = VERTEX_POINT('',#3287);
#3287 = CARTESIAN_POINT('',(144.651314,-125.524219,1.585));
#3288 = CIRCLE('',#3289,7.500006711464E-02);
#3289 = AXIS2_PLACEMENT_3D('',#3290,#3291,#3292);
#3290 = CARTESIAN_POINT('',(144.65131406711,-125.4492189328,1.585));
#3291 = DIRECTION('',(0.,0.,-1.));
#3292 = DIRECTION('',(0.195092263891,0.980784894138,0.));
#3293 = ORIENTED_EDGE('',*,*,#3294,.T.);
#3294 = EDGE_CURVE('',#3286,#3295,#3297,.T.);
#3295 = VERTEX_POINT('',#3296);
#3296 = CARTESIAN_POINT('',(144.017635,-125.522778,1.585));
#3297 = LINE('',#3298,#3299);
#3298 = CARTESIAN_POINT('',(144.651314,-125.524219,1.585));
#3299 = VECTOR('',#3300,1.);
#3300 = DIRECTION('',(-0.999997414422,2.274016140951E-03,0.));
#3301 = ORIENTED_EDGE('',*,*,#3302,.T.);
#3302 = EDGE_CURVE('',#3295,#3303,#3305,.T.);
#3303 = VERTEX_POINT('',#3304);
#3304 = CARTESIAN_POINT('',(143.979234,-125.396186,1.585));
#3305 = CIRCLE('',#3306,7.500021013112E-02);
#3306 = AXIS2_PLACEMENT_3D('',#3307,#3308,#3309);
#3307 = CARTESIAN_POINT('',(144.0322673167,-125.4492189976,1.585));
#3308 = DIRECTION('',(0.,0.,-1.));
#3309 = DIRECTION('',(-0.195097009436,-0.980783950169,-0.));
#3310 = ORIENTED_EDGE('',*,*,#3311,.T.);
#3311 = EDGE_CURVE('',#3303,#3312,#3314,.T.);
#3312 = VERTEX_POINT('',#3313);
#3313 = CARTESIAN_POINT('',(144.538142,-124.837276,1.585));
#3314 = LINE('',#3315,#3316);
#3315 = CARTESIAN_POINT('',(143.979234,-125.396186,1.585));
#3316 = VECTOR('',#3317,1.);
#3317 = DIRECTION('',(0.70710551603,0.707108046341,0.));
#3318 = ORIENTED_EDGE('',*,*,#3319,.T.);
#3319 = EDGE_CURVE('',#3312,#3320,#3322,.T.);
#3320 = VERTEX_POINT('',#3321);
#3321 = CARTESIAN_POINT('',(144.576314,-124.722763,1.585));
#3322 = LINE('',#3323,#3324);
#3323 = CARTESIAN_POINT('',(144.538142,-124.837276,1.585));
#3324 = VECTOR('',#3325,1.);
#3325 = DIRECTION('',(0.31623522204,0.948680812677,0.));
#3326 = ORIENTED_EDGE('',*,*,#3327,.T.);
#3327 = EDGE_CURVE('',#3320,#3328,#3330,.T.);
#3328 = VERTEX_POINT('',#3329);
#3329 = CARTESIAN_POINT('',(144.576314,-124.6574,1.585));
#3330 = LINE('',#3331,#3332);
#3331 = CARTESIAN_POINT('',(144.576314,-124.722763,1.585));
#3332 = VECTOR('',#3333,1.);
#3333 = DIRECTION('',(0.,1.,0.));
#3334 = ORIENTED_EDGE('',*,*,#3335,.T.);
#3335 = EDGE_CURVE('',#3328,#3336,#3338,.T.);
#3336 = VERTEX_POINT('',#3337);
#3337 = CARTESIAN_POINT('',(144.443133,-124.524219,1.585));
#3338 = CIRCLE('',#3339,0.18686440374);
#3339 = AXIS2_PLACEMENT_3D('',#3340,#3341,#3342);
#3340 = CARTESIAN_POINT('',(144.395597,-124.704936,1.585));
#3341 = DIRECTION('',(0.,0.,1.));
#3342 = DIRECTION('',(0.967102328658,0.254387668537,-0.));
#3343 = ORIENTED_EDGE('',*,*,#3344,.T.);
#3344 = EDGE_CURVE('',#3336,#3345,#3347,.T.);
#3345 = VERTEX_POINT('',#3346);
#3346 = CARTESIAN_POINT('',(144.240448,-124.524219,1.585));
#3347 = LINE('',#3348,#3349);
#3348 = CARTESIAN_POINT('',(144.443133,-124.524219,1.585));
#3349 = VECTOR('',#3350,1.);
#3350 = DIRECTION('',(-1.,0.,0.));
#3351 = ORIENTED_EDGE('',*,*,#3352,.T.);
#3352 = EDGE_CURVE('',#3345,#3353,#3355,.T.);
#3353 = VERTEX_POINT('',#3354);
#3354 = CARTESIAN_POINT('',(144.171932,-124.558477,1.585));
#3355 = LINE('',#3356,#3357);
#3356 = CARTESIAN_POINT('',(144.240448,-124.524219,1.585));
#3357 = VECTOR('',#3358,1.);
#3358 = DIRECTION('',(-0.894427191,-0.4472135955,0.));
#3359 = ORIENTED_EDGE('',*,*,#3360,.T.);
#3360 = EDGE_CURVE('',#3353,#3361,#3363,.T.);
#3361 = VERTEX_POINT('',#3362);
#3362 = CARTESIAN_POINT('',(144.121554,-124.606817,1.585));
#3363 = LINE('',#3364,#3365);
#3364 = CARTESIAN_POINT('',(144.171932,-124.558477,1.585));
#3365 = VECTOR('',#3366,1.);
#3366 = DIRECTION('',(-0.721551016594,-0.69236127163,0.));
#3367 = ORIENTED_EDGE('',*,*,#3368,.T.);
#3368 = EDGE_CURVE('',#3361,#3369,#3371,.T.);
#3369 = VERTEX_POINT('',#3370);
#3370 = CARTESIAN_POINT('',(144.026853,-124.491424,1.585));
#3371 = CIRCLE('',#3372,7.499996838528E-02);
#3372 = AXIS2_PLACEMENT_3D('',#3373,#3374,#3375);
#3373 = CARTESIAN_POINT('',(144.079886,-124.5444569724,1.585));
#3374 = DIRECTION('',(0.,0.,-1.));
#3375 = DIRECTION('',(0.555573567524,-0.831467384248,0.));
#3376 = ORIENTED_EDGE('',*,*,#3377,.T.);
#3377 = EDGE_CURVE('',#3369,#3227,#3378,.T.);
#3378 = LINE('',#3379,#3380);
#3379 = CARTESIAN_POINT('',(144.026853,-124.491424,1.585));
#3380 = VECTOR('',#3381,1.);
#3381 = DIRECTION('',(0.736336089652,0.676615964248,0.));
#3382 = PLANE('',#3383);
#3383 = AXIS2_PLACEMENT_3D('',#3384,#3385,#3386);
#3384 = CARTESIAN_POINT('',(0.,0.,1.585));
#3385 = DIRECTION('',(0.,0.,1.));
#3386 = DIRECTION('',(1.,0.,-0.));
#3387 = SHELL_BASED_SURFACE_MODEL('',(#3388));
#3388 = OPEN_SHELL('',(#3389));
#3389 = ADVANCED_FACE('',(#3390,#3506),#3589,.T.);
#3390 = FACE_BOUND('',#3391,.F.);
#3391 = EDGE_LOOP('',(#3392,#3403,#3411,#3419,#3427,#3435,#3443,#3451,
    #3459,#3467,#3475,#3483,#3491,#3500));
#3392 = ORIENTED_EDGE('',*,*,#3393,.T.);
#3393 = EDGE_CURVE('',#3394,#3396,#3398,.T.);
#3394 = VERTEX_POINT('',#3395);
#3395 = CARTESIAN_POINT('',(143.053946,-124.434587,1.585));
#3396 = VERTEX_POINT('',#3397);
#3397 = CARTESIAN_POINT('',(143.127505,-124.374219,1.585));
#3398 = CIRCLE('',#3399,7.500074938985E-02);
#3399 = AXIS2_PLACEMENT_3D('',#3400,#3401,#3402);
#3400 = CARTESIAN_POINT('',(143.12750546611,-124.4492197493,1.585));
#3401 = DIRECTION('',(0.,0.,-1.));
#3402 = DIRECTION('',(-0.980783081614,0.195101375752,0.));
#3403 = ORIENTED_EDGE('',*,*,#3404,.T.);
#3404 = EDGE_CURVE('',#3396,#3405,#3407,.T.);
#3405 = VERTEX_POINT('',#3406);
#3406 = CARTESIAN_POINT('',(143.373005,-124.374948,1.585));
#3407 = LINE('',#3408,#3409);
#3408 = CARTESIAN_POINT('',(143.127505,-124.374219,1.585));
#3409 = VECTOR('',#3410,1.);
#3410 = DIRECTION('',(0.999995591212,-2.969437010186E-03,0.));
#3411 = ORIENTED_EDGE('',*,*,#3412,.T.);
#3412 = EDGE_CURVE('',#3405,#3413,#3415,.T.);
#3413 = VERTEX_POINT('',#3414);
#3414 = CARTESIAN_POINT('',(143.550125,-124.434478,1.585));
#3415 = LINE('',#3416,#3417);
#3416 = CARTESIAN_POINT('',(143.373005,-124.374948,1.585));
#3417 = VECTOR('',#3418,1.);
#3418 = DIRECTION('',(0.947893661994,-0.318586888542,0.));
#3419 = ORIENTED_EDGE('',*,*,#3420,.T.);
#3420 = EDGE_CURVE('',#3413,#3421,#3423,.T.);
#3421 = VERTEX_POINT('',#3422);
#3422 = CARTESIAN_POINT('',(143.666814,-124.55224,1.585));
#3423 = LINE('',#3424,#3425);
#3424 = CARTESIAN_POINT('',(143.550125,-124.434478,1.585));
#3425 = VECTOR('',#3426,1.);
#3426 = DIRECTION('',(0.703863230025,-0.710335521722,0.));
#3427 = ORIENTED_EDGE('',*,*,#3428,.T.);
#3428 = EDGE_CURVE('',#3421,#3429,#3431,.T.);
#3429 = VERTEX_POINT('',#3430);
#3430 = CARTESIAN_POINT('',(143.724075,-124.669124,1.585));
#3431 = LINE('',#3432,#3433);
#3432 = CARTESIAN_POINT('',(143.666814,-124.55224,1.585));
#3433 = VECTOR('',#3434,1.);
#3434 = DIRECTION('',(0.439939908708,-0.8980272138,0.));
#3435 = ORIENTED_EDGE('',*,*,#3436,.T.);
#3436 = EDGE_CURVE('',#3429,#3437,#3439,.T.);
#3437 = VERTEX_POINT('',#3438);
#3438 = CARTESIAN_POINT('',(143.773933,-124.87779,1.585));
#3439 = LINE('',#3440,#3441);
#3440 = CARTESIAN_POINT('',(143.724075,-124.669124,1.585));
#3441 = VECTOR('',#3442,1.);
#3442 = DIRECTION('',(0.232395123349,-0.972621461126,0.));
#3443 = ORIENTED_EDGE('',*,*,#3444,.T.);
#3444 = EDGE_CURVE('',#3437,#3445,#3447,.T.);
#3445 = VERTEX_POINT('',#3446);
#3446 = CARTESIAN_POINT('',(143.771694,-125.038837,1.585));
#3447 = LINE('',#3448,#3449);
#3448 = CARTESIAN_POINT('',(143.773933,-124.87779,1.585));
#3449 = VECTOR('',#3450,1.);
#3450 = DIRECTION('',(-1.390143030568E-02,-0.999903370449,0.));
#3451 = ORIENTED_EDGE('',*,*,#3452,.T.);
#3452 = EDGE_CURVE('',#3445,#3453,#3455,.T.);
#3453 = VERTEX_POINT('',#3454);
#3454 = CARTESIAN_POINT('',(143.718396,-125.244664,1.585));
#3455 = LINE('',#3456,#3457);
#3456 = CARTESIAN_POINT('',(143.771694,-125.038837,1.585));
#3457 = VECTOR('',#3458,1.);
#3458 = DIRECTION('',(-0.250677645339,-0.968070616292,0.));
#3459 = ORIENTED_EDGE('',*,*,#3460,.T.);
#3460 = EDGE_CURVE('',#3453,#3461,#3463,.T.);
#3461 = VERTEX_POINT('',#3462);
#3462 = CARTESIAN_POINT('',(143.661446,-125.353644,1.585));
#3463 = LINE('',#3464,#3465);
#3464 = CARTESIAN_POINT('',(143.718396,-125.244664,1.585));
#3465 = VECTOR('',#3466,1.);
#3466 = DIRECTION('',(-0.463146784147,-0.886281589752,0.));
#3467 = ORIENTED_EDGE('',*,*,#3468,.T.);
#3468 = EDGE_CURVE('',#3461,#3469,#3471,.T.);
#3469 = VERTEX_POINT('',#3470);
#3470 = CARTESIAN_POINT('',(143.545599,-125.466757,1.585));
#3471 = LINE('',#3472,#3473);
#3472 = CARTESIAN_POINT('',(143.661446,-125.353644,1.585));
#3473 = VECTOR('',#3474,1.);
#3474 = DIRECTION('',(-0.715499299798,-0.698613449619,0.));
#3475 = ORIENTED_EDGE('',*,*,#3476,.T.);
#3476 = EDGE_CURVE('',#3469,#3477,#3479,.T.);
#3477 = VERTEX_POINT('',#3478);
#3478 = CARTESIAN_POINT('',(143.373005,-125.523489,1.585));
#3479 = LINE('',#3480,#3481);
#3480 = CARTESIAN_POINT('',(143.545599,-125.466757,1.585));
#3481 = VECTOR('',#3482,1.);
#3482 = DIRECTION('',(-0.949994945594,-0.312265277202,0.));
#3483 = ORIENTED_EDGE('',*,*,#3484,.T.);
#3484 = EDGE_CURVE('',#3477,#3485,#3487,.T.);
#3485 = VERTEX_POINT('',#3486);
#3486 = CARTESIAN_POINT('',(143.112873,-125.522778,1.585));
#3487 = LINE('',#3488,#3489);
#3488 = CARTESIAN_POINT('',(143.373005,-125.523489,1.585));
#3489 = VECTOR('',#3490,1.);
#3490 = DIRECTION('',(-0.999996264754,2.733217536618E-03,0.));
#3491 = ORIENTED_EDGE('',*,*,#3492,.T.);
#3492 = EDGE_CURVE('',#3485,#3493,#3495,.T.);
#3493 = VERTEX_POINT('',#3494);
#3494 = CARTESIAN_POINT('',(143.052505,-125.449219,1.585));
#3495 = CIRCLE('',#3496,7.500074938986E-02);
#3496 = AXIS2_PLACEMENT_3D('',#3497,#3498,#3499);
#3497 = CARTESIAN_POINT('',(143.12750574938,-125.4492185338,1.585));
#3498 = DIRECTION('',(0.,0.,-1.));
#3499 = DIRECTION('',(-0.195101375752,-0.980783081614,-0.));
#3500 = ORIENTED_EDGE('',*,*,#3501,.T.);
#3501 = EDGE_CURVE('',#3493,#3394,#3502,.T.);
#3502 = LINE('',#3503,#3504);
#3503 = CARTESIAN_POINT('',(143.052505,-125.449219,1.585));
#3504 = VECTOR('',#3505,1.);
#3505 = DIRECTION('',(1.420217918158E-03,0.99999899149,0.));
#3506 = FACE_BOUND('',#3507,.F.);
#3507 = EDGE_LOOP('',(#3508,#3518,#3526,#3534,#3542,#3550,#3558,#3567,
    #3575,#3583));
#3508 = ORIENTED_EDGE('',*,*,#3509,.T.);
#3509 = EDGE_CURVE('',#3510,#3512,#3514,.T.);
#3510 = VERTEX_POINT('',#3511);
#3511 = CARTESIAN_POINT('',(143.467943,-124.56239,1.585));
#3512 = VERTEX_POINT('',#3513);
#3513 = CARTESIAN_POINT('',(143.35343,-124.524219,1.585));
#3514 = LINE('',#3515,#3516);
#3515 = CARTESIAN_POINT('',(143.467943,-124.56239,1.585));
#3516 = VECTOR('',#3517,1.);
#3517 = DIRECTION('',(-0.948683298051,0.316227766017,0.));
#3518 = ORIENTED_EDGE('',*,*,#3519,.T.);
#3519 = EDGE_CURVE('',#3512,#3520,#3522,.T.);
#3520 = VERTEX_POINT('',#3521);
#3521 = CARTESIAN_POINT('',(143.202505,-124.524219,1.585));
#3522 = LINE('',#3523,#3524);
#3523 = CARTESIAN_POINT('',(143.35343,-124.524219,1.585));
#3524 = VECTOR('',#3525,1.);
#3525 = DIRECTION('',(-1.,0.,0.));
#3526 = ORIENTED_EDGE('',*,*,#3527,.T.);
#3527 = EDGE_CURVE('',#3520,#3528,#3530,.T.);
#3528 = VERTEX_POINT('',#3529);
#3529 = CARTESIAN_POINT('',(143.202505,-125.374219,1.585));
#3530 = LINE('',#3531,#3532);
#3531 = CARTESIAN_POINT('',(143.202505,-124.524219,1.585));
#3532 = VECTOR('',#3533,1.);
#3533 = DIRECTION('',(0.,-1.,0.));
#3534 = ORIENTED_EDGE('',*,*,#3535,.T.);
#3535 = EDGE_CURVE('',#3528,#3536,#3538,.T.);
#3536 = VERTEX_POINT('',#3537);
#3537 = CARTESIAN_POINT('',(143.35343,-125.374219,1.585));
#3538 = LINE('',#3539,#3540);
#3539 = CARTESIAN_POINT('',(143.202505,-125.374219,1.585));
#3540 = VECTOR('',#3541,1.);
#3541 = DIRECTION('',(1.,0.,0.));
#3542 = ORIENTED_EDGE('',*,*,#3543,.T.);
#3543 = EDGE_CURVE('',#3536,#3544,#3546,.T.);
#3544 = VERTEX_POINT('',#3545);
#3545 = CARTESIAN_POINT('',(143.467943,-125.336047,1.585));
#3546 = LINE('',#3547,#3548);
#3547 = CARTESIAN_POINT('',(143.35343,-125.374219,1.585));
#3548 = VECTOR('',#3549,1.);
#3549 = DIRECTION('',(0.948680812677,0.31623522204,0.));
#3550 = ORIENTED_EDGE('',*,*,#3551,.T.);
#3551 = EDGE_CURVE('',#3544,#3552,#3554,.T.);
#3552 = VERTEX_POINT('',#3553);
#3553 = CARTESIAN_POINT('',(143.542055,-125.261934,1.585));
#3554 = LINE('',#3555,#3556);
#3555 = CARTESIAN_POINT('',(143.467943,-125.336047,1.585));
#3556 = VECTOR('',#3557,1.);
#3557 = DIRECTION('',(0.707102010674,0.707111551666,0.));
#3558 = ORIENTED_EDGE('',*,*,#3559,.T.);
#3559 = EDGE_CURVE('',#3552,#3560,#3562,.T.);
#3560 = VERTEX_POINT('',#3561);
#3561 = CARTESIAN_POINT('',(143.623933,-124.887024,1.585));
#3562 = CIRCLE('',#3563,0.611719141131);
#3563 = AXIS2_PLACEMENT_3D('',#3564,#3565,#3566);
#3564 = CARTESIAN_POINT('',(143.01552096224,-124.9505464364,1.585));
#3565 = DIRECTION('',(0.,0.,1.));
#3566 = DIRECTION('',(0.860744747637,-0.509036815383,0.));
#3567 = ORIENTED_EDGE('',*,*,#3568,.T.);
#3568 = EDGE_CURVE('',#3560,#3569,#3571,.T.);
#3569 = VERTEX_POINT('',#3570);
#3570 = CARTESIAN_POINT('',(143.580549,-124.71349,1.585));
#3571 = LINE('',#3572,#3573);
#3572 = CARTESIAN_POINT('',(143.623933,-124.887024,1.585));
#3573 = VECTOR('',#3574,1.);
#3574 = DIRECTION('',(-0.242538255859,0.970141842436,0.));
#3575 = ORIENTED_EDGE('',*,*,#3576,.T.);
#3576 = EDGE_CURVE('',#3569,#3577,#3579,.T.);
#3577 = VERTEX_POINT('',#3578);
#3578 = CARTESIAN_POINT('',(143.542056,-124.636503,1.585));
#3579 = LINE('',#3580,#3581);
#3580 = CARTESIAN_POINT('',(143.580549,-124.71349,1.585));
#3581 = VECTOR('',#3582,1.);
#3582 = DIRECTION('',(-0.447208948322,0.894429514574,0.));
#3583 = ORIENTED_EDGE('',*,*,#3584,.T.);
#3584 = EDGE_CURVE('',#3577,#3510,#3585,.T.);
#3585 = LINE('',#3586,#3587);
#3586 = CARTESIAN_POINT('',(143.542056,-124.636503,1.585));
#3587 = VECTOR('',#3588,1.);
#3588 = DIRECTION('',(-0.707106781187,0.707106781187,0.));
#3589 = PLANE('',#3590);
#3590 = AXIS2_PLACEMENT_3D('',#3591,#3592,#3593);
#3591 = CARTESIAN_POINT('',(0.,0.,1.585));
#3592 = DIRECTION('',(0.,0.,1.));
#3593 = DIRECTION('',(1.,0.,-0.));
#3594 = SHELL_BASED_SURFACE_MODEL('',(#3595));
#3595 = OPEN_SHELL('',(#3596));
#3596 = ADVANCED_FACE('',(#3597),#3731,.T.);
#3597 = FACE_BOUND('',#3598,.F.);
#3598 = EDGE_LOOP('',(#3599,#3609,#3617,#3626,#3634,#3642,#3651,#3659,
    #3668,#3676,#3684,#3692,#3700,#3709,#3717,#3725));
#3599 = ORIENTED_EDGE('',*,*,#3600,.T.);
#3600 = EDGE_CURVE('',#3601,#3603,#3605,.T.);
#3601 = VERTEX_POINT('',#3602);
#3602 = CARTESIAN_POINT('',(147.243293,-123.479841,1.585));
#3603 = VERTEX_POINT('',#3604);
#3604 = CARTESIAN_POINT('',(147.281749,-123.45926,1.585));
#3605 = LINE('',#3606,#3607);
#3606 = CARTESIAN_POINT('',(147.243293,-123.479841,1.585));
#3607 = VECTOR('',#3608,1.);
#3608 = DIRECTION('',(0.881674852639,0.471857451169,0.));
#3609 = ORIENTED_EDGE('',*,*,#3610,.T.);
#3610 = EDGE_CURVE('',#3603,#3611,#3613,.T.);
#3611 = VERTEX_POINT('',#3612);
#3612 = CARTESIAN_POINT('',(147.303586,-123.45926,1.585));
#3613 = LINE('',#3614,#3615);
#3614 = CARTESIAN_POINT('',(147.281749,-123.45926,1.585));
#3615 = VECTOR('',#3616,1.);
#3616 = DIRECTION('',(1.,0.,0.));
#3617 = ORIENTED_EDGE('',*,*,#3618,.T.);
#3618 = EDGE_CURVE('',#3611,#3619,#3621,.T.);
#3619 = VERTEX_POINT('',#3620);
#3620 = CARTESIAN_POINT('',(147.371381,-123.532819,1.585));
#3621 = CIRCLE('',#3622,7.216898094229E-02);
#3622 = AXIS2_PLACEMENT_3D('',#3623,#3624,#3625);
#3623 = CARTESIAN_POINT('',(147.29922806389,-123.5312972834,1.585));
#3624 = DIRECTION('',(0.,0.,-1.));
#3625 = DIRECTION('',(6.038516895265E-02,0.998175150648,0.));
#3626 = ORIENTED_EDGE('',*,*,#3627,.T.);
#3627 = EDGE_CURVE('',#3619,#3628,#3630,.T.);
#3628 = VERTEX_POINT('',#3629);
#3629 = CARTESIAN_POINT('',(147.371381,-124.457819,1.585));
#3630 = LINE('',#3631,#3632);
#3631 = CARTESIAN_POINT('',(147.371381,-123.532819,1.585));
#3632 = VECTOR('',#3633,1.);
#3633 = DIRECTION('',(0.,-1.,0.));
#3634 = ORIENTED_EDGE('',*,*,#3635,.T.);
#3635 = EDGE_CURVE('',#3628,#3636,#3638,.T.);
#3636 = VERTEX_POINT('',#3637);
#3637 = CARTESIAN_POINT('',(147.596727,-124.45926,1.585));
#3638 = LINE('',#3639,#3640);
#3639 = CARTESIAN_POINT('',(147.371381,-124.457819,1.585));
#3640 = VECTOR('',#3641,1.);
#3641 = DIRECTION('',(0.999979555102,-6.394480216656E-03,0.));
#3642 = ORIENTED_EDGE('',*,*,#3643,.T.);
#3643 = EDGE_CURVE('',#3636,#3644,#3646,.T.);
#3644 = VERTEX_POINT('',#3645);
#3645 = CARTESIAN_POINT('',(147.582095,-124.607819,1.585));
#3646 = CIRCLE('',#3647,7.500006711464E-02);
#3647 = AXIS2_PLACEMENT_3D('',#3648,#3649,#3650);
#3648 = CARTESIAN_POINT('',(147.58209506711,-124.5328189328,1.585));
#3649 = DIRECTION('',(0.,0.,-1.));
#3650 = DIRECTION('',(0.195092263891,0.980784894138,0.));
#3651 = ORIENTED_EDGE('',*,*,#3652,.T.);
#3652 = EDGE_CURVE('',#3644,#3653,#3655,.T.);
#3653 = VERTEX_POINT('',#3654);
#3654 = CARTESIAN_POINT('',(146.996035,-124.606378,1.585));
#3655 = LINE('',#3656,#3657);
#3656 = CARTESIAN_POINT('',(147.582095,-124.607819,1.585));
#3657 = VECTOR('',#3658,1.);
#3658 = DIRECTION('',(-0.999996977183,2.45878518261E-03,0.));
#3659 = ORIENTED_EDGE('',*,*,#3660,.T.);
#3660 = EDGE_CURVE('',#3653,#3661,#3663,.T.);
#3661 = VERTEX_POINT('',#3662);
#3662 = CARTESIAN_POINT('',(147.010667,-124.457819,1.585));
#3663 = CIRCLE('',#3664,7.500006711464E-02);
#3664 = AXIS2_PLACEMENT_3D('',#3665,#3666,#3667);
#3665 = CARTESIAN_POINT('',(147.01066693288,-124.5328190671,1.585));
#3666 = DIRECTION('',(0.,0.,-1.));
#3667 = DIRECTION('',(-0.195092263891,-0.980784894138,-0.));
#3668 = ORIENTED_EDGE('',*,*,#3669,.T.);
#3669 = EDGE_CURVE('',#3661,#3670,#3672,.T.);
#3670 = VERTEX_POINT('',#3671);
#3671 = CARTESIAN_POINT('',(147.221381,-124.457819,1.585));
#3672 = LINE('',#3673,#3674);
#3673 = CARTESIAN_POINT('',(147.010667,-124.457819,1.585));
#3674 = VECTOR('',#3675,1.);
#3675 = DIRECTION('',(1.,0.,0.));
#3676 = ORIENTED_EDGE('',*,*,#3677,.T.);
#3677 = EDGE_CURVE('',#3670,#3678,#3680,.T.);
#3678 = VERTEX_POINT('',#3679);
#3679 = CARTESIAN_POINT('',(147.221381,-123.761504,1.585));
#3680 = LINE('',#3681,#3682);
#3681 = CARTESIAN_POINT('',(147.221381,-124.457819,1.585));
#3682 = VECTOR('',#3683,1.);
#3683 = DIRECTION('',(0.,1.,0.));
#3684 = ORIENTED_EDGE('',*,*,#3685,.T.);
#3685 = EDGE_CURVE('',#3678,#3686,#3688,.T.);
#3686 = VERTEX_POINT('',#3687);
#3687 = CARTESIAN_POINT('',(147.145745,-123.834031,1.585));
#3688 = LINE('',#3689,#3690);
#3689 = CARTESIAN_POINT('',(147.221381,-123.761504,1.585));
#3690 = VECTOR('',#3691,1.);
#3691 = DIRECTION('',(-0.721785571396,-0.692116745156,0.));
#3692 = ORIENTED_EDGE('',*,*,#3693,.T.);
#3693 = EDGE_CURVE('',#3686,#3694,#3696,.T.);
#3694 = VERTEX_POINT('',#3695);
#3695 = CARTESIAN_POINT('',(147.030476,-123.89087,1.585));
#3696 = LINE('',#3697,#3698);
#3697 = CARTESIAN_POINT('',(147.145745,-123.834031,1.585));
#3698 = VECTOR('',#3699,1.);
#3699 = DIRECTION('',(-0.896889346494,-0.442255017094,0.));
#3700 = ORIENTED_EDGE('',*,*,#3701,.T.);
#3701 = EDGE_CURVE('',#3694,#3702,#3704,.T.);
#3702 = VERTEX_POINT('',#3703);
#3703 = CARTESIAN_POINT('',(146.977126,-123.751451,1.585));
#3704 = CIRCLE('',#3705,7.500005272362E-02);
#3705 = AXIS2_PLACEMENT_3D('',#3706,#3707,#3708);
#3706 = CARTESIAN_POINT('',(147.01066655676,-123.8185333297,1.585));
#3707 = DIRECTION('',(0.,0.,-1.));
#3708 = DIRECTION('',(0.264125724195,-0.964488259036,0.));
#3709 = ORIENTED_EDGE('',*,*,#3710,.T.);
#3710 = EDGE_CURVE('',#3702,#3711,#3713,.T.);
#3711 = VERTEX_POINT('',#3712);
#3712 = CARTESIAN_POINT('',(147.061478,-123.709275,1.585));
#3713 = LINE('',#3714,#3715);
#3714 = CARTESIAN_POINT('',(146.977126,-123.751451,1.585));
#3715 = VECTOR('',#3716,1.);
#3716 = DIRECTION('',(0.894427191,0.4472135955,0.));
#3717 = ORIENTED_EDGE('',*,*,#3718,.T.);
#3718 = EDGE_CURVE('',#3711,#3719,#3721,.T.);
#3719 = VERTEX_POINT('',#3720);
#3720 = CARTESIAN_POINT('',(147.142857,-123.627896,1.585));
#3721 = LINE('',#3722,#3723);
#3722 = CARTESIAN_POINT('',(147.061478,-123.709275,1.585));
#3723 = VECTOR('',#3724,1.);
#3724 = DIRECTION('',(0.707106781187,0.707106781187,0.));
#3725 = ORIENTED_EDGE('',*,*,#3726,.T.);
#3726 = EDGE_CURVE('',#3719,#3601,#3727,.T.);
#3727 = LINE('',#3728,#3729);
#3728 = CARTESIAN_POINT('',(147.142857,-123.627896,1.585));
#3729 = VECTOR('',#3730,1.);
#3730 = DIRECTION('',(0.561387006404,0.82755339951,0.));
#3731 = PLANE('',#3732);
#3732 = AXIS2_PLACEMENT_3D('',#3733,#3734,#3735);
#3733 = CARTESIAN_POINT('',(0.,0.,1.585));
#3734 = DIRECTION('',(0.,0.,1.));
#3735 = DIRECTION('',(1.,0.,-0.));
#3736 = SHELL_BASED_SURFACE_MODEL('',(#3737));
#3737 = OPEN_SHELL('',(#3738));
#3738 = ADVANCED_FACE('',(#3739,#4279,#4313),#4446,.T.);
#3739 = FACE_BOUND('',#3740,.F.);
#3740 = EDGE_LOOP('',(#3741,#3752,#3760,#3768,#3776,#3784,#3792,#3800,
    #3808,#3816,#3824,#3833,#3841,#3849,#3857,#3866,#3874,#3882,#3891,
    #3899,#3907,#3916,#3924,#3932,#3940,#3948,#3956,#3964,#3972,#3980,
    #3988,#3996,#4004,#4012,#4020,#4028,#4036,#4044,#4052,#4060,#4068,
    #4076,#4084,#4093,#4101,#4109,#4117,#4125,#4133,#4142,#4150,#4158,
    #4167,#4175,#4183,#4192,#4200,#4208,#4217,#4225,#4233,#4241,#4249,
    #4257,#4265,#4273));
#3741 = ORIENTED_EDGE('',*,*,#3742,.T.);
#3742 = EDGE_CURVE('',#3743,#3745,#3747,.T.);
#3743 = VERTEX_POINT('',#3744);
#3744 = CARTESIAN_POINT('',(150.021143,-123.515281,1.585));
#3745 = VERTEX_POINT('',#3746);
#3746 = CARTESIAN_POINT('',(150.576144,-123.518078,1.585));
#3747 = CIRCLE('',#3748,0.608841479843);
#3748 = AXIS2_PLACEMENT_3D('',#3749,#3750,#3751);
#3749 = CARTESIAN_POINT('',(150.29591244796,-124.0585946277,1.585));
#3750 = DIRECTION('',(0.,0.,-1.));
#3751 = DIRECTION('',(-0.451298830744,0.892372884712,0.));
#3752 = ORIENTED_EDGE('',*,*,#3753,.T.);
#3753 = EDGE_CURVE('',#3745,#3754,#3756,.T.);
#3754 = VERTEX_POINT('',#3755);
#3755 = CARTESIAN_POINT('',(150.694871,-123.638533,1.585));
#3756 = LINE('',#3757,#3758);
#3757 = CARTESIAN_POINT('',(150.576144,-123.518078,1.585));
#3758 = VECTOR('',#3759,1.);
#3759 = DIRECTION('',(0.701979880869,-0.712196775376,0.));
#3760 = ORIENTED_EDGE('',*,*,#3761,.T.);
#3761 = EDGE_CURVE('',#3754,#3762,#3764,.T.);
#3762 = VERTEX_POINT('',#3763);
#3763 = CARTESIAN_POINT('',(150.751603,-123.811126,1.585));
#3764 = LINE('',#3765,#3766);
#3765 = CARTESIAN_POINT('',(150.694871,-123.638533,1.585));
#3766 = VECTOR('',#3767,1.);
#3767 = DIRECTION('',(0.312266910039,-0.949994408876,0.));
#3768 = ORIENTED_EDGE('',*,*,#3769,.T.);
#3769 = EDGE_CURVE('',#3762,#3770,#3772,.T.);
#3770 = VERTEX_POINT('',#3771);
#3771 = CARTESIAN_POINT('',(150.750133,-124.07309,1.585));
#3772 = LINE('',#3773,#3774);
#3773 = CARTESIAN_POINT('',(150.751603,-123.811126,1.585));
#3774 = VECTOR('',#3775,1.);
#3775 = DIRECTION('',(-5.611369716872E-03,-0.999984256141,0.));
#3776 = ORIENTED_EDGE('',*,*,#3777,.T.);
#3777 = EDGE_CURVE('',#3770,#3778,#3780,.T.);
#3778 = VERTEX_POINT('',#3779);
#3779 = CARTESIAN_POINT('',(150.692075,-124.241153,1.585));
#3780 = LINE('',#3781,#3782);
#3781 = CARTESIAN_POINT('',(150.750133,-124.07309,1.585));
#3782 = VECTOR('',#3783,1.);
#3783 = DIRECTION('',(-0.326519613327,-0.945190426376,0.));
#3784 = ORIENTED_EDGE('',*,*,#3785,.T.);
#3785 = EDGE_CURVE('',#3778,#3786,#3788,.T.);
#3786 = VERTEX_POINT('',#3787);
#3787 = CARTESIAN_POINT('',(150.573426,-124.3584,1.585));
#3788 = LINE('',#3789,#3790);
#3789 = CARTESIAN_POINT('',(150.692075,-124.241153,1.585));
#3790 = VECTOR('',#3791,1.);
#3791 = DIRECTION('',(-0.711296764452,-0.702891821606,0.));
#3792 = ORIENTED_EDGE('',*,*,#3793,.T.);
#3793 = EDGE_CURVE('',#3786,#3794,#3796,.T.);
#3794 = VERTEX_POINT('',#3795);
#3795 = CARTESIAN_POINT('',(152.796047,-124.3584,1.585));
#3796 = LINE('',#3797,#3798);
#3797 = CARTESIAN_POINT('',(150.573426,-124.3584,1.585));
#3798 = VECTOR('',#3799,1.);
#3799 = DIRECTION('',(1.,0.,0.));
#3800 = ORIENTED_EDGE('',*,*,#3801,.T.);
#3801 = EDGE_CURVE('',#3794,#3802,#3804,.T.);
#3802 = VERTEX_POINT('',#3803);
#3803 = CARTESIAN_POINT('',(152.796047,-123.761504,1.585));
#3804 = LINE('',#3805,#3806);
#3805 = CARTESIAN_POINT('',(152.796047,-124.3584,1.585));
#3806 = VECTOR('',#3807,1.);
#3807 = DIRECTION('',(0.,1.,0.));
#3808 = ORIENTED_EDGE('',*,*,#3809,.T.);
#3809 = EDGE_CURVE('',#3802,#3810,#3812,.T.);
#3810 = VERTEX_POINT('',#3811);
#3811 = CARTESIAN_POINT('',(152.720411,-123.834031,1.585));
#3812 = LINE('',#3813,#3814);
#3813 = CARTESIAN_POINT('',(152.796047,-123.761504,1.585));
#3814 = VECTOR('',#3815,1.);
#3815 = DIRECTION('',(-0.721785571396,-0.692116745156,0.));
#3816 = ORIENTED_EDGE('',*,*,#3817,.T.);
#3817 = EDGE_CURVE('',#3810,#3818,#3820,.T.);
#3818 = VERTEX_POINT('',#3819);
#3819 = CARTESIAN_POINT('',(152.605142,-123.89087,1.585));
#3820 = LINE('',#3821,#3822);
#3821 = CARTESIAN_POINT('',(152.720411,-123.834031,1.585));
#3822 = VECTOR('',#3823,1.);
#3823 = DIRECTION('',(-0.896889346494,-0.442255017094,0.));
#3824 = ORIENTED_EDGE('',*,*,#3825,.T.);
#3825 = EDGE_CURVE('',#3818,#3826,#3828,.T.);
#3826 = VERTEX_POINT('',#3827);
#3827 = CARTESIAN_POINT('',(152.551792,-123.751451,1.585));
#3828 = CIRCLE('',#3829,7.500005272361E-02);
#3829 = AXIS2_PLACEMENT_3D('',#3830,#3831,#3832);
#3830 = CARTESIAN_POINT('',(152.58533255676,-123.8185333297,1.585));
#3831 = DIRECTION('',(0.,0.,-1.));
#3832 = DIRECTION('',(0.264125724196,-0.964488259036,0.));
#3833 = ORIENTED_EDGE('',*,*,#3834,.T.);
#3834 = EDGE_CURVE('',#3826,#3835,#3837,.T.);
#3835 = VERTEX_POINT('',#3836);
#3836 = CARTESIAN_POINT('',(152.636144,-123.709275,1.585));
#3837 = LINE('',#3838,#3839);
#3838 = CARTESIAN_POINT('',(152.551792,-123.751451,1.585));
#3839 = VECTOR('',#3840,1.);
#3840 = DIRECTION('',(0.894427191,0.4472135955,0.));
#3841 = ORIENTED_EDGE('',*,*,#3842,.T.);
#3842 = EDGE_CURVE('',#3835,#3843,#3845,.T.);
#3843 = VERTEX_POINT('',#3844);
#3844 = CARTESIAN_POINT('',(152.717523,-123.627896,1.585));
#3845 = LINE('',#3846,#3847);
#3846 = CARTESIAN_POINT('',(152.636144,-123.709275,1.585));
#3847 = VECTOR('',#3848,1.);
#3848 = DIRECTION('',(0.707106781187,0.707106781187,0.));
#3849 = ORIENTED_EDGE('',*,*,#3850,.T.);
#3850 = EDGE_CURVE('',#3843,#3851,#3853,.T.);
#3851 = VERTEX_POINT('',#3852);
#3852 = CARTESIAN_POINT('',(152.817959,-123.479841,1.585));
#3853 = LINE('',#3854,#3855);
#3854 = CARTESIAN_POINT('',(152.717523,-123.627896,1.585));
#3855 = VECTOR('',#3856,1.);
#3856 = DIRECTION('',(0.561387006404,0.82755339951,0.));
#3857 = ORIENTED_EDGE('',*,*,#3858,.T.);
#3858 = EDGE_CURVE('',#3851,#3859,#3861,.T.);
#3859 = VERTEX_POINT('',#3860);
#3860 = CARTESIAN_POINT('',(152.946047,-123.532819,1.585));
#3861 = CIRCLE('',#3862,7.49999375171E-02);
#3862 = AXIS2_PLACEMENT_3D('',#3863,#3864,#3865);
#3863 = CARTESIAN_POINT('',(152.87104706248,-123.532818809,1.585));
#3864 = DIRECTION('',(0.,0.,-1.));
#3865 = DIRECTION('',(-0.707841422815,0.706371375515,0.));
#3866 = ORIENTED_EDGE('',*,*,#3867,.T.);
#3867 = EDGE_CURVE('',#3859,#3868,#3870,.T.);
#3868 = VERTEX_POINT('',#3869);
#3869 = CARTESIAN_POINT('',(152.946047,-124.3584,1.585));
#3870 = LINE('',#3871,#3872);
#3871 = CARTESIAN_POINT('',(152.946047,-123.532819,1.585));
#3872 = VECTOR('',#3873,1.);
#3873 = DIRECTION('',(0.,-1.,0.));
#3874 = ORIENTED_EDGE('',*,*,#3875,.T.);
#3875 = EDGE_CURVE('',#3868,#3876,#3878,.T.);
#3876 = VERTEX_POINT('',#3877);
#3877 = CARTESIAN_POINT('',(153.054821,-124.360352,1.585));
#3878 = LINE('',#3879,#3880);
#3879 = CARTESIAN_POINT('',(152.946047,-124.3584,1.585));
#3880 = VECTOR('',#3881,1.);
#3881 = DIRECTION('',(0.999839019025,-1.794257603048E-02,0.));
#3882 = ORIENTED_EDGE('',*,*,#3883,.T.);
#3883 = EDGE_CURVE('',#3876,#3884,#3886,.T.);
#3884 = VERTEX_POINT('',#3885);
#3885 = CARTESIAN_POINT('',(153.134648,-124.440179,1.585));
#3886 = CIRCLE('',#3887,0.101602410375);
#3887 = AXIS2_PLACEMENT_3D('',#3888,#3889,#3890);
#3888 = CARTESIAN_POINT('',(153.03499810058,-124.4600018994,1.585));
#3889 = DIRECTION('',(0.,0.,-1.));
#3890 = DIRECTION('',(0.195102649036,0.980782828326,0.));
#3891 = ORIENTED_EDGE('',*,*,#3892,.T.);
#3892 = EDGE_CURVE('',#3884,#3893,#3895,.T.);
#3893 = VERTEX_POINT('',#3894);
#3894 = CARTESIAN_POINT('',(153.134648,-124.457819,1.585));
#3895 = LINE('',#3896,#3897);
#3896 = CARTESIAN_POINT('',(153.134648,-124.440179,1.585));
#3897 = VECTOR('',#3898,1.);
#3898 = DIRECTION('',(0.,-1.,0.));
#3899 = ORIENTED_EDGE('',*,*,#3900,.T.);
#3900 = EDGE_CURVE('',#3893,#3901,#3903,.T.);
#3901 = VERTEX_POINT('',#3902);
#3902 = CARTESIAN_POINT('',(153.171393,-124.45926,1.585));
#3903 = LINE('',#3904,#3905);
#3904 = CARTESIAN_POINT('',(153.134648,-124.457819,1.585));
#3905 = VECTOR('',#3906,1.);
#3906 = DIRECTION('',(0.999231929853,-3.91860990861E-02,0.));
#3907 = ORIENTED_EDGE('',*,*,#3908,.T.);
#3908 = EDGE_CURVE('',#3901,#3909,#3911,.T.);
#3909 = VERTEX_POINT('',#3910);
#3910 = CARTESIAN_POINT('',(153.156761,-124.607819,1.585));
#3911 = CIRCLE('',#3912,7.500006711465E-02);
#3912 = AXIS2_PLACEMENT_3D('',#3913,#3914,#3915);
#3913 = CARTESIAN_POINT('',(153.15676106711,-124.5328189328,1.585));
#3914 = DIRECTION('',(0.,0.,-1.));
#3915 = DIRECTION('',(0.195092263891,0.980784894138,0.));
#3916 = ORIENTED_EDGE('',*,*,#3917,.T.);
#3917 = EDGE_CURVE('',#3909,#3918,#3920,.T.);
#3918 = VERTEX_POINT('',#3919);
#3919 = CARTESIAN_POINT('',(152.570701,-124.606378,1.585));
#3920 = LINE('',#3921,#3922);
#3921 = CARTESIAN_POINT('',(153.156761,-124.607819,1.585));
#3922 = VECTOR('',#3923,1.);
#3923 = DIRECTION('',(-0.999996977183,2.458785182611E-03,0.));
#3924 = ORIENTED_EDGE('',*,*,#3925,.T.);
#3925 = EDGE_CURVE('',#3918,#3926,#3928,.T.);
#3926 = VERTEX_POINT('',#3927);
#3927 = CARTESIAN_POINT('',(152.543665,-124.595179,1.585));
#3928 = LINE('',#3929,#3930);
#3929 = CARTESIAN_POINT('',(152.570701,-124.606378,1.585));
#3930 = VECTOR('',#3931,1.);
#3931 = DIRECTION('',(-0.923875640631,0.38269282806,0.));
#3932 = ORIENTED_EDGE('',*,*,#3933,.T.);
#3933 = EDGE_CURVE('',#3926,#3934,#3936,.T.);
#3934 = VERTEX_POINT('',#3935);
#3935 = CARTESIAN_POINT('',(152.522973,-124.574487,1.585));
#3936 = LINE('',#3937,#3938);
#3937 = CARTESIAN_POINT('',(152.543665,-124.595179,1.585));
#3938 = VECTOR('',#3939,1.);
#3939 = DIRECTION('',(-0.707106781187,0.707106781187,0.));
#3940 = ORIENTED_EDGE('',*,*,#3941,.T.);
#3941 = EDGE_CURVE('',#3934,#3942,#3944,.T.);
#3942 = VERTEX_POINT('',#3943);
#3943 = CARTESIAN_POINT('',(152.517635,-124.5616,1.585));
#3944 = LINE('',#3945,#3946);
#3945 = CARTESIAN_POINT('',(152.522973,-124.574487,1.585));
#3946 = VECTOR('',#3947,1.);
#3947 = DIRECTION('',(-0.38268525721,0.923878776634,0.));
#3948 = ORIENTED_EDGE('',*,*,#3949,.T.);
#3949 = EDGE_CURVE('',#3942,#3950,#3952,.T.);
#3950 = VERTEX_POINT('',#3951);
#3951 = CARTESIAN_POINT('',(150.745031,-124.5616,1.585));
#3952 = LINE('',#3953,#3954);
#3953 = CARTESIAN_POINT('',(152.517635,-124.5616,1.585));
#3954 = VECTOR('',#3955,1.);
#3955 = DIRECTION('',(-1.,0.,0.));
#3956 = ORIENTED_EDGE('',*,*,#3957,.T.);
#3957 = EDGE_CURVE('',#3950,#3958,#3960,.T.);
#3958 = VERTEX_POINT('',#3959);
#3959 = CARTESIAN_POINT('',(150.739693,-124.574487,1.585));
#3960 = LINE('',#3961,#3962);
#3961 = CARTESIAN_POINT('',(150.745031,-124.5616,1.585));
#3962 = VECTOR('',#3963,1.);
#3963 = DIRECTION('',(-0.382685257212,-0.923878776633,0.));
#3964 = ORIENTED_EDGE('',*,*,#3965,.T.);
#3965 = EDGE_CURVE('',#3958,#3966,#3968,.T.);
#3966 = VERTEX_POINT('',#3967);
#3967 = CARTESIAN_POINT('',(150.719001,-124.595179,1.585));
#3968 = LINE('',#3969,#3970);
#3969 = CARTESIAN_POINT('',(150.739693,-124.574487,1.585));
#3970 = VECTOR('',#3971,1.);
#3971 = DIRECTION('',(-0.707106781187,-0.707106781187,0.));
#3972 = ORIENTED_EDGE('',*,*,#3973,.T.);
#3973 = EDGE_CURVE('',#3966,#3974,#3976,.T.);
#3974 = VERTEX_POINT('',#3975);
#3975 = CARTESIAN_POINT('',(150.677333,-124.607819,1.585));
#3976 = LINE('',#3977,#3978);
#3977 = CARTESIAN_POINT('',(150.719001,-124.595179,1.585));
#3978 = VECTOR('',#3979,1.);
#3979 = DIRECTION('',(-0.956939376321,-0.29028783999,0.));
#3980 = ORIENTED_EDGE('',*,*,#3981,.T.);
#3981 = EDGE_CURVE('',#3974,#3982,#3984,.T.);
#3982 = VERTEX_POINT('',#3983);
#3983 = CARTESIAN_POINT('',(150.424606,-124.606378,1.585));
#3984 = LINE('',#3985,#3986);
#3985 = CARTESIAN_POINT('',(150.677333,-124.607819,1.585));
#3986 = VECTOR('',#3987,1.);
#3987 = DIRECTION('',(-0.999983745108,5.701712031956E-03,0.));
#3988 = ORIENTED_EDGE('',*,*,#3989,.T.);
#3989 = EDGE_CURVE('',#3982,#3990,#3992,.T.);
#3990 = VERTEX_POINT('',#3991);
#3991 = CARTESIAN_POINT('',(150.39757,-124.595179,1.585));
#3992 = LINE('',#3993,#3994);
#3993 = CARTESIAN_POINT('',(150.424606,-124.606378,1.585));
#3994 = VECTOR('',#3995,1.);
#3995 = DIRECTION('',(-0.923875640631,0.38269282806,0.));
#3996 = ORIENTED_EDGE('',*,*,#3997,.T.);
#3997 = EDGE_CURVE('',#3990,#3998,#4000,.T.);
#3998 = VERTEX_POINT('',#3999);
#3999 = CARTESIAN_POINT('',(150.376878,-124.574487,1.585));
#4000 = LINE('',#4001,#4002);
#4001 = CARTESIAN_POINT('',(150.39757,-124.595179,1.585));
#4002 = VECTOR('',#4003,1.);
#4003 = DIRECTION('',(-0.707106781187,0.707106781187,0.));
#4004 = ORIENTED_EDGE('',*,*,#4005,.T.);
#4005 = EDGE_CURVE('',#3998,#4006,#4008,.T.);
#4006 = VERTEX_POINT('',#4007);
#4007 = CARTESIAN_POINT('',(150.37154,-124.5616,1.585));
#4008 = LINE('',#4009,#4010);
#4009 = CARTESIAN_POINT('',(150.376878,-124.574487,1.585));
#4010 = VECTOR('',#4011,1.);
#4011 = DIRECTION('',(-0.38268525721,0.923878776634,0.));
#4012 = ORIENTED_EDGE('',*,*,#4013,.T.);
#4013 = EDGE_CURVE('',#4006,#4014,#4016,.T.);
#4014 = VERTEX_POINT('',#4015);
#4015 = CARTESIAN_POINT('',(150.221222,-124.5616,1.585));
#4016 = LINE('',#4017,#4018);
#4017 = CARTESIAN_POINT('',(150.37154,-124.5616,1.585));
#4018 = VECTOR('',#4019,1.);
#4019 = DIRECTION('',(-1.,0.,0.));
#4020 = ORIENTED_EDGE('',*,*,#4021,.T.);
#4021 = EDGE_CURVE('',#4014,#4022,#4024,.T.);
#4022 = VERTEX_POINT('',#4023);
#4023 = CARTESIAN_POINT('',(150.215884,-124.574487,1.585));
#4024 = LINE('',#4025,#4026);
#4025 = CARTESIAN_POINT('',(150.221222,-124.5616,1.585));
#4026 = VECTOR('',#4027,1.);
#4027 = DIRECTION('',(-0.382685257212,-0.923878776633,0.));
#4028 = ORIENTED_EDGE('',*,*,#4029,.T.);
#4029 = EDGE_CURVE('',#4022,#4030,#4032,.T.);
#4030 = VERTEX_POINT('',#4031);
#4031 = CARTESIAN_POINT('',(150.195192,-124.595179,1.585));
#4032 = LINE('',#4033,#4034);
#4033 = CARTESIAN_POINT('',(150.215884,-124.574487,1.585));
#4034 = VECTOR('',#4035,1.);
#4035 = DIRECTION('',(-0.707106781187,-0.707106781187,0.));
#4036 = ORIENTED_EDGE('',*,*,#4037,.T.);
#4037 = EDGE_CURVE('',#4030,#4038,#4040,.T.);
#4038 = VERTEX_POINT('',#4039);
#4039 = CARTESIAN_POINT('',(150.153524,-124.607819,1.585));
#4040 = LINE('',#4041,#4042);
#4041 = CARTESIAN_POINT('',(150.195192,-124.595179,1.585));
#4042 = VECTOR('',#4043,1.);
#4043 = DIRECTION('',(-0.956939376321,-0.29028783999,0.));
#4044 = ORIENTED_EDGE('',*,*,#4045,.T.);
#4045 = EDGE_CURVE('',#4038,#4046,#4048,.T.);
#4046 = VERTEX_POINT('',#4047);
#4047 = CARTESIAN_POINT('',(149.900797,-124.606378,1.585));
#4048 = LINE('',#4049,#4050);
#4049 = CARTESIAN_POINT('',(150.153524,-124.607819,1.585));
#4050 = VECTOR('',#4051,1.);
#4051 = DIRECTION('',(-0.999983745108,5.701712031956E-03,0.));
#4052 = ORIENTED_EDGE('',*,*,#4053,.T.);
#4053 = EDGE_CURVE('',#4046,#4054,#4056,.T.);
#4054 = VERTEX_POINT('',#4055);
#4055 = CARTESIAN_POINT('',(149.873761,-124.595179,1.585));
#4056 = LINE('',#4057,#4058);
#4057 = CARTESIAN_POINT('',(149.900797,-124.606378,1.585));
#4058 = VECTOR('',#4059,1.);
#4059 = DIRECTION('',(-0.923875640631,0.38269282806,0.));
#4060 = ORIENTED_EDGE('',*,*,#4061,.T.);
#4061 = EDGE_CURVE('',#4054,#4062,#4064,.T.);
#4062 = VERTEX_POINT('',#4063);
#4063 = CARTESIAN_POINT('',(149.853069,-124.574487,1.585));
#4064 = LINE('',#4065,#4066);
#4065 = CARTESIAN_POINT('',(149.873761,-124.595179,1.585));
#4066 = VECTOR('',#4067,1.);
#4067 = DIRECTION('',(-0.707106781187,0.707106781187,0.));
#4068 = ORIENTED_EDGE('',*,*,#4069,.T.);
#4069 = EDGE_CURVE('',#4062,#4070,#4072,.T.);
#4070 = VERTEX_POINT('',#4071);
#4071 = CARTESIAN_POINT('',(149.847731,-124.5616,1.585));
#4072 = LINE('',#4073,#4074);
#4073 = CARTESIAN_POINT('',(149.853069,-124.574487,1.585));
#4074 = VECTOR('',#4075,1.);
#4075 = DIRECTION('',(-0.38268525721,0.923878776634,0.));
#4076 = ORIENTED_EDGE('',*,*,#4077,.T.);
#4077 = EDGE_CURVE('',#4070,#4078,#4080,.T.);
#4078 = VERTEX_POINT('',#4079);
#4079 = CARTESIAN_POINT('',(149.60292,-124.5616,1.585));
#4080 = LINE('',#4081,#4082);
#4081 = CARTESIAN_POINT('',(149.847731,-124.5616,1.585));
#4082 = VECTOR('',#4083,1.);
#4083 = DIRECTION('',(-1.,0.,0.));
#4084 = ORIENTED_EDGE('',*,*,#4085,.T.);
#4085 = EDGE_CURVE('',#4078,#4086,#4088,.T.);
#4086 = VERTEX_POINT('',#4087);
#4087 = CARTESIAN_POINT('',(149.538558,-124.607708,1.585));
#4088 = CIRCLE('',#4089,7.124989744051E-02);
#4089 = AXIS2_PLACEMENT_3D('',#4090,#4091,#4092);
#4090 = CARTESIAN_POINT('',(149.53623919858,-124.5364958448,1.585));
#4091 = DIRECTION('',(0.,0.,-1.));
#4092 = DIRECTION('',(0.935872244248,-0.352339527226,0.));
#4093 = ORIENTED_EDGE('',*,*,#4094,.T.);
#4094 = EDGE_CURVE('',#4086,#4095,#4097,.T.);
#4095 = VERTEX_POINT('',#4096);
#4096 = CARTESIAN_POINT('',(149.509589,-124.60357,1.585));
#4097 = LINE('',#4098,#4099);
#4098 = CARTESIAN_POINT('',(149.538558,-124.607708,1.585));
#4099 = VECTOR('',#4100,1.);
#4100 = DIRECTION('',(-0.989951543925,0.141407003651,0.));
#4101 = ORIENTED_EDGE('',*,*,#4102,.T.);
#4102 = EDGE_CURVE('',#4095,#4103,#4105,.T.);
#4103 = VERTEX_POINT('',#4104);
#4104 = CARTESIAN_POINT('',(149.474476,-124.577819,1.585));
#4105 = LINE('',#4106,#4107);
#4106 = CARTESIAN_POINT('',(149.509589,-124.60357,1.585));
#4107 = VECTOR('',#4108,1.);
#4108 = DIRECTION('',(-0.806388932957,0.591385566957,0.));
#4109 = ORIENTED_EDGE('',*,*,#4110,.T.);
#4110 = EDGE_CURVE('',#4103,#4111,#4113,.T.);
#4111 = VERTEX_POINT('',#4112);
#4112 = CARTESIAN_POINT('',(149.462312,-124.5616,1.585));
#4113 = LINE('',#4114,#4115);
#4114 = CARTESIAN_POINT('',(149.474476,-124.577819,1.585));
#4115 = VECTOR('',#4116,1.);
#4116 = DIRECTION('',(-0.599992107934,0.800005918989,0.));
#4117 = ORIENTED_EDGE('',*,*,#4118,.T.);
#4118 = EDGE_CURVE('',#4111,#4119,#4121,.T.);
#4119 = VERTEX_POINT('',#4120);
#4120 = CARTESIAN_POINT('',(149.030746,-124.5616,1.585));
#4121 = LINE('',#4122,#4123);
#4122 = CARTESIAN_POINT('',(149.462312,-124.5616,1.585));
#4123 = VECTOR('',#4124,1.);
#4124 = DIRECTION('',(-1.,0.,0.));
#4125 = ORIENTED_EDGE('',*,*,#4126,.T.);
#4126 = EDGE_CURVE('',#4119,#4127,#4129,.T.);
#4127 = VERTEX_POINT('',#4128);
#4128 = CARTESIAN_POINT('',(149.025408,-124.574487,1.585));
#4129 = LINE('',#4130,#4131);
#4130 = CARTESIAN_POINT('',(149.030746,-124.5616,1.585));
#4131 = VECTOR('',#4132,1.);
#4132 = DIRECTION('',(-0.38268525721,-0.923878776634,0.));
#4133 = ORIENTED_EDGE('',*,*,#4134,.T.);
#4134 = EDGE_CURVE('',#4127,#4135,#4137,.T.);
#4135 = VERTEX_POINT('',#4136);
#4136 = CARTESIAN_POINT('',(148.900688,-124.574487,1.585));
#4137 = CIRCLE('',#4138,7.499968347348E-02);
#4138 = AXIS2_PLACEMENT_3D('',#4139,#4140,#4141);
#4139 = CARTESIAN_POINT('',(148.963048,-124.5328194716,1.585));
#4140 = DIRECTION('',(-0.,0.,-1.));
#4141 = DIRECTION('',(0.831470175765,-0.555569389738,-0.));
#4142 = ORIENTED_EDGE('',*,*,#4143,.T.);
#4143 = EDGE_CURVE('',#4135,#4144,#4146,.T.);
#4144 = VERTEX_POINT('',#4145);
#4145 = CARTESIAN_POINT('',(148.89535,-124.5616,1.585));
#4146 = LINE('',#4147,#4148);
#4147 = CARTESIAN_POINT('',(148.900688,-124.574487,1.585));
#4148 = VECTOR('',#4149,1.);
#4149 = DIRECTION('',(-0.38268525721,0.923878776634,0.));
#4150 = ORIENTED_EDGE('',*,*,#4151,.T.);
#4151 = EDGE_CURVE('',#4144,#4152,#4154,.T.);
#4152 = VERTEX_POINT('',#4153);
#4153 = CARTESIAN_POINT('',(148.697179,-124.559648,1.585));
#4154 = LINE('',#4155,#4156);
#4155 = CARTESIAN_POINT('',(148.89535,-124.5616,1.585));
#4156 = VECTOR('',#4157,1.);
#4157 = DIRECTION('',(-0.999951491502,9.849601159678E-03,0.));
#4158 = ORIENTED_EDGE('',*,*,#4159,.T.);
#4159 = EDGE_CURVE('',#4152,#4160,#4162,.T.);
#4160 = VERTEX_POINT('',#4161);
#4161 = CARTESIAN_POINT('',(148.697179,-124.360352,1.585));
#4162 = CIRCLE('',#4163,0.101600176895);
#4163 = AXIS2_PLACEMENT_3D('',#4164,#4165,#4166);
#4164 = CARTESIAN_POINT('',(148.717,-124.46,1.585));
#4165 = DIRECTION('',(0.,0.,-1.));
#4166 = DIRECTION('',(-0.195088243011,-0.980785693941,-0.));
#4167 = ORIENTED_EDGE('',*,*,#4168,.T.);
#4168 = EDGE_CURVE('',#4160,#4169,#4171,.T.);
#4169 = VERTEX_POINT('',#4170);
#4170 = CARTESIAN_POINT('',(148.888048,-124.3584,1.585));
#4171 = LINE('',#4172,#4173);
#4172 = CARTESIAN_POINT('',(148.697179,-124.360352,1.585));
#4173 = VECTOR('',#4174,1.);
#4174 = DIRECTION('',(0.999947709262,1.022637478314E-02,0.));
#4175 = ORIENTED_EDGE('',*,*,#4176,.T.);
#4176 = EDGE_CURVE('',#4169,#4177,#4179,.T.);
#4177 = VERTEX_POINT('',#4178);
#4178 = CARTESIAN_POINT('',(148.889489,-123.518187,1.585));
#4179 = LINE('',#4180,#4181);
#4180 = CARTESIAN_POINT('',(148.888048,-124.3584,1.585));
#4181 = VECTOR('',#4182,1.);
#4182 = DIRECTION('',(1.715038782725E-03,0.99999852932,0.));
#4183 = ORIENTED_EDGE('',*,*,#4184,.T.);
#4184 = EDGE_CURVE('',#4177,#4185,#4187,.T.);
#4185 = VERTEX_POINT('',#4186);
#4186 = CARTESIAN_POINT('',(149.038048,-123.532819,1.585));
#4187 = CIRCLE('',#4188,7.500006711464E-02);
#4188 = AXIS2_PLACEMENT_3D('',#4189,#4190,#4191);
#4189 = CARTESIAN_POINT('',(148.96304793288,-123.5328189328,1.585));
#4190 = DIRECTION('',(0.,0.,-1.));
#4191 = DIRECTION('',(-0.980784894138,0.195092263891,0.));
#4192 = ORIENTED_EDGE('',*,*,#4193,.T.);
#4193 = EDGE_CURVE('',#4185,#4194,#4196,.T.);
#4194 = VERTEX_POINT('',#4195);
#4195 = CARTESIAN_POINT('',(149.038048,-123.923181,1.585));
#4196 = LINE('',#4197,#4198);
#4197 = CARTESIAN_POINT('',(149.038048,-123.532819,1.585));
#4198 = VECTOR('',#4199,1.);
#4199 = DIRECTION('',(0.,-1.,0.));
#4200 = ORIENTED_EDGE('',*,*,#4201,.T.);
#4201 = EDGE_CURVE('',#4194,#4202,#4204,.T.);
#4202 = VERTEX_POINT('',#4203);
#4203 = CARTESIAN_POINT('',(149.492808,-123.470459,1.585));
#4204 = LINE('',#4205,#4206);
#4205 = CARTESIAN_POINT('',(149.038048,-123.923181,1.585));
#4206 = VECTOR('',#4207,1.);
#4207 = DIRECTION('',(0.70869299647,0.705516999621,0.));
#4208 = ORIENTED_EDGE('',*,*,#4209,.T.);
#4209 = EDGE_CURVE('',#4202,#4210,#4212,.T.);
#4210 = VERTEX_POINT('',#4211);
#4211 = CARTESIAN_POINT('',(149.587509,-123.585852,1.585));
#4212 = CIRCLE('',#4213,7.499996838528E-02);
#4213 = AXIS2_PLACEMENT_3D('',#4214,#4215,#4216);
#4214 = CARTESIAN_POINT('',(149.534476,-123.5328190275,1.585));
#4215 = DIRECTION('',(0.,0.,-1.));
#4216 = DIRECTION('',(-0.555573567524,0.831467384248,0.));
#4217 = ORIENTED_EDGE('',*,*,#4218,.T.);
#4218 = EDGE_CURVE('',#4210,#4219,#4221,.T.);
#4219 = VERTEX_POINT('',#4220);
#4220 = CARTESIAN_POINT('',(149.204933,-123.968427,1.585));
#4221 = LINE('',#4222,#4223);
#4222 = CARTESIAN_POINT('',(149.587509,-123.585852,1.585));
#4223 = VECTOR('',#4224,1.);
#4224 = DIRECTION('',(-0.707107705326,-0.707105857046,0.));
#4225 = ORIENTED_EDGE('',*,*,#4226,.T.);
#4226 = EDGE_CURVE('',#4219,#4227,#4229,.T.);
#4227 = VERTEX_POINT('',#4228);
#4228 = CARTESIAN_POINT('',(149.497412,-124.3584,1.585));
#4229 = LINE('',#4230,#4231);
#4230 = CARTESIAN_POINT('',(149.204933,-123.968427,1.585));
#4231 = VECTOR('',#4232,1.);
#4232 = DIRECTION('',(0.599999015315,-0.800000738513,0.));
#4233 = ORIENTED_EDGE('',*,*,#4234,.T.);
#4234 = EDGE_CURVE('',#4227,#4235,#4237,.T.);
#4235 = VERTEX_POINT('',#4236);
#4236 = CARTESIAN_POINT('',(150.01845,-124.357842,1.585));
#4237 = LINE('',#4238,#4239);
#4238 = CARTESIAN_POINT('',(149.497412,-124.3584,1.585));
#4239 = VECTOR('',#4240,1.);
#4240 = DIRECTION('',(0.999999426545,1.070938549607E-03,0.));
#4241 = ORIENTED_EDGE('',*,*,#4242,.T.);
#4242 = EDGE_CURVE('',#4235,#4243,#4245,.T.);
#4243 = VERTEX_POINT('',#4244);
#4244 = CARTESIAN_POINT('',(149.897891,-124.236627,1.585));
#4245 = LINE('',#4246,#4247);
#4246 = CARTESIAN_POINT('',(150.01845,-124.357842,1.585));
#4247 = VECTOR('',#4248,1.);
#4248 = DIRECTION('',(-0.705185608394,0.709022748376,0.));
#4249 = ORIENTED_EDGE('',*,*,#4250,.T.);
#4250 = EDGE_CURVE('',#4243,#4251,#4253,.T.);
#4251 = VERTEX_POINT('',#4252);
#4252 = CARTESIAN_POINT('',(149.841158,-124.064033,1.585));
#4253 = LINE('',#4254,#4255);
#4254 = CARTESIAN_POINT('',(149.897891,-124.236627,1.585));
#4255 = VECTOR('',#4256,1.);
#4256 = DIRECTION('',(-0.312270244693,0.949993312755,0.));
#4257 = ORIENTED_EDGE('',*,*,#4258,.T.);
#4258 = EDGE_CURVE('',#4251,#4259,#4261,.T.);
#4259 = VERTEX_POINT('',#4260);
#4260 = CARTESIAN_POINT('',(149.842628,-123.802069,1.585));
#4261 = LINE('',#4262,#4263);
#4262 = CARTESIAN_POINT('',(149.841158,-124.064033,1.585));
#4263 = VECTOR('',#4264,1.);
#4264 = DIRECTION('',(5.611369716872E-03,0.999984256141,0.));
#4265 = ORIENTED_EDGE('',*,*,#4266,.T.);
#4266 = EDGE_CURVE('',#4259,#4267,#4269,.T.);
#4267 = VERTEX_POINT('',#4268);
#4268 = CARTESIAN_POINT('',(149.900688,-123.634008,1.585));
#4269 = LINE('',#4270,#4271);
#4270 = CARTESIAN_POINT('',(149.842628,-123.802069,1.585));
#4271 = VECTOR('',#4272,1.);
#4272 = DIRECTION('',(0.326533133634,0.945185755626,0.));
#4273 = ORIENTED_EDGE('',*,*,#4274,.T.);
#4274 = EDGE_CURVE('',#4267,#3743,#4275,.T.);
#4275 = LINE('',#4276,#4277);
#4276 = CARTESIAN_POINT('',(149.900688,-123.634008,1.585));
#4277 = VECTOR('',#4278,1.);
#4278 = DIRECTION('',(0.712196775376,0.701979880869,0.));
#4279 = FACE_BOUND('',#4280,.F.);
#4280 = EDGE_LOOP('',(#4281,#4291,#4299,#4307));
#4281 = ORIENTED_EDGE('',*,*,#4282,.T.);
#4282 = EDGE_CURVE('',#4283,#4285,#4287,.T.);
#4283 = VERTEX_POINT('',#4284);
#4284 = CARTESIAN_POINT('',(149.038048,-124.3584,1.585));
#4285 = VERTEX_POINT('',#4286);
#4286 = CARTESIAN_POINT('',(149.309912,-124.3584,1.585));
#4287 = LINE('',#4288,#4289);
#4288 = CARTESIAN_POINT('',(149.038048,-124.3584,1.585));
#4289 = VECTOR('',#4290,1.);
#4290 = DIRECTION('',(1.,0.,0.));
#4291 = ORIENTED_EDGE('',*,*,#4292,.T.);
#4292 = EDGE_CURVE('',#4285,#4293,#4295,.T.);
#4293 = VERTEX_POINT('',#4294);
#4294 = CARTESIAN_POINT('',(149.09779,-124.07557,1.585));
#4295 = LINE('',#4296,#4297);
#4296 = CARTESIAN_POINT('',(149.309912,-124.3584,1.585));
#4297 = VECTOR('',#4298,1.);
#4298 = DIRECTION('',(-0.599999094861,0.800000678853,0.));
#4299 = ORIENTED_EDGE('',*,*,#4300,.T.);
#4300 = EDGE_CURVE('',#4293,#4301,#4303,.T.);
#4301 = VERTEX_POINT('',#4302);
#4302 = CARTESIAN_POINT('',(149.038048,-124.135313,1.585));
#4303 = LINE('',#4304,#4305);
#4304 = CARTESIAN_POINT('',(149.09779,-124.07557,1.585));
#4305 = VECTOR('',#4306,1.);
#4306 = DIRECTION('',(-0.707100863207,-0.707112699116,0.));
#4307 = ORIENTED_EDGE('',*,*,#4308,.T.);
#4308 = EDGE_CURVE('',#4301,#4283,#4309,.T.);
#4309 = LINE('',#4310,#4311);
#4310 = CARTESIAN_POINT('',(149.038048,-124.135313,1.585));
#4311 = VECTOR('',#4312,1.);
#4312 = DIRECTION('',(0.,-1.,0.));
#4313 = FACE_BOUND('',#4314,.F.);
#4314 = EDGE_LOOP('',(#4315,#4326,#4334,#4343,#4351,#4359,#4367,#4375,
    #4383,#4391,#4399,#4407,#4415,#4423,#4431,#4440));
#4315 = ORIENTED_EDGE('',*,*,#4316,.T.);
#4316 = EDGE_CURVE('',#4317,#4319,#4321,.T.);
#4317 = VERTEX_POINT('',#4318);
#4318 = CARTESIAN_POINT('',(150.493962,-123.64599,1.585));
#4319 = VERTEX_POINT('',#4320);
#4320 = CARTESIAN_POINT('',(150.0988,-123.64599,1.585));
#4321 = CIRCLE('',#4322,0.447830566292);
#4322 = AXIS2_PLACEMENT_3D('',#4323,#4324,#4325);
#4323 = CARTESIAN_POINT('',(150.296381,-124.047878,1.585));
#4324 = DIRECTION('',(0.,0.,1.));
#4325 = DIRECTION('',(0.441195878245,0.897410829564,-0.));
#4326 = ORIENTED_EDGE('',*,*,#4327,.T.);
#4327 = EDGE_CURVE('',#4319,#4328,#4330,.T.);
#4328 = VERTEX_POINT('',#4329);
#4329 = CARTESIAN_POINT('',(150.0286,-123.716189,1.585));
#4330 = LINE('',#4331,#4332);
#4331 = CARTESIAN_POINT('',(150.0988,-123.64599,1.585));
#4332 = VECTOR('',#4333,1.);
#4333 = DIRECTION('',(-0.707111817578,-0.70710174476,0.));
#4334 = ORIENTED_EDGE('',*,*,#4335,.T.);
#4335 = EDGE_CURVE('',#4328,#4336,#4338,.T.);
#4336 = VERTEX_POINT('',#4337);
#4337 = CARTESIAN_POINT('',(150.0286,-124.158971,1.585));
#4338 = CIRCLE('',#4339,0.522538567535);
#4339 = AXIS2_PLACEMENT_3D('',#4340,#4341,#4342);
#4340 = CARTESIAN_POINT('',(150.50192079996,-123.93758,1.585));
#4341 = DIRECTION('',(0.,0.,1.));
#4342 = DIRECTION('',(-0.905810268128,0.423683558985,0.));
#4343 = ORIENTED_EDGE('',*,*,#4344,.T.);
#4344 = EDGE_CURVE('',#4336,#4345,#4347,.T.);
#4345 = VERTEX_POINT('',#4346);
#4346 = CARTESIAN_POINT('',(150.102713,-124.233084,1.585));
#4347 = LINE('',#4348,#4349);
#4348 = CARTESIAN_POINT('',(150.0286,-124.158971,1.585));
#4349 = VECTOR('',#4350,1.);
#4350 = DIRECTION('',(0.707106781186,-0.707106781187,0.));
#4351 = ORIENTED_EDGE('',*,*,#4352,.T.);
#4352 = EDGE_CURVE('',#4345,#4353,#4355,.T.);
#4353 = VERTEX_POINT('',#4354);
#4354 = CARTESIAN_POINT('',(150.199508,-124.283092,1.585));
#4355 = LINE('',#4356,#4357);
#4356 = CARTESIAN_POINT('',(150.102713,-124.233084,1.585));
#4357 = VECTOR('',#4358,1.);
#4358 = DIRECTION('',(0.888436200035,-0.459000129049,0.));
#4359 = ORIENTED_EDGE('',*,*,#4360,.T.);
#4360 = EDGE_CURVE('',#4353,#4361,#4363,.T.);
#4361 = VERTEX_POINT('',#4362);
#4362 = CARTESIAN_POINT('',(150.218681,-124.3052,1.585));
#4363 = LINE('',#4364,#4365);
#4364 = CARTESIAN_POINT('',(150.199508,-124.283092,1.585));
#4365 = VECTOR('',#4366,1.);
#4366 = DIRECTION('',(0.655178986933,-0.755473689205,0.));
#4367 = ORIENTED_EDGE('',*,*,#4368,.T.);
#4368 = EDGE_CURVE('',#4361,#4369,#4371,.T.);
#4369 = VERTEX_POINT('',#4370);
#4370 = CARTESIAN_POINT('',(150.228524,-124.342342,1.585));
#4371 = LINE('',#4372,#4373);
#4372 = CARTESIAN_POINT('',(150.218681,-124.3052,1.585));
#4373 = VECTOR('',#4374,1.);
#4374 = DIRECTION('',(0.256167235994,-0.966632477834,0.));
#4375 = ORIENTED_EDGE('',*,*,#4376,.T.);
#4376 = EDGE_CURVE('',#4369,#4377,#4379,.T.);
#4377 = VERTEX_POINT('',#4378);
#4378 = CARTESIAN_POINT('',(150.228524,-124.3584,1.585));
#4379 = LINE('',#4380,#4381);
#4380 = CARTESIAN_POINT('',(150.228524,-124.342342,1.585));
#4381 = VECTOR('',#4382,1.);
#4382 = DIRECTION('',(0.,-1.,0.));
#4383 = ORIENTED_EDGE('',*,*,#4384,.T.);
#4384 = EDGE_CURVE('',#4377,#4385,#4387,.T.);
#4385 = VERTEX_POINT('',#4386);
#4386 = CARTESIAN_POINT('',(150.364238,-124.3584,1.585));
#4387 = LINE('',#4388,#4389);
#4388 = CARTESIAN_POINT('',(150.228524,-124.3584,1.585));
#4389 = VECTOR('',#4390,1.);
#4390 = DIRECTION('',(1.,0.,0.));
#4391 = ORIENTED_EDGE('',*,*,#4392,.T.);
#4392 = EDGE_CURVE('',#4385,#4393,#4395,.T.);
#4393 = VERTEX_POINT('',#4394);
#4394 = CARTESIAN_POINT('',(150.365679,-124.32771,1.585));
#4395 = LINE('',#4396,#4397);
#4396 = CARTESIAN_POINT('',(150.364238,-124.3584,1.585));
#4397 = VECTOR('',#4398,1.);
#4398 = DIRECTION('',(4.690173317935E-02,0.998899508171,0.));
#4399 = ORIENTED_EDGE('',*,*,#4400,.T.);
#4400 = EDGE_CURVE('',#4393,#4401,#4403,.T.);
#4401 = VERTEX_POINT('',#4402);
#4402 = CARTESIAN_POINT('',(150.376878,-124.300674,1.585));
#4403 = LINE('',#4404,#4405);
#4404 = CARTESIAN_POINT('',(150.365679,-124.32771,1.585));
#4405 = VECTOR('',#4406,1.);
#4406 = DIRECTION('',(0.38269282806,0.923875640631,0.));
#4407 = ORIENTED_EDGE('',*,*,#4408,.T.);
#4408 = EDGE_CURVE('',#4401,#4409,#4411,.T.);
#4409 = VERTEX_POINT('',#4410);
#4410 = CARTESIAN_POINT('',(150.405697,-124.27526,1.585));
#4411 = LINE('',#4412,#4413);
#4412 = CARTESIAN_POINT('',(150.376878,-124.300674,1.585));
#4413 = VECTOR('',#4414,1.);
#4414 = DIRECTION('',(0.750025420617,0.661409002379,0.));
#4415 = ORIENTED_EDGE('',*,*,#4416,.T.);
#4416 = EDGE_CURVE('',#4409,#4417,#4419,.T.);
#4417 = VERTEX_POINT('',#4418);
#4418 = CARTESIAN_POINT('',(150.490049,-124.233084,1.585));
#4419 = LINE('',#4420,#4421);
#4420 = CARTESIAN_POINT('',(150.405697,-124.27526,1.585));
#4421 = VECTOR('',#4422,1.);
#4422 = DIRECTION('',(0.894427191,0.4472135955,0.));
#4423 = ORIENTED_EDGE('',*,*,#4424,.T.);
#4424 = EDGE_CURVE('',#4417,#4425,#4427,.T.);
#4425 = VERTEX_POINT('',#4426);
#4426 = CARTESIAN_POINT('',(150.564162,-124.158971,1.585));
#4427 = LINE('',#4428,#4429);
#4428 = CARTESIAN_POINT('',(150.490049,-124.233084,1.585));
#4429 = VECTOR('',#4430,1.);
#4430 = DIRECTION('',(0.707106781187,0.707106781187,0.));
#4431 = ORIENTED_EDGE('',*,*,#4432,.T.);
#4432 = EDGE_CURVE('',#4425,#4433,#4435,.T.);
#4433 = VERTEX_POINT('',#4434);
#4434 = CARTESIAN_POINT('',(150.564162,-123.71619,1.585));
#4435 = CIRCLE('',#4436,0.522534460742);
#4436 = AXIS2_PLACEMENT_3D('',#4437,#4438,#4439);
#4437 = CARTESIAN_POINT('',(150.0908455,-123.9375805,1.585));
#4438 = DIRECTION('',(0.,-0.,1.));
#4439 = DIRECTION('',(0.905809158172,-0.423685931997,-0.));
#4440 = ORIENTED_EDGE('',*,*,#4441,.T.);
#4441 = EDGE_CURVE('',#4433,#4317,#4442,.T.);
#4442 = LINE('',#4443,#4444);
#4443 = CARTESIAN_POINT('',(150.564162,-123.71619,1.585));
#4444 = VECTOR('',#4445,1.);
#4445 = DIRECTION('',(-0.707106781187,0.707106781187,0.));
#4446 = PLANE('',#4447);
#4447 = AXIS2_PLACEMENT_3D('',#4448,#4449,#4450);
#4448 = CARTESIAN_POINT('',(0.,0.,1.585));
#4449 = DIRECTION('',(0.,0.,1.));
#4450 = DIRECTION('',(1.,0.,-0.));
#4451 = SHELL_BASED_SURFACE_MODEL('',(#4452));
#4452 = OPEN_SHELL('',(#4453));
#4453 = ADVANCED_FACE('',(#4454),#4753,.T.);
#4454 = FACE_BOUND('',#4455,.F.);
#4455 = EDGE_LOOP('',(#4456,#4467,#4475,#4483,#4491,#4500,#4508,#4516,
    #4525,#4533,#4542,#4550,#4558,#4566,#4574,#4582,#4591,#4599,#4608,
    #4616,#4625,#4633,#4641,#4649,#4657,#4665,#4674,#4682,#4691,#4699,
    #4707,#4715,#4723,#4731,#4739,#4747));
#4456 = ORIENTED_EDGE('',*,*,#4457,.T.);
#4457 = EDGE_CURVE('',#4458,#4460,#4462,.T.);
#4458 = VERTEX_POINT('',#4459);
#4459 = CARTESIAN_POINT('',(155.595809,-123.515281,1.585));
#4460 = VERTEX_POINT('',#4461);
#4461 = CARTESIAN_POINT('',(156.15081,-123.518078,1.585));
#4462 = CIRCLE('',#4463,0.608841479843);
#4463 = AXIS2_PLACEMENT_3D('',#4464,#4465,#4466);
#4464 = CARTESIAN_POINT('',(155.87057844796,-124.0585946277,1.585));
#4465 = DIRECTION('',(0.,0.,-1.));
#4466 = DIRECTION('',(-0.451298830744,0.892372884712,0.));
#4467 = ORIENTED_EDGE('',*,*,#4468,.T.);
#4468 = EDGE_CURVE('',#4460,#4469,#4471,.T.);
#4469 = VERTEX_POINT('',#4470);
#4470 = CARTESIAN_POINT('',(156.269537,-123.638533,1.585));
#4471 = LINE('',#4472,#4473);
#4472 = CARTESIAN_POINT('',(156.15081,-123.518078,1.585));
#4473 = VECTOR('',#4474,1.);
#4474 = DIRECTION('',(0.701979880869,-0.712196775376,0.));
#4475 = ORIENTED_EDGE('',*,*,#4476,.T.);
#4476 = EDGE_CURVE('',#4469,#4477,#4479,.T.);
#4477 = VERTEX_POINT('',#4478);
#4478 = CARTESIAN_POINT('',(156.326269,-123.811126,1.585));
#4479 = LINE('',#4480,#4481);
#4480 = CARTESIAN_POINT('',(156.269537,-123.638533,1.585));
#4481 = VECTOR('',#4482,1.);
#4482 = DIRECTION('',(0.312266910039,-0.949994408876,0.));
#4483 = ORIENTED_EDGE('',*,*,#4484,.T.);
#4484 = EDGE_CURVE('',#4477,#4485,#4487,.T.);
#4485 = VERTEX_POINT('',#4486);
#4486 = CARTESIAN_POINT('',(156.324799,-124.07309,1.585));
#4487 = LINE('',#4488,#4489);
#4488 = CARTESIAN_POINT('',(156.326269,-123.811126,1.585));
#4489 = VECTOR('',#4490,1.);
#4490 = DIRECTION('',(-5.611369716872E-03,-0.999984256141,0.));
#4491 = ORIENTED_EDGE('',*,*,#4492,.T.);
#4492 = EDGE_CURVE('',#4485,#4493,#4495,.T.);
#4493 = VERTEX_POINT('',#4494);
#4494 = CARTESIAN_POINT('',(156.088904,-124.388694,1.585));
#4495 = CIRCLE('',#4496,0.379632969995);
#4496 = AXIS2_PLACEMENT_3D('',#4497,#4498,#4499);
#4497 = CARTESIAN_POINT('',(155.94692274159,-124.036610893,1.585));
#4498 = DIRECTION('',(0.,0.,-1.));
#4499 = DIRECTION('',(0.99537260531,-9.60904604965E-02,0.));
#4500 = ORIENTED_EDGE('',*,*,#4501,.T.);
#4501 = EDGE_CURVE('',#4493,#4502,#4504,.T.);
#4502 = VERTEX_POINT('',#4503);
#4503 = CARTESIAN_POINT('',(156.088904,-124.457819,1.585));
#4504 = LINE('',#4505,#4506);
#4505 = CARTESIAN_POINT('',(156.088904,-124.388694,1.585));
#4506 = VECTOR('',#4507,1.);
#4507 = DIRECTION('',(0.,-1.,0.));
#4508 = ORIENTED_EDGE('',*,*,#4509,.T.);
#4509 = EDGE_CURVE('',#4502,#4510,#4512,.T.);
#4510 = VERTEX_POINT('',#4511);
#4511 = CARTESIAN_POINT('',(156.266631,-124.45926,1.585));
#4512 = LINE('',#4513,#4514);
#4513 = CARTESIAN_POINT('',(156.088904,-124.457819,1.585));
#4514 = VECTOR('',#4515,1.);
#4515 = DIRECTION('',(0.999967132268,-8.107674340975E-03,0.));
#4516 = ORIENTED_EDGE('',*,*,#4517,.T.);
#4517 = EDGE_CURVE('',#4510,#4518,#4520,.T.);
#4518 = VERTEX_POINT('',#4519);
#4519 = CARTESIAN_POINT('',(156.251999,-124.607819,1.585));
#4520 = CIRCLE('',#4521,7.500006711465E-02);
#4521 = AXIS2_PLACEMENT_3D('',#4522,#4523,#4524);
#4522 = CARTESIAN_POINT('',(156.25199906711,-124.5328189328,1.585));
#4523 = DIRECTION('',(0.,0.,-1.));
#4524 = DIRECTION('',(0.195092263891,0.980784894138,0.));
#4525 = ORIENTED_EDGE('',*,*,#4526,.T.);
#4526 = EDGE_CURVE('',#4518,#4527,#4529,.T.);
#4527 = VERTEX_POINT('',#4528);
#4528 = CARTESIAN_POINT('',(155.999272,-124.606378,1.585));
#4529 = LINE('',#4530,#4531);
#4530 = CARTESIAN_POINT('',(156.251999,-124.607819,1.585));
#4531 = VECTOR('',#4532,1.);
#4532 = DIRECTION('',(-0.999983745108,5.701712031956E-03,0.));
#4533 = ORIENTED_EDGE('',*,*,#4534,.T.);
#4534 = EDGE_CURVE('',#4527,#4535,#4537,.T.);
#4535 = VERTEX_POINT('',#4536);
#4536 = CARTESIAN_POINT('',(155.938904,-124.532819,1.585));
#4537 = CIRCLE('',#4538,7.500074938986E-02);
#4538 = AXIS2_PLACEMENT_3D('',#4539,#4540,#4541);
#4539 = CARTESIAN_POINT('',(156.01390474938,-124.5328185338,1.585));
#4540 = DIRECTION('',(0.,0.,-1.));
#4541 = DIRECTION('',(-0.195101375752,-0.980783081614,-0.));
#4542 = ORIENTED_EDGE('',*,*,#4543,.T.);
#4543 = EDGE_CURVE('',#4535,#4544,#4546,.T.);
#4544 = VERTEX_POINT('',#4545);
#4545 = CARTESIAN_POINT('',(155.940345,-124.32771,1.585));
#4546 = LINE('',#4547,#4548);
#4547 = CARTESIAN_POINT('',(155.938904,-124.532819,1.585));
#4548 = VECTOR('',#4549,1.);
#4549 = DIRECTION('',(7.02535938841E-03,0.999975321858,0.));
#4550 = ORIENTED_EDGE('',*,*,#4551,.T.);
#4551 = EDGE_CURVE('',#4544,#4552,#4554,.T.);
#4552 = VERTEX_POINT('',#4553);
#4553 = CARTESIAN_POINT('',(155.951544,-124.300674,1.585));
#4554 = LINE('',#4555,#4556);
#4555 = CARTESIAN_POINT('',(155.940345,-124.32771,1.585));
#4556 = VECTOR('',#4557,1.);
#4557 = DIRECTION('',(0.38269282806,0.923875640631,0.));
#4558 = ORIENTED_EDGE('',*,*,#4559,.T.);
#4559 = EDGE_CURVE('',#4552,#4560,#4562,.T.);
#4560 = VERTEX_POINT('',#4561);
#4561 = CARTESIAN_POINT('',(155.980363,-124.27526,1.585));
#4562 = LINE('',#4563,#4564);
#4563 = CARTESIAN_POINT('',(155.951544,-124.300674,1.585));
#4564 = VECTOR('',#4565,1.);
#4565 = DIRECTION('',(0.750025420617,0.661409002379,0.));
#4566 = ORIENTED_EDGE('',*,*,#4567,.T.);
#4567 = EDGE_CURVE('',#4560,#4568,#4570,.T.);
#4568 = VERTEX_POINT('',#4569);
#4569 = CARTESIAN_POINT('',(156.064715,-124.233084,1.585));
#4570 = LINE('',#4571,#4572);
#4571 = CARTESIAN_POINT('',(155.980363,-124.27526,1.585));
#4572 = VECTOR('',#4573,1.);
#4573 = DIRECTION('',(0.894427191,0.4472135955,0.));
#4574 = ORIENTED_EDGE('',*,*,#4575,.T.);
#4575 = EDGE_CURVE('',#4568,#4576,#4578,.T.);
#4576 = VERTEX_POINT('',#4577);
#4577 = CARTESIAN_POINT('',(156.138828,-124.158971,1.585));
#4578 = LINE('',#4579,#4580);
#4579 = CARTESIAN_POINT('',(156.064715,-124.233084,1.585));
#4580 = VECTOR('',#4581,1.);
#4581 = DIRECTION('',(0.707106781186,0.707106781187,0.));
#4582 = ORIENTED_EDGE('',*,*,#4583,.T.);
#4583 = EDGE_CURVE('',#4576,#4584,#4586,.T.);
#4584 = VERTEX_POINT('',#4585);
#4585 = CARTESIAN_POINT('',(156.138828,-123.71619,1.585));
#4586 = CIRCLE('',#4587,0.522534460741);
#4587 = AXIS2_PLACEMENT_3D('',#4588,#4589,#4590);
#4588 = CARTESIAN_POINT('',(155.6655115,-123.9375805,1.585));
#4589 = DIRECTION('',(0.,-0.,1.));
#4590 = DIRECTION('',(0.905809158172,-0.423685931997,-0.));
#4591 = ORIENTED_EDGE('',*,*,#4592,.T.);
#4592 = EDGE_CURVE('',#4584,#4593,#4595,.T.);
#4593 = VERTEX_POINT('',#4594);
#4594 = CARTESIAN_POINT('',(156.068628,-123.64599,1.585));
#4595 = LINE('',#4596,#4597);
#4596 = CARTESIAN_POINT('',(156.138828,-123.71619,1.585));
#4597 = VECTOR('',#4598,1.);
#4598 = DIRECTION('',(-0.707106781187,0.707106781187,0.));
#4599 = ORIENTED_EDGE('',*,*,#4600,.T.);
#4600 = EDGE_CURVE('',#4593,#4601,#4603,.T.);
#4601 = VERTEX_POINT('',#4602);
#4602 = CARTESIAN_POINT('',(155.673466,-123.64599,1.585));
#4603 = CIRCLE('',#4604,0.447830566292);
#4604 = AXIS2_PLACEMENT_3D('',#4605,#4606,#4607);
#4605 = CARTESIAN_POINT('',(155.871047,-124.047878,1.585));
#4606 = DIRECTION('',(0.,0.,1.));
#4607 = DIRECTION('',(0.441195878245,0.897410829564,-0.));
#4608 = ORIENTED_EDGE('',*,*,#4609,.T.);
#4609 = EDGE_CURVE('',#4601,#4610,#4612,.T.);
#4610 = VERTEX_POINT('',#4611);
#4611 = CARTESIAN_POINT('',(155.603266,-123.716189,1.585));
#4612 = LINE('',#4613,#4614);
#4613 = CARTESIAN_POINT('',(155.673466,-123.64599,1.585));
#4614 = VECTOR('',#4615,1.);
#4615 = DIRECTION('',(-0.707111817578,-0.70710174476,0.));
#4616 = ORIENTED_EDGE('',*,*,#4617,.T.);
#4617 = EDGE_CURVE('',#4610,#4618,#4620,.T.);
#4618 = VERTEX_POINT('',#4619);
#4619 = CARTESIAN_POINT('',(155.603266,-124.158971,1.585));
#4620 = CIRCLE('',#4621,0.522538567535);
#4621 = AXIS2_PLACEMENT_3D('',#4622,#4623,#4624);
#4622 = CARTESIAN_POINT('',(156.07658679996,-123.93758,1.585));
#4623 = DIRECTION('',(0.,0.,1.));
#4624 = DIRECTION('',(-0.905810268128,0.423683558985,0.));
#4625 = ORIENTED_EDGE('',*,*,#4626,.T.);
#4626 = EDGE_CURVE('',#4618,#4627,#4629,.T.);
#4627 = VERTEX_POINT('',#4628);
#4628 = CARTESIAN_POINT('',(155.677379,-124.233084,1.585));
#4629 = LINE('',#4630,#4631);
#4630 = CARTESIAN_POINT('',(155.603266,-124.158971,1.585));
#4631 = VECTOR('',#4632,1.);
#4632 = DIRECTION('',(0.707106781187,-0.707106781187,0.));
#4633 = ORIENTED_EDGE('',*,*,#4634,.T.);
#4634 = EDGE_CURVE('',#4627,#4635,#4637,.T.);
#4635 = VERTEX_POINT('',#4636);
#4636 = CARTESIAN_POINT('',(155.774174,-124.283092,1.585));
#4637 = LINE('',#4638,#4639);
#4638 = CARTESIAN_POINT('',(155.677379,-124.233084,1.585));
#4639 = VECTOR('',#4640,1.);
#4640 = DIRECTION('',(0.888436200035,-0.45900012905,0.));
#4641 = ORIENTED_EDGE('',*,*,#4642,.T.);
#4642 = EDGE_CURVE('',#4635,#4643,#4645,.T.);
#4643 = VERTEX_POINT('',#4644);
#4644 = CARTESIAN_POINT('',(155.793347,-124.3052,1.585));
#4645 = LINE('',#4646,#4647);
#4646 = CARTESIAN_POINT('',(155.774174,-124.283092,1.585));
#4647 = VECTOR('',#4648,1.);
#4648 = DIRECTION('',(0.655178986934,-0.755473689205,0.));
#4649 = ORIENTED_EDGE('',*,*,#4650,.T.);
#4650 = EDGE_CURVE('',#4643,#4651,#4653,.T.);
#4651 = VERTEX_POINT('',#4652);
#4652 = CARTESIAN_POINT('',(155.80319,-124.342342,1.585));
#4653 = LINE('',#4654,#4655);
#4654 = CARTESIAN_POINT('',(155.793347,-124.3052,1.585));
#4655 = VECTOR('',#4656,1.);
#4656 = DIRECTION('',(0.256167235994,-0.966632477834,0.));
#4657 = ORIENTED_EDGE('',*,*,#4658,.T.);
#4658 = EDGE_CURVE('',#4651,#4659,#4661,.T.);
#4659 = VERTEX_POINT('',#4660);
#4660 = CARTESIAN_POINT('',(155.801749,-124.547451,1.585));
#4661 = LINE('',#4662,#4663);
#4662 = CARTESIAN_POINT('',(155.80319,-124.342342,1.585));
#4663 = VECTOR('',#4664,1.);
#4664 = DIRECTION('',(-7.025359388411E-03,-0.999975321858,0.));
#4665 = ORIENTED_EDGE('',*,*,#4666,.T.);
#4666 = EDGE_CURVE('',#4659,#4667,#4669,.T.);
#4667 = VERTEX_POINT('',#4668);
#4668 = CARTESIAN_POINT('',(155.72819,-124.607819,1.585));
#4669 = CIRCLE('',#4670,7.500074938989E-02);
#4670 = AXIS2_PLACEMENT_3D('',#4671,#4672,#4673);
#4671 = CARTESIAN_POINT('',(155.72818953389,-124.5328182506,1.585));
#4672 = DIRECTION('',(0.,0.,-1.));
#4673 = DIRECTION('',(0.980783081614,-0.195101375752,0.));
#4674 = ORIENTED_EDGE('',*,*,#4675,.T.);
#4675 = EDGE_CURVE('',#4667,#4676,#4678,.T.);
#4676 = VERTEX_POINT('',#4677);
#4677 = CARTESIAN_POINT('',(155.475463,-124.606378,1.585));
#4678 = LINE('',#4679,#4680);
#4679 = CARTESIAN_POINT('',(155.72819,-124.607819,1.585));
#4680 = VECTOR('',#4681,1.);
#4681 = DIRECTION('',(-0.999983745108,5.701712031956E-03,0.));
#4682 = ORIENTED_EDGE('',*,*,#4683,.T.);
#4683 = EDGE_CURVE('',#4676,#4684,#4686,.T.);
#4684 = VERTEX_POINT('',#4685);
#4685 = CARTESIAN_POINT('',(155.490095,-124.457819,1.585));
#4686 = CIRCLE('',#4687,7.500006711464E-02);
#4687 = AXIS2_PLACEMENT_3D('',#4688,#4689,#4690);
#4688 = CARTESIAN_POINT('',(155.49009493288,-124.5328190671,1.585));
#4689 = DIRECTION('',(0.,0.,-1.));
#4690 = DIRECTION('',(-0.195092263891,-0.980784894138,-0.));
#4691 = ORIENTED_EDGE('',*,*,#4692,.T.);
#4692 = EDGE_CURVE('',#4684,#4693,#4695,.T.);
#4693 = VERTEX_POINT('',#4694);
#4694 = CARTESIAN_POINT('',(155.65319,-124.457819,1.585));
#4695 = LINE('',#4696,#4697);
#4696 = CARTESIAN_POINT('',(155.490095,-124.457819,1.585));
#4697 = VECTOR('',#4698,1.);
#4698 = DIRECTION('',(1.,0.,0.));
#4699 = ORIENTED_EDGE('',*,*,#4700,.T.);
#4700 = EDGE_CURVE('',#4693,#4701,#4703,.T.);
#4701 = VERTEX_POINT('',#4702);
#4702 = CARTESIAN_POINT('',(155.65319,-124.388694,1.585));
#4703 = LINE('',#4704,#4705);
#4704 = CARTESIAN_POINT('',(155.65319,-124.457819,1.585));
#4705 = VECTOR('',#4706,1.);
#4706 = DIRECTION('',(0.,1.,0.));
#4707 = ORIENTED_EDGE('',*,*,#4708,.T.);
#4708 = EDGE_CURVE('',#4701,#4709,#4711,.T.);
#4709 = VERTEX_POINT('',#4710);
#4710 = CARTESIAN_POINT('',(155.579919,-124.347756,1.585));
#4711 = LINE('',#4712,#4713);
#4712 = CARTESIAN_POINT('',(155.65319,-124.388694,1.585));
#4713 = VECTOR('',#4714,1.);
#4714 = DIRECTION('',(-0.872981830222,0.487752728441,0.));
#4715 = ORIENTED_EDGE('',*,*,#4716,.T.);
#4716 = EDGE_CURVE('',#4709,#4717,#4719,.T.);
#4717 = VERTEX_POINT('',#4718);
#4718 = CARTESIAN_POINT('',(155.472557,-124.236627,1.585));
#4719 = LINE('',#4720,#4721);
#4720 = CARTESIAN_POINT('',(155.579919,-124.347756,1.585));
#4721 = VECTOR('',#4722,1.);
#4722 = DIRECTION('',(-0.694812304606,0.719191116024,0.));
#4723 = ORIENTED_EDGE('',*,*,#4724,.T.);
#4724 = EDGE_CURVE('',#4717,#4725,#4727,.T.);
#4725 = VERTEX_POINT('',#4726);
#4726 = CARTESIAN_POINT('',(155.415824,-124.064033,1.585));
#4727 = LINE('',#4728,#4729);
#4728 = CARTESIAN_POINT('',(155.472557,-124.236627,1.585));
#4729 = VECTOR('',#4730,1.);
#4730 = DIRECTION('',(-0.312270244693,0.949993312755,0.));
#4731 = ORIENTED_EDGE('',*,*,#4732,.T.);
#4732 = EDGE_CURVE('',#4725,#4733,#4735,.T.);
#4733 = VERTEX_POINT('',#4734);
#4734 = CARTESIAN_POINT('',(155.417294,-123.802069,1.585));
#4735 = LINE('',#4736,#4737);
#4736 = CARTESIAN_POINT('',(155.415824,-124.064033,1.585));
#4737 = VECTOR('',#4738,1.);
#4738 = DIRECTION('',(5.611369716981E-03,0.999984256141,0.));
#4739 = ORIENTED_EDGE('',*,*,#4740,.T.);
#4740 = EDGE_CURVE('',#4733,#4741,#4743,.T.);
#4741 = VERTEX_POINT('',#4742);
#4742 = CARTESIAN_POINT('',(155.475354,-123.634008,1.585));
#4743 = LINE('',#4744,#4745);
#4744 = CARTESIAN_POINT('',(155.417294,-123.802069,1.585));
#4745 = VECTOR('',#4746,1.);
#4746 = DIRECTION('',(0.326533133634,0.945185755626,0.));
#4747 = ORIENTED_EDGE('',*,*,#4748,.T.);
#4748 = EDGE_CURVE('',#4741,#4458,#4749,.T.);
#4749 = LINE('',#4750,#4751);
#4750 = CARTESIAN_POINT('',(155.475354,-123.634008,1.585));
#4751 = VECTOR('',#4752,1.);
#4752 = DIRECTION('',(0.712196775376,0.701979880869,0.));
#4753 = PLANE('',#4754);
#4754 = AXIS2_PLACEMENT_3D('',#4755,#4756,#4757);
#4755 = CARTESIAN_POINT('',(0.,0.,1.585));
#4756 = DIRECTION('',(0.,0.,1.));
#4757 = DIRECTION('',(1.,0.,-0.));
#4758 = SHELL_BASED_SURFACE_MODEL('',(#4759));
#4759 = OPEN_SHELL('',(#4760));
#4760 = ADVANCED_FACE('',(#4761),#5060,.T.);
#4761 = FACE_BOUND('',#4762,.F.);
#4762 = EDGE_LOOP('',(#4763,#4774,#4782,#4790,#4798,#4807,#4815,#4823,
    #4832,#4840,#4849,#4857,#4865,#4873,#4881,#4889,#4898,#4906,#4915,
    #4923,#4932,#4940,#4948,#4956,#4964,#4972,#4981,#4989,#4998,#5006,
    #5014,#5022,#5030,#5038,#5046,#5054));
#4763 = ORIENTED_EDGE('',*,*,#4764,.T.);
#4764 = EDGE_CURVE('',#4765,#4767,#4769,.T.);
#4765 = VERTEX_POINT('',#4766);
#4766 = CARTESIAN_POINT('',(161.146665,-123.515281,1.585));
#4767 = VERTEX_POINT('',#4768);
#4768 = CARTESIAN_POINT('',(161.701666,-123.518078,1.585));
#4769 = CIRCLE('',#4770,0.608841479843);
#4770 = AXIS2_PLACEMENT_3D('',#4771,#4772,#4773);
#4771 = CARTESIAN_POINT('',(161.42143444796,-124.0585946277,1.585));
#4772 = DIRECTION('',(0.,0.,-1.));
#4773 = DIRECTION('',(-0.451298830744,0.892372884712,0.));
#4774 = ORIENTED_EDGE('',*,*,#4775,.T.);
#4775 = EDGE_CURVE('',#4767,#4776,#4778,.T.);
#4776 = VERTEX_POINT('',#4777);
#4777 = CARTESIAN_POINT('',(161.820393,-123.638533,1.585));
#4778 = LINE('',#4779,#4780);
#4779 = CARTESIAN_POINT('',(161.701666,-123.518078,1.585));
#4780 = VECTOR('',#4781,1.);
#4781 = DIRECTION('',(0.701979880869,-0.712196775376,0.));
#4782 = ORIENTED_EDGE('',*,*,#4783,.T.);
#4783 = EDGE_CURVE('',#4776,#4784,#4786,.T.);
#4784 = VERTEX_POINT('',#4785);
#4785 = CARTESIAN_POINT('',(161.877125,-123.811126,1.585));
#4786 = LINE('',#4787,#4788);
#4787 = CARTESIAN_POINT('',(161.820393,-123.638533,1.585));
#4788 = VECTOR('',#4789,1.);
#4789 = DIRECTION('',(0.312266910039,-0.949994408876,0.));
#4790 = ORIENTED_EDGE('',*,*,#4791,.T.);
#4791 = EDGE_CURVE('',#4784,#4792,#4794,.T.);
#4792 = VERTEX_POINT('',#4793);
#4793 = CARTESIAN_POINT('',(161.875655,-124.07309,1.585));
#4794 = LINE('',#4795,#4796);
#4795 = CARTESIAN_POINT('',(161.877125,-123.811126,1.585));
#4796 = VECTOR('',#4797,1.);
#4797 = DIRECTION('',(-5.611369716981E-03,-0.999984256141,0.));
#4798 = ORIENTED_EDGE('',*,*,#4799,.T.);
#4799 = EDGE_CURVE('',#4792,#4800,#4802,.T.);
#4800 = VERTEX_POINT('',#4801);
#4801 = CARTESIAN_POINT('',(161.63976,-124.388694,1.585));
#4802 = CIRCLE('',#4803,0.379632969995);
#4803 = AXIS2_PLACEMENT_3D('',#4804,#4805,#4806);
#4804 = CARTESIAN_POINT('',(161.49777874159,-124.036610893,1.585));
#4805 = DIRECTION('',(0.,0.,-1.));
#4806 = DIRECTION('',(0.99537260531,-9.609046049624E-02,0.));
#4807 = ORIENTED_EDGE('',*,*,#4808,.T.);
#4808 = EDGE_CURVE('',#4800,#4809,#4811,.T.);
#4809 = VERTEX_POINT('',#4810);
#4810 = CARTESIAN_POINT('',(161.63976,-124.457819,1.585));
#4811 = LINE('',#4812,#4813);
#4812 = CARTESIAN_POINT('',(161.63976,-124.388694,1.585));
#4813 = VECTOR('',#4814,1.);
#4814 = DIRECTION('',(0.,-1.,0.));
#4815 = ORIENTED_EDGE('',*,*,#4816,.T.);
#4816 = EDGE_CURVE('',#4809,#4817,#4819,.T.);
#4817 = VERTEX_POINT('',#4818);
#4818 = CARTESIAN_POINT('',(161.817487,-124.45926,1.585));
#4819 = LINE('',#4820,#4821);
#4820 = CARTESIAN_POINT('',(161.63976,-124.457819,1.585));
#4821 = VECTOR('',#4822,1.);
#4822 = DIRECTION('',(0.999967132268,-8.107674340974E-03,0.));
#4823 = ORIENTED_EDGE('',*,*,#4824,.T.);
#4824 = EDGE_CURVE('',#4817,#4825,#4827,.T.);
#4825 = VERTEX_POINT('',#4826);
#4826 = CARTESIAN_POINT('',(161.802855,-124.607819,1.585));
#4827 = CIRCLE('',#4828,7.500006711465E-02);
#4828 = AXIS2_PLACEMENT_3D('',#4829,#4830,#4831);
#4829 = CARTESIAN_POINT('',(161.80285506711,-124.5328189328,1.585));
#4830 = DIRECTION('',(0.,0.,-1.));
#4831 = DIRECTION('',(0.195092263891,0.980784894138,0.));
#4832 = ORIENTED_EDGE('',*,*,#4833,.T.);
#4833 = EDGE_CURVE('',#4825,#4834,#4836,.T.);
#4834 = VERTEX_POINT('',#4835);
#4835 = CARTESIAN_POINT('',(161.550128,-124.606378,1.585));
#4836 = LINE('',#4837,#4838);
#4837 = CARTESIAN_POINT('',(161.802855,-124.607819,1.585));
#4838 = VECTOR('',#4839,1.);
#4839 = DIRECTION('',(-0.999983745108,5.701712031956E-03,0.));
#4840 = ORIENTED_EDGE('',*,*,#4841,.T.);
#4841 = EDGE_CURVE('',#4834,#4842,#4844,.T.);
#4842 = VERTEX_POINT('',#4843);
#4843 = CARTESIAN_POINT('',(161.48976,-124.532819,1.585));
#4844 = CIRCLE('',#4845,7.500074938989E-02);
#4845 = AXIS2_PLACEMENT_3D('',#4846,#4847,#4848);
#4846 = CARTESIAN_POINT('',(161.56476074938,-124.5328185338,1.585));
#4847 = DIRECTION('',(0.,0.,-1.));
#4848 = DIRECTION('',(-0.195101375752,-0.980783081614,-0.));
#4849 = ORIENTED_EDGE('',*,*,#4850,.T.);
#4850 = EDGE_CURVE('',#4842,#4851,#4853,.T.);
#4851 = VERTEX_POINT('',#4852);
#4852 = CARTESIAN_POINT('',(161.491201,-124.32771,1.585));
#4853 = LINE('',#4854,#4855);
#4854 = CARTESIAN_POINT('',(161.48976,-124.532819,1.585));
#4855 = VECTOR('',#4856,1.);
#4856 = DIRECTION('',(7.02535938841E-03,0.999975321858,0.));
#4857 = ORIENTED_EDGE('',*,*,#4858,.T.);
#4858 = EDGE_CURVE('',#4851,#4859,#4861,.T.);
#4859 = VERTEX_POINT('',#4860);
#4860 = CARTESIAN_POINT('',(161.5024,-124.300674,1.585));
#4861 = LINE('',#4862,#4863);
#4862 = CARTESIAN_POINT('',(161.491201,-124.32771,1.585));
#4863 = VECTOR('',#4864,1.);
#4864 = DIRECTION('',(0.38269282806,0.923875640631,0.));
#4865 = ORIENTED_EDGE('',*,*,#4866,.T.);
#4866 = EDGE_CURVE('',#4859,#4867,#4869,.T.);
#4867 = VERTEX_POINT('',#4868);
#4868 = CARTESIAN_POINT('',(161.531219,-124.27526,1.585));
#4869 = LINE('',#4870,#4871);
#4870 = CARTESIAN_POINT('',(161.5024,-124.300674,1.585));
#4871 = VECTOR('',#4872,1.);
#4872 = DIRECTION('',(0.750025420617,0.661409002379,0.));
#4873 = ORIENTED_EDGE('',*,*,#4874,.T.);
#4874 = EDGE_CURVE('',#4867,#4875,#4877,.T.);
#4875 = VERTEX_POINT('',#4876);
#4876 = CARTESIAN_POINT('',(161.615571,-124.233084,1.585));
#4877 = LINE('',#4878,#4879);
#4878 = CARTESIAN_POINT('',(161.531219,-124.27526,1.585));
#4879 = VECTOR('',#4880,1.);
#4880 = DIRECTION('',(0.894427191,0.4472135955,0.));
#4881 = ORIENTED_EDGE('',*,*,#4882,.T.);
#4882 = EDGE_CURVE('',#4875,#4883,#4885,.T.);
#4883 = VERTEX_POINT('',#4884);
#4884 = CARTESIAN_POINT('',(161.689684,-124.158971,1.585));
#4885 = LINE('',#4886,#4887);
#4886 = CARTESIAN_POINT('',(161.615571,-124.233084,1.585));
#4887 = VECTOR('',#4888,1.);
#4888 = DIRECTION('',(0.707106781187,0.707106781187,0.));
#4889 = ORIENTED_EDGE('',*,*,#4890,.T.);
#4890 = EDGE_CURVE('',#4883,#4891,#4893,.T.);
#4891 = VERTEX_POINT('',#4892);
#4892 = CARTESIAN_POINT('',(161.689684,-123.71619,1.585));
#4893 = CIRCLE('',#4894,0.522534460741);
#4894 = AXIS2_PLACEMENT_3D('',#4895,#4896,#4897);
#4895 = CARTESIAN_POINT('',(161.2163675,-123.9375805,1.585));
#4896 = DIRECTION('',(0.,-0.,1.));
#4897 = DIRECTION('',(0.905809158172,-0.423685931997,-0.));
#4898 = ORIENTED_EDGE('',*,*,#4899,.T.);
#4899 = EDGE_CURVE('',#4891,#4900,#4902,.T.);
#4900 = VERTEX_POINT('',#4901);
#4901 = CARTESIAN_POINT('',(161.619484,-123.64599,1.585));
#4902 = LINE('',#4903,#4904);
#4903 = CARTESIAN_POINT('',(161.689684,-123.71619,1.585));
#4904 = VECTOR('',#4905,1.);
#4905 = DIRECTION('',(-0.707106781187,0.707106781187,0.));
#4906 = ORIENTED_EDGE('',*,*,#4907,.T.);
#4907 = EDGE_CURVE('',#4900,#4908,#4910,.T.);
#4908 = VERTEX_POINT('',#4909);
#4909 = CARTESIAN_POINT('',(161.224322,-123.64599,1.585));
#4910 = CIRCLE('',#4911,0.447830566292);
#4911 = AXIS2_PLACEMENT_3D('',#4912,#4913,#4914);
#4912 = CARTESIAN_POINT('',(161.421903,-124.047878,1.585));
#4913 = DIRECTION('',(0.,0.,1.));
#4914 = DIRECTION('',(0.441195878245,0.897410829564,-0.));
#4915 = ORIENTED_EDGE('',*,*,#4916,.T.);
#4916 = EDGE_CURVE('',#4908,#4917,#4919,.T.);
#4917 = VERTEX_POINT('',#4918);
#4918 = CARTESIAN_POINT('',(161.154122,-123.716189,1.585));
#4919 = LINE('',#4920,#4921);
#4920 = CARTESIAN_POINT('',(161.224322,-123.64599,1.585));
#4921 = VECTOR('',#4922,1.);
#4922 = DIRECTION('',(-0.707111817578,-0.70710174476,0.));
#4923 = ORIENTED_EDGE('',*,*,#4924,.T.);
#4924 = EDGE_CURVE('',#4917,#4925,#4927,.T.);
#4925 = VERTEX_POINT('',#4926);
#4926 = CARTESIAN_POINT('',(161.154122,-124.158971,1.585));
#4927 = CIRCLE('',#4928,0.522538567535);
#4928 = AXIS2_PLACEMENT_3D('',#4929,#4930,#4931);
#4929 = CARTESIAN_POINT('',(161.62744279996,-123.93758,1.585));
#4930 = DIRECTION('',(0.,0.,1.));
#4931 = DIRECTION('',(-0.905810268128,0.423683558985,0.));
#4932 = ORIENTED_EDGE('',*,*,#4933,.T.);
#4933 = EDGE_CURVE('',#4925,#4934,#4936,.T.);
#4934 = VERTEX_POINT('',#4935);
#4935 = CARTESIAN_POINT('',(161.228235,-124.233084,1.585));
#4936 = LINE('',#4937,#4938);
#4937 = CARTESIAN_POINT('',(161.154122,-124.158971,1.585));
#4938 = VECTOR('',#4939,1.);
#4939 = DIRECTION('',(0.707106781187,-0.707106781187,0.));
#4940 = ORIENTED_EDGE('',*,*,#4941,.T.);
#4941 = EDGE_CURVE('',#4934,#4942,#4944,.T.);
#4942 = VERTEX_POINT('',#4943);
#4943 = CARTESIAN_POINT('',(161.32503,-124.283092,1.585));
#4944 = LINE('',#4945,#4946);
#4945 = CARTESIAN_POINT('',(161.228235,-124.233084,1.585));
#4946 = VECTOR('',#4947,1.);
#4947 = DIRECTION('',(0.888436200035,-0.45900012905,0.));
#4948 = ORIENTED_EDGE('',*,*,#4949,.T.);
#4949 = EDGE_CURVE('',#4942,#4950,#4952,.T.);
#4950 = VERTEX_POINT('',#4951);
#4951 = CARTESIAN_POINT('',(161.344203,-124.3052,1.585));
#4952 = LINE('',#4953,#4954);
#4953 = CARTESIAN_POINT('',(161.32503,-124.283092,1.585));
#4954 = VECTOR('',#4955,1.);
#4955 = DIRECTION('',(0.655178986933,-0.755473689205,0.));
#4956 = ORIENTED_EDGE('',*,*,#4957,.T.);
#4957 = EDGE_CURVE('',#4950,#4958,#4960,.T.);
#4958 = VERTEX_POINT('',#4959);
#4959 = CARTESIAN_POINT('',(161.354046,-124.342342,1.585));
#4960 = LINE('',#4961,#4962);
#4961 = CARTESIAN_POINT('',(161.344203,-124.3052,1.585));
#4962 = VECTOR('',#4963,1.);
#4963 = DIRECTION('',(0.256167235995,-0.966632477834,0.));
#4964 = ORIENTED_EDGE('',*,*,#4965,.T.);
#4965 = EDGE_CURVE('',#4958,#4966,#4968,.T.);
#4966 = VERTEX_POINT('',#4967);
#4967 = CARTESIAN_POINT('',(161.352605,-124.547451,1.585));
#4968 = LINE('',#4969,#4970);
#4969 = CARTESIAN_POINT('',(161.354046,-124.342342,1.585));
#4970 = VECTOR('',#4971,1.);
#4971 = DIRECTION('',(-7.025359388411E-03,-0.999975321858,0.));
#4972 = ORIENTED_EDGE('',*,*,#4973,.T.);
#4973 = EDGE_CURVE('',#4966,#4974,#4976,.T.);
#4974 = VERTEX_POINT('',#4975);
#4975 = CARTESIAN_POINT('',(161.279046,-124.607819,1.585));
#4976 = CIRCLE('',#4977,7.500074938988E-02);
#4977 = AXIS2_PLACEMENT_3D('',#4978,#4979,#4980);
#4978 = CARTESIAN_POINT('',(161.27904553389,-124.5328182506,1.585));
#4979 = DIRECTION('',(0.,0.,-1.));
#4980 = DIRECTION('',(0.980783081614,-0.195101375752,0.));
#4981 = ORIENTED_EDGE('',*,*,#4982,.T.);
#4982 = EDGE_CURVE('',#4974,#4983,#4985,.T.);
#4983 = VERTEX_POINT('',#4984);
#4984 = CARTESIAN_POINT('',(161.026319,-124.606378,1.585));
#4985 = LINE('',#4986,#4987);
#4986 = CARTESIAN_POINT('',(161.279046,-124.607819,1.585));
#4987 = VECTOR('',#4988,1.);
#4988 = DIRECTION('',(-0.999983745108,5.701712031956E-03,0.));
#4989 = ORIENTED_EDGE('',*,*,#4990,.T.);
#4990 = EDGE_CURVE('',#4983,#4991,#4993,.T.);
#4991 = VERTEX_POINT('',#4992);
#4992 = CARTESIAN_POINT('',(161.040951,-124.457819,1.585));
#4993 = CIRCLE('',#4994,7.500006711464E-02);
#4994 = AXIS2_PLACEMENT_3D('',#4995,#4996,#4997);
#4995 = CARTESIAN_POINT('',(161.04095093288,-124.5328190671,1.585));
#4996 = DIRECTION('',(0.,0.,-1.));
#4997 = DIRECTION('',(-0.195092263891,-0.980784894138,-0.));
#4998 = ORIENTED_EDGE('',*,*,#4999,.T.);
#4999 = EDGE_CURVE('',#4991,#5000,#5002,.T.);
#5000 = VERTEX_POINT('',#5001);
#5001 = CARTESIAN_POINT('',(161.204046,-124.457819,1.585));
#5002 = LINE('',#5003,#5004);
#5003 = CARTESIAN_POINT('',(161.040951,-124.457819,1.585));
#5004 = VECTOR('',#5005,1.);
#5005 = DIRECTION('',(1.,0.,0.));
#5006 = ORIENTED_EDGE('',*,*,#5007,.T.);
#5007 = EDGE_CURVE('',#5000,#5008,#5010,.T.);
#5008 = VERTEX_POINT('',#5009);
#5009 = CARTESIAN_POINT('',(161.204046,-124.388694,1.585));
#5010 = LINE('',#5011,#5012);
#5011 = CARTESIAN_POINT('',(161.204046,-124.457819,1.585));
#5012 = VECTOR('',#5013,1.);
#5013 = DIRECTION('',(0.,1.,0.));
#5014 = ORIENTED_EDGE('',*,*,#5015,.T.);
#5015 = EDGE_CURVE('',#5008,#5016,#5018,.T.);
#5016 = VERTEX_POINT('',#5017);
#5017 = CARTESIAN_POINT('',(161.130775,-124.347756,1.585));
#5018 = LINE('',#5019,#5020);
#5019 = CARTESIAN_POINT('',(161.204046,-124.388694,1.585));
#5020 = VECTOR('',#5021,1.);
#5021 = DIRECTION('',(-0.872981830222,0.487752728441,0.));
#5022 = ORIENTED_EDGE('',*,*,#5023,.T.);
#5023 = EDGE_CURVE('',#5016,#5024,#5026,.T.);
#5024 = VERTEX_POINT('',#5025);
#5025 = CARTESIAN_POINT('',(161.023413,-124.236627,1.585));
#5026 = LINE('',#5027,#5028);
#5027 = CARTESIAN_POINT('',(161.130775,-124.347756,1.585));
#5028 = VECTOR('',#5029,1.);
#5029 = DIRECTION('',(-0.694812304606,0.719191116024,0.));
#5030 = ORIENTED_EDGE('',*,*,#5031,.T.);
#5031 = EDGE_CURVE('',#5024,#5032,#5034,.T.);
#5032 = VERTEX_POINT('',#5033);
#5033 = CARTESIAN_POINT('',(160.96668,-124.064033,1.585));
#5034 = LINE('',#5035,#5036);
#5035 = CARTESIAN_POINT('',(161.023413,-124.236627,1.585));
#5036 = VECTOR('',#5037,1.);
#5037 = DIRECTION('',(-0.312270244693,0.949993312755,0.));
#5038 = ORIENTED_EDGE('',*,*,#5039,.T.);
#5039 = EDGE_CURVE('',#5032,#5040,#5042,.T.);
#5040 = VERTEX_POINT('',#5041);
#5041 = CARTESIAN_POINT('',(160.96815,-123.802069,1.585));
#5042 = LINE('',#5043,#5044);
#5043 = CARTESIAN_POINT('',(160.96668,-124.064033,1.585));
#5044 = VECTOR('',#5045,1.);
#5045 = DIRECTION('',(5.611369716981E-03,0.999984256141,0.));
#5046 = ORIENTED_EDGE('',*,*,#5047,.T.);
#5047 = EDGE_CURVE('',#5040,#5048,#5050,.T.);
#5048 = VERTEX_POINT('',#5049);
#5049 = CARTESIAN_POINT('',(161.02621,-123.634008,1.585));
#5050 = LINE('',#5051,#5052);
#5051 = CARTESIAN_POINT('',(160.96815,-123.802069,1.585));
#5052 = VECTOR('',#5053,1.);
#5053 = DIRECTION('',(0.326533133634,0.945185755626,0.));
#5054 = ORIENTED_EDGE('',*,*,#5055,.T.);
#5055 = EDGE_CURVE('',#5048,#4765,#5056,.T.);
#5056 = LINE('',#5057,#5058);
#5057 = CARTESIAN_POINT('',(161.02621,-123.634008,1.585));
#5058 = VECTOR('',#5059,1.);
#5059 = DIRECTION('',(0.712196775376,0.701979880869,0.));
#5060 = PLANE('',#5061);
#5061 = AXIS2_PLACEMENT_3D('',#5062,#5063,#5064);
#5062 = CARTESIAN_POINT('',(0.,0.,1.585));
#5063 = DIRECTION('',(0.,0.,1.));
#5064 = DIRECTION('',(1.,0.,-0.));
#5065 = SHELL_BASED_SURFACE_MODEL('',(#5066));
#5066 = OPEN_SHELL('',(#5067));
#5067 = ADVANCED_FACE('',(#5068),#5145,.T.);
#5068 = FACE_BOUND('',#5069,.F.);
#5069 = EDGE_LOOP('',(#5070,#5081,#5089,#5097,#5106,#5114,#5123,#5131,
    #5139));
#5070 = ORIENTED_EDGE('',*,*,#5071,.T.);
#5071 = EDGE_CURVE('',#5072,#5074,#5076,.T.);
#5072 = VERTEX_POINT('',#5073);
#5073 = CARTESIAN_POINT('',(164.447284,-123.470459,1.585));
#5074 = VERTEX_POINT('',#5075);
#5075 = CARTESIAN_POINT('',(164.563952,-123.532819,1.585));
#5076 = CIRCLE('',#5077,7.500000000004E-02);
#5077 = AXIS2_PLACEMENT_3D('',#5078,#5079,#5080);
#5078 = CARTESIAN_POINT('',(164.488952,-123.5328190655,1.585));
#5079 = DIRECTION('',(0.,0.,-1.));
#5080 = DIRECTION('',(-0.555573333333,0.831467540731,0.));
#5081 = ORIENTED_EDGE('',*,*,#5082,.T.);
#5082 = EDGE_CURVE('',#5074,#5083,#5085,.T.);
#5083 = VERTEX_POINT('',#5084);
#5084 = CARTESIAN_POINT('',(164.563952,-124.457819,1.585));
#5085 = LINE('',#5086,#5087);
#5086 = CARTESIAN_POINT('',(164.563952,-123.532819,1.585));
#5087 = VECTOR('',#5088,1.);
#5088 = DIRECTION('',(0.,-1.,0.));
#5089 = ORIENTED_EDGE('',*,*,#5090,.T.);
#5090 = EDGE_CURVE('',#5083,#5091,#5093,.T.);
#5091 = VERTEX_POINT('',#5092);
#5092 = CARTESIAN_POINT('',(164.979774,-124.45926,1.585));
#5093 = LINE('',#5094,#5095);
#5094 = CARTESIAN_POINT('',(164.563952,-124.457819,1.585));
#5095 = VECTOR('',#5096,1.);
#5096 = DIRECTION('',(0.999993995468,-3.465404301528E-03,0.));
#5097 = ORIENTED_EDGE('',*,*,#5098,.T.);
#5098 = EDGE_CURVE('',#5091,#5099,#5101,.T.);
#5099 = VERTEX_POINT('',#5100);
#5100 = CARTESIAN_POINT('',(164.965142,-124.607819,1.585));
#5101 = CIRCLE('',#5102,7.500006711465E-02);
#5102 = AXIS2_PLACEMENT_3D('',#5103,#5104,#5105);
#5103 = CARTESIAN_POINT('',(164.96514206711,-124.5328189328,1.585));
#5104 = DIRECTION('',(0.,0.,-1.));
#5105 = DIRECTION('',(0.195092263891,0.980784894138,0.));
#5106 = ORIENTED_EDGE('',*,*,#5107,.T.);
#5107 = EDGE_CURVE('',#5099,#5108,#5110,.T.);
#5108 = VERTEX_POINT('',#5109);
#5109 = CARTESIAN_POINT('',(164.47432,-124.606378,1.585));
#5110 = LINE('',#5111,#5112);
#5111 = CARTESIAN_POINT('',(164.965142,-124.607819,1.585));
#5112 = VECTOR('',#5113,1.);
#5113 = DIRECTION('',(-0.999995690299,2.935878566407E-03,0.));
#5114 = ORIENTED_EDGE('',*,*,#5115,.T.);
#5115 = EDGE_CURVE('',#5108,#5116,#5118,.T.);
#5116 = VERTEX_POINT('',#5117);
#5117 = CARTESIAN_POINT('',(164.413952,-124.532819,1.585));
#5118 = CIRCLE('',#5119,7.500074938989E-02);
#5119 = AXIS2_PLACEMENT_3D('',#5120,#5121,#5122);
#5120 = CARTESIAN_POINT('',(164.48895274938,-124.5328185338,1.585));
#5121 = DIRECTION('',(0.,0.,-1.));
#5122 = DIRECTION('',(-0.195101375752,-0.980783081614,-0.));
#5123 = ORIENTED_EDGE('',*,*,#5124,.T.);
#5124 = EDGE_CURVE('',#5116,#5125,#5127,.T.);
#5125 = VERTEX_POINT('',#5126);
#5126 = CARTESIAN_POINT('',(164.415393,-123.518187,1.585));
#5127 = LINE('',#5128,#5129);
#5128 = CARTESIAN_POINT('',(164.413952,-124.532819,1.585));
#5129 = VECTOR('',#5130,1.);
#5130 = DIRECTION('',(1.420217918158E-03,0.99999899149,0.));
#5131 = ORIENTED_EDGE('',*,*,#5132,.T.);
#5132 = EDGE_CURVE('',#5125,#5133,#5135,.T.);
#5133 = VERTEX_POINT('',#5134);
#5134 = CARTESIAN_POINT('',(164.426592,-123.491151,1.585));
#5135 = LINE('',#5136,#5137);
#5136 = CARTESIAN_POINT('',(164.415393,-123.518187,1.585));
#5137 = VECTOR('',#5138,1.);
#5138 = DIRECTION('',(0.38269282806,0.923875640631,0.));
#5139 = ORIENTED_EDGE('',*,*,#5140,.T.);
#5140 = EDGE_CURVE('',#5133,#5072,#5141,.T.);
#5141 = LINE('',#5142,#5143);
#5142 = CARTESIAN_POINT('',(164.426592,-123.491151,1.585));
#5143 = VECTOR('',#5144,1.);
#5144 = DIRECTION('',(0.707106781187,0.707106781187,0.));
#5145 = PLANE('',#5146);
#5146 = AXIS2_PLACEMENT_3D('',#5147,#5148,#5149);
#5147 = CARTESIAN_POINT('',(0.,0.,1.585));
#5148 = DIRECTION('',(0.,0.,1.));
#5149 = DIRECTION('',(1.,0.,-0.));
#5150 = SHELL_BASED_SURFACE_MODEL('',(#5151));
#5151 = OPEN_SHELL('',(#5152));
#5152 = ADVANCED_FACE('',(#5153),#5272,.T.);
#5153 = FACE_BOUND('',#5154,.F.);
#5154 = EDGE_LOOP('',(#5155,#5166,#5174,#5183,#5191,#5199,#5207,#5216,
    #5224,#5232,#5240,#5249,#5257,#5266));
#5155 = ORIENTED_EDGE('',*,*,#5156,.T.);
#5156 = EDGE_CURVE('',#5157,#5159,#5161,.T.);
#5157 = VERTEX_POINT('',#5158);
#5158 = CARTESIAN_POINT('',(165.224917,-123.518187,1.585));
#5159 = VERTEX_POINT('',#5160);
#5160 = CARTESIAN_POINT('',(165.298476,-123.457819,1.585));
#5161 = CIRCLE('',#5162,7.500074938986E-02);
#5162 = AXIS2_PLACEMENT_3D('',#5163,#5164,#5165);
#5163 = CARTESIAN_POINT('',(165.29847646611,-123.5328197493,1.585));
#5164 = DIRECTION('',(0.,0.,-1.));
#5165 = DIRECTION('',(-0.980783081614,0.195101375752,0.));
#5166 = ORIENTED_EDGE('',*,*,#5167,.T.);
#5167 = EDGE_CURVE('',#5159,#5168,#5170,.T.);
#5168 = VERTEX_POINT('',#5169);
#5169 = CARTESIAN_POINT('',(165.789298,-123.45926,1.585));
#5170 = LINE('',#5171,#5172);
#5171 = CARTESIAN_POINT('',(165.298476,-123.457819,1.585));
#5172 = VECTOR('',#5173,1.);
#5173 = DIRECTION('',(0.999995690299,-2.935878566407E-03,0.));
#5174 = ORIENTED_EDGE('',*,*,#5175,.T.);
#5175 = EDGE_CURVE('',#5168,#5176,#5178,.T.);
#5176 = VERTEX_POINT('',#5177);
#5177 = CARTESIAN_POINT('',(165.774666,-123.607819,1.585));
#5178 = CIRCLE('',#5179,7.500006711465E-02);
#5179 = AXIS2_PLACEMENT_3D('',#5180,#5181,#5182);
#5180 = CARTESIAN_POINT('',(165.77466606711,-123.5328189328,1.585));
#5181 = DIRECTION('',(0.,0.,-1.));
#5182 = DIRECTION('',(0.195092263891,0.980784894138,0.));
#5183 = ORIENTED_EDGE('',*,*,#5184,.T.);
#5184 = EDGE_CURVE('',#5176,#5185,#5187,.T.);
#5185 = VERTEX_POINT('',#5186);
#5186 = CARTESIAN_POINT('',(165.373476,-123.607819,1.585));
#5187 = LINE('',#5188,#5189);
#5188 = CARTESIAN_POINT('',(165.774666,-123.607819,1.585));
#5189 = VECTOR('',#5190,1.);
#5190 = DIRECTION('',(-1.,0.,0.));
#5191 = ORIENTED_EDGE('',*,*,#5192,.T.);
#5192 = EDGE_CURVE('',#5185,#5193,#5195,.T.);
#5193 = VERTEX_POINT('',#5194);
#5194 = CARTESIAN_POINT('',(165.373476,-123.934009,1.585));
#5195 = LINE('',#5196,#5197);
#5196 = CARTESIAN_POINT('',(165.373476,-123.607819,1.585));
#5197 = VECTOR('',#5198,1.);
#5198 = DIRECTION('',(0.,-1.,0.));
#5199 = ORIENTED_EDGE('',*,*,#5200,.T.);
#5200 = EDGE_CURVE('',#5193,#5201,#5203,.T.);
#5201 = VERTEX_POINT('',#5202);
#5202 = CARTESIAN_POINT('',(165.646441,-123.93545,1.585));
#5203 = LINE('',#5204,#5205);
#5204 = CARTESIAN_POINT('',(165.373476,-123.934009,1.585));
#5205 = VECTOR('',#5206,1.);
#5206 = DIRECTION('',(0.999986066027,-5.278991523254E-03,0.));
#5207 = ORIENTED_EDGE('',*,*,#5208,.T.);
#5208 = EDGE_CURVE('',#5201,#5209,#5211,.T.);
#5209 = VERTEX_POINT('',#5210);
#5210 = CARTESIAN_POINT('',(165.631809,-124.084009,1.585));
#5211 = CIRCLE('',#5212,7.500006711464E-02);
#5212 = AXIS2_PLACEMENT_3D('',#5213,#5214,#5215);
#5213 = CARTESIAN_POINT('',(165.63180906711,-124.0090089328,1.585));
#5214 = DIRECTION('',(0.,0.,-1.));
#5215 = DIRECTION('',(0.195092263892,0.980784894138,0.));
#5216 = ORIENTED_EDGE('',*,*,#5217,.T.);
#5217 = EDGE_CURVE('',#5209,#5218,#5220,.T.);
#5218 = VERTEX_POINT('',#5219);
#5219 = CARTESIAN_POINT('',(165.373476,-124.084009,1.585));
#5220 = LINE('',#5221,#5222);
#5221 = CARTESIAN_POINT('',(165.631809,-124.084009,1.585));
#5222 = VECTOR('',#5223,1.);
#5223 = DIRECTION('',(-1.,0.,0.));
#5224 = ORIENTED_EDGE('',*,*,#5225,.T.);
#5225 = EDGE_CURVE('',#5218,#5226,#5228,.T.);
#5226 = VERTEX_POINT('',#5227);
#5227 = CARTESIAN_POINT('',(165.373476,-124.457819,1.585));
#5228 = LINE('',#5229,#5230);
#5229 = CARTESIAN_POINT('',(165.373476,-124.084009,1.585));
#5230 = VECTOR('',#5231,1.);
#5231 = DIRECTION('',(0.,-1.,0.));
#5232 = ORIENTED_EDGE('',*,*,#5233,.T.);
#5233 = EDGE_CURVE('',#5226,#5234,#5236,.T.);
#5234 = VERTEX_POINT('',#5235);
#5235 = CARTESIAN_POINT('',(165.789298,-124.45926,1.585));
#5236 = LINE('',#5237,#5238);
#5237 = CARTESIAN_POINT('',(165.373476,-124.457819,1.585));
#5238 = VECTOR('',#5239,1.);
#5239 = DIRECTION('',(0.999993995468,-3.465404301528E-03,0.));
#5240 = ORIENTED_EDGE('',*,*,#5241,.T.);
#5241 = EDGE_CURVE('',#5234,#5242,#5244,.T.);
#5242 = VERTEX_POINT('',#5243);
#5243 = CARTESIAN_POINT('',(165.774666,-124.607819,1.585));
#5244 = CIRCLE('',#5245,7.500006711465E-02);
#5245 = AXIS2_PLACEMENT_3D('',#5246,#5247,#5248);
#5246 = CARTESIAN_POINT('',(165.77466606711,-124.5328189328,1.585));
#5247 = DIRECTION('',(0.,0.,-1.));
#5248 = DIRECTION('',(0.195092263891,0.980784894138,0.));
#5249 = ORIENTED_EDGE('',*,*,#5250,.T.);
#5250 = EDGE_CURVE('',#5242,#5251,#5253,.T.);
#5251 = VERTEX_POINT('',#5252);
#5252 = CARTESIAN_POINT('',(165.283844,-124.606378,1.585));
#5253 = LINE('',#5254,#5255);
#5254 = CARTESIAN_POINT('',(165.774666,-124.607819,1.585));
#5255 = VECTOR('',#5256,1.);
#5256 = DIRECTION('',(-0.999995690299,2.935878566407E-03,0.));
#5257 = ORIENTED_EDGE('',*,*,#5258,.T.);
#5258 = EDGE_CURVE('',#5251,#5259,#5261,.T.);
#5259 = VERTEX_POINT('',#5260);
#5260 = CARTESIAN_POINT('',(165.223476,-124.532819,1.585));
#5261 = CIRCLE('',#5262,7.500074938992E-02);
#5262 = AXIS2_PLACEMENT_3D('',#5263,#5264,#5265);
#5263 = CARTESIAN_POINT('',(165.29847674938,-124.5328185338,1.585));
#5264 = DIRECTION('',(0.,0.,-1.));
#5265 = DIRECTION('',(-0.195101375753,-0.980783081613,-0.));
#5266 = ORIENTED_EDGE('',*,*,#5267,.T.);
#5267 = EDGE_CURVE('',#5259,#5157,#5268,.T.);
#5268 = LINE('',#5269,#5270);
#5269 = CARTESIAN_POINT('',(165.223476,-124.532819,1.585));
#5270 = VECTOR('',#5271,1.);
#5271 = DIRECTION('',(1.420217918158E-03,0.99999899149,0.));
#5272 = PLANE('',#5273);
#5273 = AXIS2_PLACEMENT_3D('',#5274,#5275,#5276);
#5274 = CARTESIAN_POINT('',(0.,0.,1.585));
#5275 = DIRECTION('',(0.,0.,1.));
#5276 = DIRECTION('',(1.,0.,-0.));
#5277 = SHELL_BASED_SURFACE_MODEL('',(#5278));
#5278 = OPEN_SHELL('',(#5279));
#5279 = ADVANCED_FACE('',(#5280),#5398,.T.);
#5280 = FACE_BOUND('',#5281,.F.);
#5281 = EDGE_LOOP('',(#5282,#5293,#5301,#5309,#5318,#5326,#5334,#5343,
    #5351,#5359,#5367,#5376,#5384,#5392));
#5282 = ORIENTED_EDGE('',*,*,#5283,.T.);
#5283 = EDGE_CURVE('',#5284,#5286,#5288,.T.);
#5284 = VERTEX_POINT('',#5285);
#5285 = CARTESIAN_POINT('',(154.496046,-123.470459,1.585));
#5286 = VERTEX_POINT('',#5287);
#5287 = CARTESIAN_POINT('',(154.612714,-123.532819,1.585));
#5288 = CIRCLE('',#5289,7.500000000004E-02);
#5289 = AXIS2_PLACEMENT_3D('',#5290,#5291,#5292);
#5290 = CARTESIAN_POINT('',(154.537714,-123.5328190655,1.585));
#5291 = DIRECTION('',(0.,0.,-1.));
#5292 = DIRECTION('',(-0.555573333333,0.831467540731,0.));
#5293 = ORIENTED_EDGE('',*,*,#5294,.T.);
#5294 = EDGE_CURVE('',#5286,#5295,#5297,.T.);
#5295 = VERTEX_POINT('',#5296);
#5296 = CARTESIAN_POINT('',(154.612714,-123.923181,1.585));
#5297 = LINE('',#5298,#5299);
#5298 = CARTESIAN_POINT('',(154.612714,-123.532819,1.585));
#5299 = VECTOR('',#5300,1.);
#5300 = DIRECTION('',(0.,-1.,0.));
#5301 = ORIENTED_EDGE('',*,*,#5302,.T.);
#5302 = EDGE_CURVE('',#5295,#5303,#5305,.T.);
#5303 = VERTEX_POINT('',#5304);
#5304 = CARTESIAN_POINT('',(155.067474,-123.470459,1.585));
#5305 = LINE('',#5306,#5307);
#5306 = CARTESIAN_POINT('',(154.612714,-123.923181,1.585));
#5307 = VECTOR('',#5308,1.);
#5308 = DIRECTION('',(0.70869299647,0.705516999621,0.));
#5309 = ORIENTED_EDGE('',*,*,#5310,.T.);
#5310 = EDGE_CURVE('',#5303,#5311,#5313,.T.);
#5311 = VERTEX_POINT('',#5312);
#5312 = CARTESIAN_POINT('',(155.162175,-123.585852,1.585));
#5313 = CIRCLE('',#5314,7.499996838526E-02);
#5314 = AXIS2_PLACEMENT_3D('',#5315,#5316,#5317);
#5315 = CARTESIAN_POINT('',(155.109142,-123.5328190275,1.585));
#5316 = DIRECTION('',(0.,0.,-1.));
#5317 = DIRECTION('',(-0.555573567524,0.831467384248,0.));
#5318 = ORIENTED_EDGE('',*,*,#5319,.T.);
#5319 = EDGE_CURVE('',#5311,#5320,#5322,.T.);
#5320 = VERTEX_POINT('',#5321);
#5321 = CARTESIAN_POINT('',(154.779599,-123.968427,1.585));
#5322 = LINE('',#5323,#5324);
#5323 = CARTESIAN_POINT('',(155.162175,-123.585852,1.585));
#5324 = VECTOR('',#5325,1.);
#5325 = DIRECTION('',(-0.707107705326,-0.707105857046,0.));
#5326 = ORIENTED_EDGE('',*,*,#5327,.T.);
#5327 = EDGE_CURVE('',#5320,#5328,#5330,.T.);
#5328 = VERTEX_POINT('',#5329);
#5329 = CARTESIAN_POINT('',(155.176769,-124.500389,1.585));
#5330 = LINE('',#5331,#5332);
#5331 = CARTESIAN_POINT('',(154.779599,-123.968427,1.585));
#5332 = VECTOR('',#5333,1.);
#5333 = DIRECTION('',(0.598261868875,-0.801300652845,0.));
#5334 = ORIENTED_EDGE('',*,*,#5335,.T.);
#5335 = EDGE_CURVE('',#5328,#5336,#5338,.T.);
#5336 = VERTEX_POINT('',#5337);
#5337 = CARTESIAN_POINT('',(155.049142,-124.577819,1.585));
#5338 = CIRCLE('',#5339,7.500042710848E-02);
#5339 = AXIS2_PLACEMENT_3D('',#5340,#5341,#5342);
#5340 = CARTESIAN_POINT('',(155.10914211876,-124.5328184465,1.585));
#5341 = DIRECTION('',(0.,0.,-1.));
#5342 = DIRECTION('',(0.901686614921,0.432390157695,0.));
#5343 = ORIENTED_EDGE('',*,*,#5344,.T.);
#5344 = EDGE_CURVE('',#5336,#5345,#5347,.T.);
#5345 = VERTEX_POINT('',#5346);
#5346 = CARTESIAN_POINT('',(154.672456,-124.07557,1.585));
#5347 = LINE('',#5348,#5349);
#5348 = CARTESIAN_POINT('',(155.049142,-124.577819,1.585));
#5349 = VECTOR('',#5350,1.);
#5350 = DIRECTION('',(-0.599999235438,0.800000573421,0.));
#5351 = ORIENTED_EDGE('',*,*,#5352,.T.);
#5352 = EDGE_CURVE('',#5345,#5353,#5355,.T.);
#5353 = VERTEX_POINT('',#5354);
#5354 = CARTESIAN_POINT('',(154.612714,-124.135313,1.585));
#5355 = LINE('',#5356,#5357);
#5356 = CARTESIAN_POINT('',(154.672456,-124.07557,1.585));
#5357 = VECTOR('',#5358,1.);
#5358 = DIRECTION('',(-0.707100863207,-0.707112699116,0.));
#5359 = ORIENTED_EDGE('',*,*,#5360,.T.);
#5360 = EDGE_CURVE('',#5353,#5361,#5363,.T.);
#5361 = VERTEX_POINT('',#5362);
#5362 = CARTESIAN_POINT('',(154.611273,-124.547451,1.585));
#5363 = LINE('',#5364,#5365);
#5364 = CARTESIAN_POINT('',(154.612714,-124.135313,1.585));
#5365 = VECTOR('',#5366,1.);
#5366 = DIRECTION('',(-3.496380319442E-03,-0.999993887644,0.));
#5367 = ORIENTED_EDGE('',*,*,#5368,.T.);
#5368 = EDGE_CURVE('',#5361,#5369,#5371,.T.);
#5369 = VERTEX_POINT('',#5370);
#5370 = CARTESIAN_POINT('',(154.462714,-124.532819,1.585));
#5371 = CIRCLE('',#5372,7.500006711464E-02);
#5372 = AXIS2_PLACEMENT_3D('',#5373,#5374,#5375);
#5373 = CARTESIAN_POINT('',(154.53771406711,-124.5328190671,1.585));
#5374 = DIRECTION('',(-0.,0.,-1.));
#5375 = DIRECTION('',(0.980784894138,-0.195092263891,-0.));
#5376 = ORIENTED_EDGE('',*,*,#5377,.T.);
#5377 = EDGE_CURVE('',#5369,#5378,#5380,.T.);
#5378 = VERTEX_POINT('',#5379);
#5379 = CARTESIAN_POINT('',(154.464155,-123.518187,1.585));
#5380 = LINE('',#5381,#5382);
#5381 = CARTESIAN_POINT('',(154.462714,-124.532819,1.585));
#5382 = VECTOR('',#5383,1.);
#5383 = DIRECTION('',(1.420217918158E-03,0.99999899149,0.));
#5384 = ORIENTED_EDGE('',*,*,#5385,.T.);
#5385 = EDGE_CURVE('',#5378,#5386,#5388,.T.);
#5386 = VERTEX_POINT('',#5387);
#5387 = CARTESIAN_POINT('',(154.475354,-123.491151,1.585));
#5388 = LINE('',#5389,#5390);
#5389 = CARTESIAN_POINT('',(154.464155,-123.518187,1.585));
#5390 = VECTOR('',#5391,1.);
#5391 = DIRECTION('',(0.38269282806,0.923875640631,0.));
#5392 = ORIENTED_EDGE('',*,*,#5393,.T.);
#5393 = EDGE_CURVE('',#5386,#5284,#5394,.T.);
#5394 = LINE('',#5395,#5396);
#5395 = CARTESIAN_POINT('',(154.475354,-123.491151,1.585));
#5396 = VECTOR('',#5397,1.);
#5397 = DIRECTION('',(0.707106781187,0.707106781187,0.));
#5398 = PLANE('',#5399);
#5399 = AXIS2_PLACEMENT_3D('',#5400,#5401,#5402);
#5400 = CARTESIAN_POINT('',(0.,0.,1.585));
#5401 = DIRECTION('',(0.,0.,1.));
#5402 = DIRECTION('',(1.,0.,-0.));
#5403 = SHELL_BASED_SURFACE_MODEL('',(#5404));
#5404 = OPEN_SHELL('',(#5405));
#5405 = ADVANCED_FACE('',(#5406,#5522),#5605,.T.);
#5406 = FACE_BOUND('',#5407,.F.);
#5407 = EDGE_LOOP('',(#5408,#5419,#5427,#5435,#5443,#5451,#5459,#5467,
    #5475,#5483,#5491,#5499,#5507,#5516));
#5408 = ORIENTED_EDGE('',*,*,#5409,.T.);
#5409 = EDGE_CURVE('',#5410,#5412,#5414,.T.);
#5410 = VERTEX_POINT('',#5411);
#5411 = CARTESIAN_POINT('',(166.129679,-123.518187,1.585));
#5412 = VERTEX_POINT('',#5413);
#5413 = CARTESIAN_POINT('',(166.203238,-123.457819,1.585));
#5414 = CIRCLE('',#5415,7.500074938978E-02);
#5415 = AXIS2_PLACEMENT_3D('',#5416,#5417,#5418);
#5416 = CARTESIAN_POINT('',(166.20323846611,-123.5328197493,1.585));
#5417 = DIRECTION('',(0.,0.,-1.));
#5418 = DIRECTION('',(-0.980783081614,0.195101375752,0.));
#5419 = ORIENTED_EDGE('',*,*,#5420,.T.);
#5420 = EDGE_CURVE('',#5412,#5421,#5423,.T.);
#5421 = VERTEX_POINT('',#5422);
#5422 = CARTESIAN_POINT('',(166.448738,-123.458548,1.585));
#5423 = LINE('',#5424,#5425);
#5424 = CARTESIAN_POINT('',(166.203238,-123.457819,1.585));
#5425 = VECTOR('',#5426,1.);
#5426 = DIRECTION('',(0.999995591212,-2.969437010128E-03,0.));
#5427 = ORIENTED_EDGE('',*,*,#5428,.T.);
#5428 = EDGE_CURVE('',#5421,#5429,#5431,.T.);
#5429 = VERTEX_POINT('',#5430);
#5430 = CARTESIAN_POINT('',(166.625858,-123.518078,1.585));
#5431 = LINE('',#5432,#5433);
#5432 = CARTESIAN_POINT('',(166.448738,-123.458548,1.585));
#5433 = VECTOR('',#5434,1.);
#5434 = DIRECTION('',(0.947893661994,-0.318586888542,0.));
#5435 = ORIENTED_EDGE('',*,*,#5436,.T.);
#5436 = EDGE_CURVE('',#5429,#5437,#5439,.T.);
#5437 = VERTEX_POINT('',#5438);
#5438 = CARTESIAN_POINT('',(166.742547,-123.63584,1.585));
#5439 = LINE('',#5440,#5441);
#5440 = CARTESIAN_POINT('',(166.625858,-123.518078,1.585));
#5441 = VECTOR('',#5442,1.);
#5442 = DIRECTION('',(0.703863230025,-0.710335521721,0.));
#5443 = ORIENTED_EDGE('',*,*,#5444,.T.);
#5444 = EDGE_CURVE('',#5437,#5445,#5447,.T.);
#5445 = VERTEX_POINT('',#5446);
#5446 = CARTESIAN_POINT('',(166.799808,-123.752724,1.585));
#5447 = LINE('',#5448,#5449);
#5448 = CARTESIAN_POINT('',(166.742547,-123.63584,1.585));
#5449 = VECTOR('',#5450,1.);
#5450 = DIRECTION('',(0.439939908708,-0.8980272138,0.));
#5451 = ORIENTED_EDGE('',*,*,#5452,.T.);
#5452 = EDGE_CURVE('',#5445,#5453,#5455,.T.);
#5453 = VERTEX_POINT('',#5454);
#5454 = CARTESIAN_POINT('',(166.849666,-123.96139,1.585));
#5455 = LINE('',#5456,#5457);
#5456 = CARTESIAN_POINT('',(166.799808,-123.752724,1.585));
#5457 = VECTOR('',#5458,1.);
#5458 = DIRECTION('',(0.232395123349,-0.972621461126,0.));
#5459 = ORIENTED_EDGE('',*,*,#5460,.T.);
#5460 = EDGE_CURVE('',#5453,#5461,#5463,.T.);
#5461 = VERTEX_POINT('',#5462);
#5462 = CARTESIAN_POINT('',(166.847427,-124.122437,1.585));
#5463 = LINE('',#5464,#5465);
#5464 = CARTESIAN_POINT('',(166.849666,-123.96139,1.585));
#5465 = VECTOR('',#5466,1.);
#5466 = DIRECTION('',(-1.390143030568E-02,-0.999903370449,0.));
#5467 = ORIENTED_EDGE('',*,*,#5468,.T.);
#5468 = EDGE_CURVE('',#5461,#5469,#5471,.T.);
#5469 = VERTEX_POINT('',#5470);
#5470 = CARTESIAN_POINT('',(166.794129,-124.328264,1.585));
#5471 = LINE('',#5472,#5473);
#5472 = CARTESIAN_POINT('',(166.847427,-124.122437,1.585));
#5473 = VECTOR('',#5474,1.);
#5474 = DIRECTION('',(-0.250677645339,-0.968070616292,0.));
#5475 = ORIENTED_EDGE('',*,*,#5476,.T.);
#5476 = EDGE_CURVE('',#5469,#5477,#5479,.T.);
#5477 = VERTEX_POINT('',#5478);
#5478 = CARTESIAN_POINT('',(166.737179,-124.437244,1.585));
#5479 = LINE('',#5480,#5481);
#5480 = CARTESIAN_POINT('',(166.794129,-124.328264,1.585));
#5481 = VECTOR('',#5482,1.);
#5482 = DIRECTION('',(-0.463146784147,-0.886281589752,0.));
#5483 = ORIENTED_EDGE('',*,*,#5484,.T.);
#5484 = EDGE_CURVE('',#5477,#5485,#5487,.T.);
#5485 = VERTEX_POINT('',#5486);
#5486 = CARTESIAN_POINT('',(166.621332,-124.550357,1.585));
#5487 = LINE('',#5488,#5489);
#5488 = CARTESIAN_POINT('',(166.737179,-124.437244,1.585));
#5489 = VECTOR('',#5490,1.);
#5490 = DIRECTION('',(-0.715499299798,-0.698613449619,0.));
#5491 = ORIENTED_EDGE('',*,*,#5492,.T.);
#5492 = EDGE_CURVE('',#5485,#5493,#5495,.T.);
#5493 = VERTEX_POINT('',#5494);
#5494 = CARTESIAN_POINT('',(166.448738,-124.607089,1.585));
#5495 = LINE('',#5496,#5497);
#5496 = CARTESIAN_POINT('',(166.621332,-124.550357,1.585));
#5497 = VECTOR('',#5498,1.);
#5498 = DIRECTION('',(-0.949994945594,-0.312265277202,0.));
#5499 = ORIENTED_EDGE('',*,*,#5500,.T.);
#5500 = EDGE_CURVE('',#5493,#5501,#5503,.T.);
#5501 = VERTEX_POINT('',#5502);
#5502 = CARTESIAN_POINT('',(166.188606,-124.606378,1.585));
#5503 = LINE('',#5504,#5505);
#5504 = CARTESIAN_POINT('',(166.448738,-124.607089,1.585));
#5505 = VECTOR('',#5506,1.);
#5506 = DIRECTION('',(-0.999996264754,2.733217536618E-03,0.));
#5507 = ORIENTED_EDGE('',*,*,#5508,.T.);
#5508 = EDGE_CURVE('',#5501,#5509,#5511,.T.);
#5509 = VERTEX_POINT('',#5510);
#5510 = CARTESIAN_POINT('',(166.128238,-124.532819,1.585));
#5511 = CIRCLE('',#5512,7.500074938992E-02);
#5512 = AXIS2_PLACEMENT_3D('',#5513,#5514,#5515);
#5513 = CARTESIAN_POINT('',(166.20323874938,-124.5328185338,1.585));
#5514 = DIRECTION('',(0.,0.,-1.));
#5515 = DIRECTION('',(-0.195101375753,-0.980783081613,-0.));
#5516 = ORIENTED_EDGE('',*,*,#5517,.T.);
#5517 = EDGE_CURVE('',#5509,#5410,#5518,.T.);
#5518 = LINE('',#5519,#5520);
#5519 = CARTESIAN_POINT('',(166.128238,-124.532819,1.585));
#5520 = VECTOR('',#5521,1.);
#5521 = DIRECTION('',(1.420217918158E-03,0.99999899149,0.));
#5522 = FACE_BOUND('',#5523,.F.);
#5523 = EDGE_LOOP('',(#5524,#5534,#5542,#5550,#5558,#5566,#5574,#5583,
    #5591,#5599));
#5524 = ORIENTED_EDGE('',*,*,#5525,.T.);
#5525 = EDGE_CURVE('',#5526,#5528,#5530,.T.);
#5526 = VERTEX_POINT('',#5527);
#5527 = CARTESIAN_POINT('',(166.543676,-123.64599,1.585));
#5528 = VERTEX_POINT('',#5529);
#5529 = CARTESIAN_POINT('',(166.429163,-123.607819,1.585));
#5530 = LINE('',#5531,#5532);
#5531 = CARTESIAN_POINT('',(166.543676,-123.64599,1.585));
#5532 = VECTOR('',#5533,1.);
#5533 = DIRECTION('',(-0.948683298051,0.316227766017,0.));
#5534 = ORIENTED_EDGE('',*,*,#5535,.T.);
#5535 = EDGE_CURVE('',#5528,#5536,#5538,.T.);
#5536 = VERTEX_POINT('',#5537);
#5537 = CARTESIAN_POINT('',(166.278238,-123.607819,1.585));
#5538 = LINE('',#5539,#5540);
#5539 = CARTESIAN_POINT('',(166.429163,-123.607819,1.585));
#5540 = VECTOR('',#5541,1.);
#5541 = DIRECTION('',(-1.,0.,0.));
#5542 = ORIENTED_EDGE('',*,*,#5543,.T.);
#5543 = EDGE_CURVE('',#5536,#5544,#5546,.T.);
#5544 = VERTEX_POINT('',#5545);
#5545 = CARTESIAN_POINT('',(166.278238,-124.457819,1.585));
#5546 = LINE('',#5547,#5548);
#5547 = CARTESIAN_POINT('',(166.278238,-123.607819,1.585));
#5548 = VECTOR('',#5549,1.);
#5549 = DIRECTION('',(0.,-1.,0.));
#5550 = ORIENTED_EDGE('',*,*,#5551,.T.);
#5551 = EDGE_CURVE('',#5544,#5552,#5554,.T.);
#5552 = VERTEX_POINT('',#5553);
#5553 = CARTESIAN_POINT('',(166.429163,-124.457819,1.585));
#5554 = LINE('',#5555,#5556);
#5555 = CARTESIAN_POINT('',(166.278238,-124.457819,1.585));
#5556 = VECTOR('',#5557,1.);
#5557 = DIRECTION('',(1.,0.,0.));
#5558 = ORIENTED_EDGE('',*,*,#5559,.T.);
#5559 = EDGE_CURVE('',#5552,#5560,#5562,.T.);
#5560 = VERTEX_POINT('',#5561);
#5561 = CARTESIAN_POINT('',(166.543676,-124.419647,1.585));
#5562 = LINE('',#5563,#5564);
#5563 = CARTESIAN_POINT('',(166.429163,-124.457819,1.585));
#5564 = VECTOR('',#5565,1.);
#5565 = DIRECTION('',(0.948680812677,0.31623522204,0.));
#5566 = ORIENTED_EDGE('',*,*,#5567,.T.);
#5567 = EDGE_CURVE('',#5560,#5568,#5570,.T.);
#5568 = VERTEX_POINT('',#5569);
#5569 = CARTESIAN_POINT('',(166.617788,-124.345534,1.585));
#5570 = LINE('',#5571,#5572);
#5571 = CARTESIAN_POINT('',(166.543676,-124.419647,1.585));
#5572 = VECTOR('',#5573,1.);
#5573 = DIRECTION('',(0.707102010674,0.707111551667,0.));
#5574 = ORIENTED_EDGE('',*,*,#5575,.T.);
#5575 = EDGE_CURVE('',#5568,#5576,#5578,.T.);
#5576 = VERTEX_POINT('',#5577);
#5577 = CARTESIAN_POINT('',(166.699666,-123.970624,1.585));
#5578 = CIRCLE('',#5579,0.611719141131);
#5579 = AXIS2_PLACEMENT_3D('',#5580,#5581,#5582);
#5580 = CARTESIAN_POINT('',(166.09125396224,-124.0341464364,1.585));
#5581 = DIRECTION('',(0.,0.,1.));
#5582 = DIRECTION('',(0.860744747637,-0.509036815383,0.));
#5583 = ORIENTED_EDGE('',*,*,#5584,.T.);
#5584 = EDGE_CURVE('',#5576,#5585,#5587,.T.);
#5585 = VERTEX_POINT('',#5586);
#5586 = CARTESIAN_POINT('',(166.656282,-123.79709,1.585));
#5587 = LINE('',#5588,#5589);
#5588 = CARTESIAN_POINT('',(166.699666,-123.970624,1.585));
#5589 = VECTOR('',#5590,1.);
#5590 = DIRECTION('',(-0.242538255859,0.970141842436,0.));
#5591 = ORIENTED_EDGE('',*,*,#5592,.T.);
#5592 = EDGE_CURVE('',#5585,#5593,#5595,.T.);
#5593 = VERTEX_POINT('',#5594);
#5594 = CARTESIAN_POINT('',(166.617789,-123.720103,1.585));
#5595 = LINE('',#5596,#5597);
#5596 = CARTESIAN_POINT('',(166.656282,-123.79709,1.585));
#5597 = VECTOR('',#5598,1.);
#5598 = DIRECTION('',(-0.447208948322,0.894429514574,0.));
#5599 = ORIENTED_EDGE('',*,*,#5600,.T.);
#5600 = EDGE_CURVE('',#5593,#5526,#5601,.T.);
#5601 = LINE('',#5602,#5603);
#5602 = CARTESIAN_POINT('',(166.617789,-123.720103,1.585));
#5603 = VECTOR('',#5604,1.);
#5604 = DIRECTION('',(-0.707106781186,0.707106781187,0.));
#5605 = PLANE('',#5606);
#5606 = AXIS2_PLACEMENT_3D('',#5607,#5608,#5609);
#5607 = CARTESIAN_POINT('',(0.,0.,1.585));
#5608 = DIRECTION('',(0.,0.,1.));
#5609 = DIRECTION('',(1.,0.,-0.));
#5610 = SHELL_BASED_SURFACE_MODEL('',(#5611));
#5611 = OPEN_SHELL('',(#5612));
#5612 = ADVANCED_FACE('',(#5613,#5715),#5817,.T.);
#5613 = FACE_BOUND('',#5614,.F.);
#5614 = EDGE_LOOP('',(#5615,#5626,#5634,#5642,#5651,#5659,#5667,#5676,
    #5684,#5692,#5701,#5709));
#5615 = ORIENTED_EDGE('',*,*,#5616,.T.);
#5616 = EDGE_CURVE('',#5617,#5619,#5621,.T.);
#5617 = VERTEX_POINT('',#5618);
#5618 = CARTESIAN_POINT('',(148.066064,-123.51732,1.585));
#5619 = VERTEX_POINT('',#5620);
#5620 = CARTESIAN_POINT('',(148.438902,-123.522686,1.585));
#5621 = CIRCLE('',#5622,0.291788488016);
#5622 = AXIS2_PLACEMENT_3D('',#5623,#5624,#5625);
#5623 = CARTESIAN_POINT('',(148.24925286911,-123.7444375025,1.585));
#5624 = DIRECTION('',(0.,0.,-1.));
#5625 = DIRECTION('',(-0.627813901623,0.778363478671,0.));
#5626 = ORIENTED_EDGE('',*,*,#5627,.T.);
#5627 = EDGE_CURVE('',#5619,#5628,#5630,.T.);
#5628 = VERTEX_POINT('',#5629);
#5629 = CARTESIAN_POINT('',(148.502355,-123.588216,1.585));
#5630 = LINE('',#5631,#5632);
#5631 = CARTESIAN_POINT('',(148.438902,-123.522686,1.585));
#5632 = VECTOR('',#5633,1.);
#5633 = DIRECTION('',(0.695630129574,-0.718400113328,0.));
#5634 = ORIENTED_EDGE('',*,*,#5635,.T.);
#5635 = EDGE_CURVE('',#5628,#5636,#5638,.T.);
#5636 = VERTEX_POINT('',#5637);
#5637 = CARTESIAN_POINT('',(148.559618,-123.705105,1.585));
#5638 = LINE('',#5639,#5640);
#5639 = CARTESIAN_POINT('',(148.502355,-123.588216,1.585));
#5640 = VECTOR('',#5641,1.);
#5641 = DIRECTION('',(0.439937123831,-0.898028578095,0.));
#5642 = ORIENTED_EDGE('',*,*,#5643,.T.);
#5643 = EDGE_CURVE('',#5636,#5644,#5646,.T.);
#5644 = VERTEX_POINT('',#5645);
#5645 = CARTESIAN_POINT('',(148.553939,-124.375883,1.585));
#5646 = CIRCLE('',#5647,0.967158496826);
#5647 = AXIS2_PLACEMENT_3D('',#5648,#5649,#5650);
#5648 = CARTESIAN_POINT('',(147.64967170686,-124.0328141722,1.585));
#5649 = DIRECTION('',(0.,0.,-1.));
#5650 = DIRECTION('',(0.940845059128,0.338837091703,0.));
#5651 = ORIENTED_EDGE('',*,*,#5652,.T.);
#5652 = EDGE_CURVE('',#5644,#5653,#5655,.T.);
#5653 = VERTEX_POINT('',#5654);
#5654 = CARTESIAN_POINT('',(148.496989,-124.484863,1.585));
#5655 = LINE('',#5656,#5657);
#5656 = CARTESIAN_POINT('',(148.553939,-124.375883,1.585));
#5657 = VECTOR('',#5658,1.);
#5658 = DIRECTION('',(-0.463146784147,-0.886281589752,0.));
#5659 = ORIENTED_EDGE('',*,*,#5660,.T.);
#5660 = EDGE_CURVE('',#5653,#5661,#5663,.T.);
#5661 = VERTEX_POINT('',#5662);
#5662 = CARTESIAN_POINT('',(148.431459,-124.548317,1.585));
#5663 = LINE('',#5664,#5665);
#5664 = CARTESIAN_POINT('',(148.496989,-124.484863,1.585));
#5665 = VECTOR('',#5666,1.);
#5666 = DIRECTION('',(-0.718394634729,-0.695635787458,0.));
#5667 = ORIENTED_EDGE('',*,*,#5668,.T.);
#5668 = EDGE_CURVE('',#5661,#5669,#5671,.T.);
#5669 = VERTEX_POINT('',#5670);
#5670 = CARTESIAN_POINT('',(148.05862,-124.54295,1.585));
#5671 = CIRCLE('',#5672,0.290998264264);
#5672 = AXIS2_PLACEMENT_3D('',#5673,#5674,#5675);
#5673 = CARTESIAN_POINT('',(148.24825541815,-124.3222275544,1.585));
#5674 = DIRECTION('',(-0.,0.,-1.));
#5675 = DIRECTION('',(0.629569328552,-0.77694430981,-0.));
#5676 = ORIENTED_EDGE('',*,*,#5677,.T.);
#5677 = EDGE_CURVE('',#5669,#5678,#5680,.T.);
#5678 = VERTEX_POINT('',#5679);
#5679 = CARTESIAN_POINT('',(147.995167,-124.477417,1.585));
#5680 = LINE('',#5681,#5682);
#5681 = CARTESIAN_POINT('',(148.05862,-124.54295,1.585));
#5682 = VECTOR('',#5683,1.);
#5683 = DIRECTION('',(-0.695613693927,0.718416027676,0.));
#5684 = ORIENTED_EDGE('',*,*,#5685,.T.);
#5685 = EDGE_CURVE('',#5678,#5686,#5688,.T.);
#5686 = VERTEX_POINT('',#5687);
#5687 = CARTESIAN_POINT('',(147.937906,-124.360532,1.585));
#5688 = LINE('',#5689,#5690);
#5689 = CARTESIAN_POINT('',(147.995167,-124.477417,1.585));
#5690 = VECTOR('',#5691,1.);
#5691 = DIRECTION('',(-0.439936873317,0.89802870082,0.));
#5692 = ORIENTED_EDGE('',*,*,#5693,.T.);
#5693 = EDGE_CURVE('',#5686,#5694,#5696,.T.);
#5694 = VERTEX_POINT('',#5695);
#5695 = CARTESIAN_POINT('',(147.943585,-123.689754,1.585));
#5696 = CIRCLE('',#5697,0.967158496826);
#5697 = AXIS2_PLACEMENT_3D('',#5698,#5699,#5700);
#5698 = CARTESIAN_POINT('',(148.84785229313,-124.0328228277,1.585));
#5699 = DIRECTION('',(0.,0.,-1.));
#5700 = DIRECTION('',(-0.940845059128,-0.338837091703,-0.));
#5701 = ORIENTED_EDGE('',*,*,#5702,.T.);
#5702 = EDGE_CURVE('',#5694,#5703,#5705,.T.);
#5703 = VERTEX_POINT('',#5704);
#5704 = CARTESIAN_POINT('',(148.000534,-123.580773,1.585));
#5705 = LINE('',#5706,#5707);
#5706 = CARTESIAN_POINT('',(147.943585,-123.689754,1.585));
#5707 = VECTOR('',#5708,1.);
#5708 = DIRECTION('',(0.463137057879,0.886286672369,0.));
#5709 = ORIENTED_EDGE('',*,*,#5710,.T.);
#5710 = EDGE_CURVE('',#5703,#5617,#5711,.T.);
#5711 = LINE('',#5712,#5713);
#5712 = CARTESIAN_POINT('',(148.000534,-123.580773,1.585));
#5713 = VECTOR('',#5714,1.);
#5714 = DIRECTION('',(0.718400113328,0.695630129574,0.));
#5715 = FACE_BOUND('',#5716,.F.);
#5716 = EDGE_LOOP('',(#5717,#5728,#5736,#5744,#5753,#5761,#5769,#5778,
    #5786,#5794,#5803,#5811));
#5717 = ORIENTED_EDGE('',*,*,#5718,.T.);
#5718 = EDGE_CURVE('',#5719,#5721,#5723,.T.);
#5719 = VERTEX_POINT('',#5720);
#5720 = CARTESIAN_POINT('',(148.347192,-123.642077,1.585));
#5721 = VERTEX_POINT('',#5722);
#5722 = CARTESIAN_POINT('',(148.150332,-123.642077,1.585));
#5723 = CIRCLE('',#5724,0.148516804184);
#5724 = AXIS2_PLACEMENT_3D('',#5725,#5726,#5727);
#5725 = CARTESIAN_POINT('',(148.248762,-123.753292,1.585));
#5726 = DIRECTION('',(0.,0.,1.));
#5727 = DIRECTION('',(0.662753286006,0.748837820819,-0.));
#5728 = ORIENTED_EDGE('',*,*,#5729,.T.);
#5729 = EDGE_CURVE('',#5721,#5730,#5732,.T.);
#5730 = VERTEX_POINT('',#5731);
#5731 = CARTESIAN_POINT('',(148.119925,-123.672484,1.585));
#5732 = LINE('',#5733,#5734);
#5733 = CARTESIAN_POINT('',(148.150332,-123.642077,1.585));
#5734 = VECTOR('',#5735,1.);
#5735 = DIRECTION('',(-0.707106781187,-0.707106781187,0.));
#5736 = ORIENTED_EDGE('',*,*,#5737,.T.);
#5737 = EDGE_CURVE('',#5730,#5738,#5740,.T.);
#5738 = VERTEX_POINT('',#5739);
#5739 = CARTESIAN_POINT('',(148.081431,-123.749471,1.585));
#5740 = LINE('',#5741,#5742);
#5741 = CARTESIAN_POINT('',(148.119925,-123.672484,1.585));
#5742 = VECTOR('',#5743,1.);
#5743 = DIRECTION('',(-0.447218242641,-0.894424867414,0.));
#5744 = ORIENTED_EDGE('',*,*,#5745,.T.);
#5745 = EDGE_CURVE('',#5738,#5746,#5748,.T.);
#5746 = VERTEX_POINT('',#5747);
#5747 = CARTESIAN_POINT('',(148.081431,-124.316166,1.585));
#5748 = CIRCLE('',#5749,0.815450468383);
#5749 = AXIS2_PLACEMENT_3D('',#5750,#5751,#5752);
#5750 = CARTESIAN_POINT('',(148.84607056255,-124.0328185,1.585));
#5751 = DIRECTION('',(0.,0.,1.));
#5752 = DIRECTION('',(-0.937689770508,0.347473587895,0.));
#5753 = ORIENTED_EDGE('',*,*,#5754,.T.);
#5754 = EDGE_CURVE('',#5746,#5755,#5757,.T.);
#5755 = VERTEX_POINT('',#5756);
#5756 = CARTESIAN_POINT('',(148.119925,-124.393153,1.585));
#5757 = LINE('',#5758,#5759);
#5758 = CARTESIAN_POINT('',(148.081431,-124.316166,1.585));
#5759 = VECTOR('',#5760,1.);
#5760 = DIRECTION('',(0.447218242641,-0.894424867414,0.));
#5761 = ORIENTED_EDGE('',*,*,#5762,.T.);
#5762 = EDGE_CURVE('',#5755,#5763,#5765,.T.);
#5763 = VERTEX_POINT('',#5764);
#5764 = CARTESIAN_POINT('',(148.150332,-124.423561,1.585));
#5765 = LINE('',#5766,#5767);
#5766 = CARTESIAN_POINT('',(148.119925,-124.393153,1.585));
#5767 = VECTOR('',#5768,1.);
#5768 = DIRECTION('',(0.707095153914,-0.707118408268,0.));
#5769 = ORIENTED_EDGE('',*,*,#5770,.T.);
#5770 = EDGE_CURVE('',#5763,#5771,#5773,.T.);
#5771 = VERTEX_POINT('',#5772);
#5772 = CARTESIAN_POINT('',(148.347191,-124.423561,1.585));
#5773 = CIRCLE('',#5774,0.14851572397);
#5774 = AXIS2_PLACEMENT_3D('',#5775,#5776,#5777);
#5775 = CARTESIAN_POINT('',(148.2487615,-124.312347,1.585));
#5776 = DIRECTION('',(0.,0.,1.));
#5777 = DIRECTION('',(-0.662754739828,-0.748836534121,0.));
#5778 = ORIENTED_EDGE('',*,*,#5779,.T.);
#5779 = EDGE_CURVE('',#5771,#5780,#5782,.T.);
#5780 = VERTEX_POINT('',#5781);
#5781 = CARTESIAN_POINT('',(148.377598,-124.393153,1.585));
#5782 = LINE('',#5783,#5784);
#5783 = CARTESIAN_POINT('',(148.347191,-124.423561,1.585));
#5784 = VECTOR('',#5785,1.);
#5785 = DIRECTION('',(0.707095153914,0.707118408268,0.));
#5786 = ORIENTED_EDGE('',*,*,#5787,.T.);
#5787 = EDGE_CURVE('',#5780,#5788,#5790,.T.);
#5788 = VERTEX_POINT('',#5789);
#5789 = CARTESIAN_POINT('',(148.416092,-124.316166,1.585));
#5790 = LINE('',#5791,#5792);
#5791 = CARTESIAN_POINT('',(148.377598,-124.393153,1.585));
#5792 = VECTOR('',#5793,1.);
#5793 = DIRECTION('',(0.447218242641,0.894424867414,0.));
#5794 = ORIENTED_EDGE('',*,*,#5795,.T.);
#5795 = EDGE_CURVE('',#5788,#5796,#5798,.T.);
#5796 = VERTEX_POINT('',#5797);
#5797 = CARTESIAN_POINT('',(148.416092,-123.749471,1.585));
#5798 = CIRCLE('',#5799,0.815433004022);
#5799 = AXIS2_PLACEMENT_3D('',#5800,#5801,#5802);
#5800 = CARTESIAN_POINT('',(147.65147106235,-124.0328185,1.585));
#5801 = DIRECTION('',(0.,-0.,1.));
#5802 = DIRECTION('',(0.937687012763,-0.347481029836,-0.));
#5803 = ORIENTED_EDGE('',*,*,#5804,.T.);
#5804 = EDGE_CURVE('',#5796,#5805,#5807,.T.);
#5805 = VERTEX_POINT('',#5806);
#5806 = CARTESIAN_POINT('',(148.377599,-123.672484,1.585));
#5807 = LINE('',#5808,#5809);
#5808 = CARTESIAN_POINT('',(148.416092,-123.749471,1.585));
#5809 = VECTOR('',#5810,1.);
#5810 = DIRECTION('',(-0.447208948322,0.894429514574,0.));
#5811 = ORIENTED_EDGE('',*,*,#5812,.T.);
#5812 = EDGE_CURVE('',#5805,#5719,#5813,.T.);
#5813 = LINE('',#5814,#5815);
#5814 = CARTESIAN_POINT('',(148.377599,-123.672484,1.585));
#5815 = VECTOR('',#5816,1.);
#5816 = DIRECTION('',(-0.707106781187,0.707106781187,0.));
#5817 = PLANE('',#5818);
#5818 = AXIS2_PLACEMENT_3D('',#5819,#5820,#5821);
#5819 = CARTESIAN_POINT('',(0.,0.,1.585));
#5820 = DIRECTION('',(0.,0.,1.));
#5821 = DIRECTION('',(1.,0.,-0.));
#5822 = SHELL_BASED_SURFACE_MODEL('',(#5823));
#5823 = OPEN_SHELL('',(#5824));
#5824 = ADVANCED_FACE('',(#5825,#5927),#6029,.T.);
#5825 = FACE_BOUND('',#5826,.F.);
#5826 = EDGE_LOOP('',(#5827,#5838,#5846,#5854,#5863,#5871,#5879,#5888,
    #5896,#5904,#5913,#5921));
#5827 = ORIENTED_EDGE('',*,*,#5828,.T.);
#5828 = EDGE_CURVE('',#5829,#5831,#5833,.T.);
#5829 = VERTEX_POINT('',#5830);
#5830 = CARTESIAN_POINT('',(153.64073,-123.51732,1.585));
#5831 = VERTEX_POINT('',#5832);
#5832 = CARTESIAN_POINT('',(154.013568,-123.522686,1.585));
#5833 = CIRCLE('',#5834,0.291788488016);
#5834 = AXIS2_PLACEMENT_3D('',#5835,#5836,#5837);
#5835 = CARTESIAN_POINT('',(153.82391886911,-123.7444375025,1.585));
#5836 = DIRECTION('',(0.,0.,-1.));
#5837 = DIRECTION('',(-0.627813901623,0.778363478671,0.));
#5838 = ORIENTED_EDGE('',*,*,#5839,.T.);
#5839 = EDGE_CURVE('',#5831,#5840,#5842,.T.);
#5840 = VERTEX_POINT('',#5841);
#5841 = CARTESIAN_POINT('',(154.077021,-123.588216,1.585));
#5842 = LINE('',#5843,#5844);
#5843 = CARTESIAN_POINT('',(154.013568,-123.522686,1.585));
#5844 = VECTOR('',#5845,1.);
#5845 = DIRECTION('',(0.695630129574,-0.718400113328,0.));
#5846 = ORIENTED_EDGE('',*,*,#5847,.T.);
#5847 = EDGE_CURVE('',#5840,#5848,#5850,.T.);
#5848 = VERTEX_POINT('',#5849);
#5849 = CARTESIAN_POINT('',(154.134284,-123.705105,1.585));
#5850 = LINE('',#5851,#5852);
#5851 = CARTESIAN_POINT('',(154.077021,-123.588216,1.585));
#5852 = VECTOR('',#5853,1.);
#5853 = DIRECTION('',(0.439937123831,-0.898028578095,0.));
#5854 = ORIENTED_EDGE('',*,*,#5855,.T.);
#5855 = EDGE_CURVE('',#5848,#5856,#5858,.T.);
#5856 = VERTEX_POINT('',#5857);
#5857 = CARTESIAN_POINT('',(154.128605,-124.375883,1.585));
#5858 = CIRCLE('',#5859,0.967158496826);
#5859 = AXIS2_PLACEMENT_3D('',#5860,#5861,#5862);
#5860 = CARTESIAN_POINT('',(153.22433770686,-124.0328141722,1.585));
#5861 = DIRECTION('',(0.,0.,-1.));
#5862 = DIRECTION('',(0.940845059128,0.338837091703,0.));
#5863 = ORIENTED_EDGE('',*,*,#5864,.T.);
#5864 = EDGE_CURVE('',#5856,#5865,#5867,.T.);
#5865 = VERTEX_POINT('',#5866);
#5866 = CARTESIAN_POINT('',(154.071655,-124.484863,1.585));
#5867 = LINE('',#5868,#5869);
#5868 = CARTESIAN_POINT('',(154.128605,-124.375883,1.585));
#5869 = VECTOR('',#5870,1.);
#5870 = DIRECTION('',(-0.463146784147,-0.886281589752,0.));
#5871 = ORIENTED_EDGE('',*,*,#5872,.T.);
#5872 = EDGE_CURVE('',#5865,#5873,#5875,.T.);
#5873 = VERTEX_POINT('',#5874);
#5874 = CARTESIAN_POINT('',(154.006125,-124.548317,1.585));
#5875 = LINE('',#5876,#5877);
#5876 = CARTESIAN_POINT('',(154.071655,-124.484863,1.585));
#5877 = VECTOR('',#5878,1.);
#5878 = DIRECTION('',(-0.718394634729,-0.695635787458,0.));
#5879 = ORIENTED_EDGE('',*,*,#5880,.T.);
#5880 = EDGE_CURVE('',#5873,#5881,#5883,.T.);
#5881 = VERTEX_POINT('',#5882);
#5882 = CARTESIAN_POINT('',(153.633286,-124.54295,1.585));
#5883 = CIRCLE('',#5884,0.290998264264);
#5884 = AXIS2_PLACEMENT_3D('',#5885,#5886,#5887);
#5885 = CARTESIAN_POINT('',(153.82292141815,-124.3222275544,1.585));
#5886 = DIRECTION('',(-0.,0.,-1.));
#5887 = DIRECTION('',(0.629569328552,-0.77694430981,-0.));
#5888 = ORIENTED_EDGE('',*,*,#5889,.T.);
#5889 = EDGE_CURVE('',#5881,#5890,#5892,.T.);
#5890 = VERTEX_POINT('',#5891);
#5891 = CARTESIAN_POINT('',(153.569833,-124.477417,1.585));
#5892 = LINE('',#5893,#5894);
#5893 = CARTESIAN_POINT('',(153.633286,-124.54295,1.585));
#5894 = VECTOR('',#5895,1.);
#5895 = DIRECTION('',(-0.695613693927,0.718416027676,0.));
#5896 = ORIENTED_EDGE('',*,*,#5897,.T.);
#5897 = EDGE_CURVE('',#5890,#5898,#5900,.T.);
#5898 = VERTEX_POINT('',#5899);
#5899 = CARTESIAN_POINT('',(153.512572,-124.360532,1.585));
#5900 = LINE('',#5901,#5902);
#5901 = CARTESIAN_POINT('',(153.569833,-124.477417,1.585));
#5902 = VECTOR('',#5903,1.);
#5903 = DIRECTION('',(-0.439936873317,0.89802870082,0.));
#5904 = ORIENTED_EDGE('',*,*,#5905,.T.);
#5905 = EDGE_CURVE('',#5898,#5906,#5908,.T.);
#5906 = VERTEX_POINT('',#5907);
#5907 = CARTESIAN_POINT('',(153.518251,-123.689754,1.585));
#5908 = CIRCLE('',#5909,0.967158496826);
#5909 = AXIS2_PLACEMENT_3D('',#5910,#5911,#5912);
#5910 = CARTESIAN_POINT('',(154.42251829313,-124.0328228277,1.585));
#5911 = DIRECTION('',(0.,0.,-1.));
#5912 = DIRECTION('',(-0.940845059128,-0.338837091703,-0.));
#5913 = ORIENTED_EDGE('',*,*,#5914,.T.);
#5914 = EDGE_CURVE('',#5906,#5915,#5917,.T.);
#5915 = VERTEX_POINT('',#5916);
#5916 = CARTESIAN_POINT('',(153.5752,-123.580773,1.585));
#5917 = LINE('',#5918,#5919);
#5918 = CARTESIAN_POINT('',(153.518251,-123.689754,1.585));
#5919 = VECTOR('',#5920,1.);
#5920 = DIRECTION('',(0.463137057879,0.886286672369,0.));
#5921 = ORIENTED_EDGE('',*,*,#5922,.T.);
#5922 = EDGE_CURVE('',#5915,#5829,#5923,.T.);
#5923 = LINE('',#5924,#5925);
#5924 = CARTESIAN_POINT('',(153.5752,-123.580773,1.585));
#5925 = VECTOR('',#5926,1.);
#5926 = DIRECTION('',(0.718400113328,0.695630129574,0.));
#5927 = FACE_BOUND('',#5928,.F.);
#5928 = EDGE_LOOP('',(#5929,#5940,#5948,#5956,#5965,#5973,#5981,#5990,
    #5998,#6006,#6015,#6023));
#5929 = ORIENTED_EDGE('',*,*,#5930,.T.);
#5930 = EDGE_CURVE('',#5931,#5933,#5935,.T.);
#5931 = VERTEX_POINT('',#5932);
#5932 = CARTESIAN_POINT('',(153.921858,-123.642077,1.585));
#5933 = VERTEX_POINT('',#5934);
#5934 = CARTESIAN_POINT('',(153.724998,-123.642077,1.585));
#5935 = CIRCLE('',#5936,0.148516804184);
#5936 = AXIS2_PLACEMENT_3D('',#5937,#5938,#5939);
#5937 = CARTESIAN_POINT('',(153.823428,-123.753292,1.585));
#5938 = DIRECTION('',(0.,0.,1.));
#5939 = DIRECTION('',(0.662753286006,0.748837820819,-0.));
#5940 = ORIENTED_EDGE('',*,*,#5941,.T.);
#5941 = EDGE_CURVE('',#5933,#5942,#5944,.T.);
#5942 = VERTEX_POINT('',#5943);
#5943 = CARTESIAN_POINT('',(153.694591,-123.672484,1.585));
#5944 = LINE('',#5945,#5946);
#5945 = CARTESIAN_POINT('',(153.724998,-123.642077,1.585));
#5946 = VECTOR('',#5947,1.);
#5947 = DIRECTION('',(-0.707106781187,-0.707106781187,0.));
#5948 = ORIENTED_EDGE('',*,*,#5949,.T.);
#5949 = EDGE_CURVE('',#5942,#5950,#5952,.T.);
#5950 = VERTEX_POINT('',#5951);
#5951 = CARTESIAN_POINT('',(153.656097,-123.749471,1.585));
#5952 = LINE('',#5953,#5954);
#5953 = CARTESIAN_POINT('',(153.694591,-123.672484,1.585));
#5954 = VECTOR('',#5955,1.);
#5955 = DIRECTION('',(-0.447218242642,-0.894424867414,0.));
#5956 = ORIENTED_EDGE('',*,*,#5957,.T.);
#5957 = EDGE_CURVE('',#5950,#5958,#5960,.T.);
#5958 = VERTEX_POINT('',#5959);
#5959 = CARTESIAN_POINT('',(153.656097,-124.316166,1.585));
#5960 = CIRCLE('',#5961,0.815450468384);
#5961 = AXIS2_PLACEMENT_3D('',#5962,#5963,#5964);
#5962 = CARTESIAN_POINT('',(154.42073656255,-124.0328185,1.585));
#5963 = DIRECTION('',(0.,0.,1.));
#5964 = DIRECTION('',(-0.937689770508,0.347473587895,0.));
#5965 = ORIENTED_EDGE('',*,*,#5966,.T.);
#5966 = EDGE_CURVE('',#5958,#5967,#5969,.T.);
#5967 = VERTEX_POINT('',#5968);
#5968 = CARTESIAN_POINT('',(153.694591,-124.393153,1.585));
#5969 = LINE('',#5970,#5971);
#5970 = CARTESIAN_POINT('',(153.656097,-124.316166,1.585));
#5971 = VECTOR('',#5972,1.);
#5972 = DIRECTION('',(0.447218242642,-0.894424867414,0.));
#5973 = ORIENTED_EDGE('',*,*,#5974,.T.);
#5974 = EDGE_CURVE('',#5967,#5975,#5977,.T.);
#5975 = VERTEX_POINT('',#5976);
#5976 = CARTESIAN_POINT('',(153.724998,-124.423561,1.585));
#5977 = LINE('',#5978,#5979);
#5978 = CARTESIAN_POINT('',(153.694591,-124.393153,1.585));
#5979 = VECTOR('',#5980,1.);
#5980 = DIRECTION('',(0.707095153914,-0.707118408268,0.));
#5981 = ORIENTED_EDGE('',*,*,#5982,.T.);
#5982 = EDGE_CURVE('',#5975,#5983,#5985,.T.);
#5983 = VERTEX_POINT('',#5984);
#5984 = CARTESIAN_POINT('',(153.921857,-124.423561,1.585));
#5985 = CIRCLE('',#5986,0.14851572397);
#5986 = AXIS2_PLACEMENT_3D('',#5987,#5988,#5989);
#5987 = CARTESIAN_POINT('',(153.8234275,-124.312347,1.585));
#5988 = DIRECTION('',(0.,0.,1.));
#5989 = DIRECTION('',(-0.662754739829,-0.748836534121,0.));
#5990 = ORIENTED_EDGE('',*,*,#5991,.T.);
#5991 = EDGE_CURVE('',#5983,#5992,#5994,.T.);
#5992 = VERTEX_POINT('',#5993);
#5993 = CARTESIAN_POINT('',(153.952264,-124.393153,1.585));
#5994 = LINE('',#5995,#5996);
#5995 = CARTESIAN_POINT('',(153.921857,-124.423561,1.585));
#5996 = VECTOR('',#5997,1.);
#5997 = DIRECTION('',(0.707095153914,0.707118408268,0.));
#5998 = ORIENTED_EDGE('',*,*,#5999,.T.);
#5999 = EDGE_CURVE('',#5992,#6000,#6002,.T.);
#6000 = VERTEX_POINT('',#6001);
#6001 = CARTESIAN_POINT('',(153.990758,-124.316166,1.585));
#6002 = LINE('',#6003,#6004);
#6003 = CARTESIAN_POINT('',(153.952264,-124.393153,1.585));
#6004 = VECTOR('',#6005,1.);
#6005 = DIRECTION('',(0.447218242641,0.894424867414,0.));
#6006 = ORIENTED_EDGE('',*,*,#6007,.T.);
#6007 = EDGE_CURVE('',#6000,#6008,#6010,.T.);
#6008 = VERTEX_POINT('',#6009);
#6009 = CARTESIAN_POINT('',(153.990758,-123.749471,1.585));
#6010 = CIRCLE('',#6011,0.815433004022);
#6011 = AXIS2_PLACEMENT_3D('',#6012,#6013,#6014);
#6012 = CARTESIAN_POINT('',(153.22613706235,-124.0328185,1.585));
#6013 = DIRECTION('',(0.,-0.,1.));
#6014 = DIRECTION('',(0.937687012763,-0.347481029836,-0.));
#6015 = ORIENTED_EDGE('',*,*,#6016,.T.);
#6016 = EDGE_CURVE('',#6008,#6017,#6019,.T.);
#6017 = VERTEX_POINT('',#6018);
#6018 = CARTESIAN_POINT('',(153.952265,-123.672484,1.585));
#6019 = LINE('',#6020,#6021);
#6020 = CARTESIAN_POINT('',(153.990758,-123.749471,1.585));
#6021 = VECTOR('',#6022,1.);
#6022 = DIRECTION('',(-0.447208948322,0.894429514574,0.));
#6023 = ORIENTED_EDGE('',*,*,#6024,.T.);
#6024 = EDGE_CURVE('',#6017,#5931,#6025,.T.);
#6025 = LINE('',#6026,#6027);
#6026 = CARTESIAN_POINT('',(153.952265,-123.672484,1.585));
#6027 = VECTOR('',#6028,1.);
#6028 = DIRECTION('',(-0.707106781187,0.707106781186,0.));
#6029 = PLANE('',#6030);
#6030 = AXIS2_PLACEMENT_3D('',#6031,#6032,#6033);
#6031 = CARTESIAN_POINT('',(0.,0.,1.585));
#6032 = DIRECTION('',(0.,0.,1.));
#6033 = DIRECTION('',(1.,0.,-0.));
#6034 = SHELL_BASED_SURFACE_MODEL('',(#6035));
#6035 = OPEN_SHELL('',(#6036));
#6036 = ADVANCED_FACE('',(#6037),#6223,.T.);
#6037 = FACE_BOUND('',#6038,.F.);
#6038 = EDGE_LOOP('',(#6039,#6050,#6058,#6067,#6075,#6083,#6092,#6100,
    #6109,#6117,#6125,#6133,#6142,#6150,#6159,#6167,#6176,#6184,#6192,
    #6200,#6209,#6217));
#6039 = ORIENTED_EDGE('',*,*,#6040,.T.);
#6040 = EDGE_CURVE('',#6041,#6043,#6045,.T.);
#6041 = VERTEX_POINT('',#6042);
#6042 = CARTESIAN_POINT('',(158.121557,-123.606378,1.585));
#6043 = VERTEX_POINT('',#6044);
#6044 = CARTESIAN_POINT('',(158.136189,-123.457819,1.585));
#6045 = CIRCLE('',#6046,7.500006711464E-02);
#6046 = AXIS2_PLACEMENT_3D('',#6047,#6048,#6049);
#6047 = CARTESIAN_POINT('',(158.13618893288,-123.5328190671,1.585));
#6048 = DIRECTION('',(0.,0.,-1.));
#6049 = DIRECTION('',(-0.195092263891,-0.980784894138,-0.));
#6050 = ORIENTED_EDGE('',*,*,#6051,.T.);
#6051 = EDGE_CURVE('',#6043,#6052,#6054,.T.);
#6052 = VERTEX_POINT('',#6053);
#6053 = CARTESIAN_POINT('',(158.762974,-123.458581,1.585));
#6054 = LINE('',#6055,#6056);
#6055 = CARTESIAN_POINT('',(158.136189,-123.457819,1.585));
#6056 = VECTOR('',#6057,1.);
#6057 = DIRECTION('',(0.999999261004,-1.215726982744E-03,0.));
#6058 = ORIENTED_EDGE('',*,*,#6059,.T.);
#6059 = EDGE_CURVE('',#6052,#6060,#6062,.T.);
#6060 = VERTEX_POINT('',#6061);
#6061 = CARTESIAN_POINT('',(158.828795,-123.547451,1.585));
#6062 = CIRCLE('',#6063,7.447391611626E-02);
#6063 = AXIS2_PLACEMENT_3D('',#6064,#6065,#6066);
#6064 = CARTESIAN_POINT('',(158.75579492664,-123.5327080874,1.585));
#6065 = DIRECTION('',(0.,0.,-1.));
#6066 = DIRECTION('',(9.639715124814E-02,0.995342950561,0.));
#6067 = ORIENTED_EDGE('',*,*,#6068,.T.);
#6068 = EDGE_CURVE('',#6060,#6069,#6071,.T.);
#6069 = VERTEX_POINT('',#6070);
#6070 = CARTESIAN_POINT('',(158.811679,-123.582207,1.585));
#6071 = LINE('',#6072,#6073);
#6072 = CARTESIAN_POINT('',(158.828795,-123.547451,1.585));
#6073 = VECTOR('',#6074,1.);
#6074 = DIRECTION('',(-0.441795255027,-0.897115908139,0.));
#6075 = ORIENTED_EDGE('',*,*,#6076,.T.);
#6076 = EDGE_CURVE('',#6069,#6077,#6079,.T.);
#6077 = VERTEX_POINT('',#6078);
#6078 = CARTESIAN_POINT('',(158.584783,-123.841516,1.585));
#6079 = LINE('',#6080,#6081);
#6080 = CARTESIAN_POINT('',(158.811679,-123.582207,1.585));
#6081 = VECTOR('',#6082,1.);
#6082 = DIRECTION('',(-0.658505635208,-0.752575795784,0.));
#6083 = ORIENTED_EDGE('',*,*,#6084,.T.);
#6084 = EDGE_CURVE('',#6077,#6085,#6087,.T.);
#6085 = VERTEX_POINT('',#6086);
#6086 = CARTESIAN_POINT('',(158.828795,-124.089615,1.585));
#6087 = CIRCLE('',#6088,0.348520834816);
#6088 = AXIS2_PLACEMENT_3D('',#6089,#6090,#6091);
#6089 = CARTESIAN_POINT('',(158.4914896174,-124.1773181993,1.585));
#6090 = DIRECTION('',(0.,0.,-1.));
#6091 = DIRECTION('',(0.267683803321,0.963506814423,0.));
#6092 = ORIENTED_EDGE('',*,*,#6093,.T.);
#6093 = EDGE_CURVE('',#6085,#6094,#6096,.T.);
#6094 = VERTEX_POINT('',#6095);
#6095 = CARTESIAN_POINT('',(158.827573,-124.362152,1.585));
#6096 = LINE('',#6097,#6098);
#6097 = CARTESIAN_POINT('',(158.828795,-124.089615,1.585));
#6098 = VECTOR('',#6099,1.);
#6099 = DIRECTION('',(-4.483749789568E-03,-0.999989947943,0.));
#6100 = ORIENTED_EDGE('',*,*,#6101,.T.);
#6101 = EDGE_CURVE('',#6094,#6102,#6104,.T.);
#6102 = VERTEX_POINT('',#6103);
#6103 = CARTESIAN_POINT('',(158.579392,-124.606378,1.585));
#6104 = CIRCLE('',#6105,0.348635327447);
#6105 = AXIS2_PLACEMENT_3D('',#6106,#6107,#6108);
#6106 = CARTESIAN_POINT('',(158.49162048129,-124.2689720841,1.585));
#6107 = DIRECTION('',(0.,0.,-1.));
#6108 = DIRECTION('',(0.963621561732,-0.267270435638,0.));
#6109 = ORIENTED_EDGE('',*,*,#6110,.T.);
#6110 = EDGE_CURVE('',#6102,#6111,#6113,.T.);
#6111 = VERTEX_POINT('',#6112);
#6112 = CARTESIAN_POINT('',(158.259236,-124.605156,1.585));
#6113 = LINE('',#6114,#6115);
#6114 = CARTESIAN_POINT('',(158.579392,-124.606378,1.585));
#6115 = VECTOR('',#6116,1.);
#6116 = DIRECTION('',(-0.999992715758,3.816861463376E-03,0.));
#6117 = ORIENTED_EDGE('',*,*,#6118,.T.);
#6118 = EDGE_CURVE('',#6111,#6119,#6121,.T.);
#6119 = VERTEX_POINT('',#6120);
#6120 = CARTESIAN_POINT('',(158.136523,-124.54295,1.585));
#6121 = LINE('',#6122,#6123);
#6122 = CARTESIAN_POINT('',(158.259236,-124.605156,1.585));
#6123 = VECTOR('',#6124,1.);
#6124 = DIRECTION('',(-0.891943702445,0.452146471477,0.));
#6125 = ORIENTED_EDGE('',*,*,#6126,.T.);
#6126 = EDGE_CURVE('',#6119,#6127,#6129,.T.);
#6127 = VERTEX_POINT('',#6128);
#6128 = CARTESIAN_POINT('',(158.073828,-124.479247,1.585));
#6129 = LINE('',#6130,#6131);
#6130 = CARTESIAN_POINT('',(158.136523,-124.54295,1.585));
#6131 = VECTOR('',#6132,1.);
#6132 = DIRECTION('',(-0.701445434384,0.712723159846,0.));
#6133 = ORIENTED_EDGE('',*,*,#6134,.T.);
#6134 = EDGE_CURVE('',#6127,#6135,#6137,.T.);
#6135 = VERTEX_POINT('',#6136);
#6136 = CARTESIAN_POINT('',(158.189223,-124.384548,1.585));
#6137 = CIRCLE('',#6138,7.500012668041E-02);
#6138 = AXIS2_PLACEMENT_3D('',#6139,#6140,#6141);
#6139 = CARTESIAN_POINT('',(158.13618905199,-124.4375802483,1.585));
#6140 = DIRECTION('',(0.,0.,-1.));
#6141 = DIRECTION('',(-0.831479288827,-0.555555750804,-0.));
#6142 = ORIENTED_EDGE('',*,*,#6143,.T.);
#6143 = EDGE_CURVE('',#6135,#6144,#6146,.T.);
#6144 = VERTEX_POINT('',#6145);
#6145 = CARTESIAN_POINT('',(158.228235,-124.423561,1.585));
#6146 = LINE('',#6147,#6148);
#6147 = CARTESIAN_POINT('',(158.189223,-124.384548,1.585));
#6148 = VECTOR('',#6149,1.);
#6149 = DIRECTION('',(0.707097718562,-0.707115843695,0.));
#6150 = ORIENTED_EDGE('',*,*,#6151,.T.);
#6151 = EDGE_CURVE('',#6144,#6152,#6154,.T.);
#6152 = VERTEX_POINT('',#6153);
#6153 = CARTESIAN_POINT('',(158.61557,-124.423561,1.585));
#6154 = CIRCLE('',#6155,0.358502380266);
#6155 = AXIS2_PLACEMENT_3D('',#6156,#6157,#6158);
#6156 = CARTESIAN_POINT('',(158.4219025,-124.121871,1.585));
#6157 = DIRECTION('',(0.,0.,1.));
#6158 = DIRECTION('',(-0.540212591772,-0.841528582813,0.));
#6159 = ORIENTED_EDGE('',*,*,#6160,.T.);
#6160 = EDGE_CURVE('',#6152,#6161,#6163,.T.);
#6161 = VERTEX_POINT('',#6162);
#6162 = CARTESIAN_POINT('',(158.645977,-124.393153,1.585));
#6163 = LINE('',#6164,#6165);
#6164 = CARTESIAN_POINT('',(158.61557,-124.423561,1.585));
#6165 = VECTOR('',#6166,1.);
#6166 = DIRECTION('',(0.707095153914,0.707118408268,0.));
#6167 = ORIENTED_EDGE('',*,*,#6168,.T.);
#6168 = EDGE_CURVE('',#6161,#6169,#6171,.T.);
#6169 = VERTEX_POINT('',#6170);
#6170 = CARTESIAN_POINT('',(158.645978,-124.053436,1.585));
#6171 = CIRCLE('',#6172,0.305616146029);
#6172 = AXIS2_PLACEMENT_3D('',#6173,#6174,#6175);
#6173 = CARTESIAN_POINT('',(158.39191192049,-124.2232937521,1.585));
#6174 = DIRECTION('',(0.,-0.,1.));
#6175 = DIRECTION('',(0.83132086707,-0.555792781505,-0.));
#6176 = ORIENTED_EDGE('',*,*,#6177,.T.);
#6177 = EDGE_CURVE('',#6169,#6178,#6180,.T.);
#6178 = VERTEX_POINT('',#6179);
#6179 = CARTESIAN_POINT('',(158.615571,-124.023029,1.585));
#6180 = LINE('',#6181,#6182);
#6181 = CARTESIAN_POINT('',(158.645978,-124.053436,1.585));
#6182 = VECTOR('',#6183,1.);
#6183 = DIRECTION('',(-0.707106781187,0.707106781186,0.));
#6184 = ORIENTED_EDGE('',*,*,#6185,.T.);
#6185 = EDGE_CURVE('',#6178,#6186,#6188,.T.);
#6186 = VERTEX_POINT('',#6187);
#6187 = CARTESIAN_POINT('',(158.547055,-123.988771,1.585));
#6188 = LINE('',#6189,#6190);
#6189 = CARTESIAN_POINT('',(158.615571,-124.023029,1.585));
#6190 = VECTOR('',#6191,1.);
#6191 = DIRECTION('',(-0.894427191,0.4472135955,0.));
#6192 = ORIENTED_EDGE('',*,*,#6193,.T.);
#6193 = EDGE_CURVE('',#6186,#6194,#6196,.T.);
#6194 = VERTEX_POINT('',#6195);
#6195 = CARTESIAN_POINT('',(158.407271,-123.98733,1.585));
#6196 = LINE('',#6197,#6198);
#6197 = CARTESIAN_POINT('',(158.547055,-123.988771,1.585));
#6198 = VECTOR('',#6199,1.);
#6199 = DIRECTION('',(-0.999946868947,1.030821437469E-02,0.));
#6200 = ORIENTED_EDGE('',*,*,#6201,.T.);
#6201 = EDGE_CURVE('',#6194,#6202,#6204,.T.);
#6202 = VERTEX_POINT('',#6203);
#6203 = CARTESIAN_POINT('',(158.36546,-123.864383,1.585));
#6204 = CIRCLE('',#6205,7.500015628756E-02);
#6205 = AXIS2_PLACEMENT_3D('',#6206,#6207,#6208);
#6206 = CARTESIAN_POINT('',(158.42190328432,-123.9137710461,1.585));
#6207 = DIRECTION('',(0.,0.,-1.));
#6208 = DIRECTION('',(-0.195096717785,-0.980784008184,-0.));
#6209 = ORIENTED_EDGE('',*,*,#6210,.T.);
#6210 = EDGE_CURVE('',#6202,#6211,#6213,.T.);
#6211 = VERTEX_POINT('',#6212);
#6212 = CARTESIAN_POINT('',(158.589954,-123.607819,1.585));
#6213 = LINE('',#6214,#6215);
#6214 = CARTESIAN_POINT('',(158.36546,-123.864383,1.585));
#6215 = VECTOR('',#6216,1.);
#6216 = DIRECTION('',(0.658505438534,0.752575967874,0.));
#6217 = ORIENTED_EDGE('',*,*,#6218,.T.);
#6218 = EDGE_CURVE('',#6211,#6041,#6219,.T.);
#6219 = LINE('',#6220,#6221);
#6220 = CARTESIAN_POINT('',(158.589954,-123.607819,1.585));
#6221 = VECTOR('',#6222,1.);
#6222 = DIRECTION('',(-0.999995267761,3.076435546862E-03,0.));
#6223 = PLANE('',#6224);
#6224 = AXIS2_PLACEMENT_3D('',#6225,#6226,#6227);
#6225 = CARTESIAN_POINT('',(0.,0.,1.585));
#6226 = DIRECTION('',(0.,0.,1.));
#6227 = DIRECTION('',(1.,0.,-0.));
#6228 = SHELL_BASED_SURFACE_MODEL('',(#6229));
#6229 = OPEN_SHELL('',(#6230));
#6230 = ADVANCED_FACE('',(#6231),#6417,.T.);
#6231 = FACE_BOUND('',#6232,.F.);
#6232 = EDGE_LOOP('',(#6233,#6244,#6252,#6261,#6269,#6277,#6286,#6294,
    #6303,#6311,#6319,#6327,#6336,#6344,#6353,#6361,#6370,#6378,#6386,
    #6394,#6403,#6411));
#6233 = ORIENTED_EDGE('',*,*,#6234,.T.);
#6234 = EDGE_CURVE('',#6235,#6237,#6239,.T.);
#6235 = VERTEX_POINT('',#6236);
#6236 = CARTESIAN_POINT('',(159.073938,-123.606378,1.585));
#6237 = VERTEX_POINT('',#6238);
#6238 = CARTESIAN_POINT('',(159.08857,-123.457819,1.585));
#6239 = CIRCLE('',#6240,7.500006711464E-02);
#6240 = AXIS2_PLACEMENT_3D('',#6241,#6242,#6243);
#6241 = CARTESIAN_POINT('',(159.08856993288,-123.5328190671,1.585));
#6242 = DIRECTION('',(0.,0.,-1.));
#6243 = DIRECTION('',(-0.195092263891,-0.980784894138,-0.));
#6244 = ORIENTED_EDGE('',*,*,#6245,.T.);
#6245 = EDGE_CURVE('',#6237,#6246,#6248,.T.);
#6246 = VERTEX_POINT('',#6247);
#6247 = CARTESIAN_POINT('',(159.715355,-123.458581,1.585));
#6248 = LINE('',#6249,#6250);
#6249 = CARTESIAN_POINT('',(159.08857,-123.457819,1.585));
#6250 = VECTOR('',#6251,1.);
#6251 = DIRECTION('',(0.999999261004,-1.215726982744E-03,0.));
#6252 = ORIENTED_EDGE('',*,*,#6253,.T.);
#6253 = EDGE_CURVE('',#6246,#6254,#6256,.T.);
#6254 = VERTEX_POINT('',#6255);
#6255 = CARTESIAN_POINT('',(159.781176,-123.547451,1.585));
#6256 = CIRCLE('',#6257,7.447391611624E-02);
#6257 = AXIS2_PLACEMENT_3D('',#6258,#6259,#6260);
#6258 = CARTESIAN_POINT('',(159.70817592664,-123.5327080874,1.585));
#6259 = DIRECTION('',(0.,0.,-1.));
#6260 = DIRECTION('',(9.63971512478E-02,0.995342950561,0.));
#6261 = ORIENTED_EDGE('',*,*,#6262,.T.);
#6262 = EDGE_CURVE('',#6254,#6263,#6265,.T.);
#6263 = VERTEX_POINT('',#6264);
#6264 = CARTESIAN_POINT('',(159.76406,-123.582207,1.585));
#6265 = LINE('',#6266,#6267);
#6266 = CARTESIAN_POINT('',(159.781176,-123.547451,1.585));
#6267 = VECTOR('',#6268,1.);
#6268 = DIRECTION('',(-0.441795255026,-0.897115908139,0.));
#6269 = ORIENTED_EDGE('',*,*,#6270,.T.);
#6270 = EDGE_CURVE('',#6263,#6271,#6273,.T.);
#6271 = VERTEX_POINT('',#6272);
#6272 = CARTESIAN_POINT('',(159.537164,-123.841516,1.585));
#6273 = LINE('',#6274,#6275);
#6274 = CARTESIAN_POINT('',(159.76406,-123.582207,1.585));
#6275 = VECTOR('',#6276,1.);
#6276 = DIRECTION('',(-0.658505635208,-0.752575795784,0.));
#6277 = ORIENTED_EDGE('',*,*,#6278,.T.);
#6278 = EDGE_CURVE('',#6271,#6279,#6281,.T.);
#6279 = VERTEX_POINT('',#6280);
#6280 = CARTESIAN_POINT('',(159.781176,-124.089615,1.585));
#6281 = CIRCLE('',#6282,0.348520834816);
#6282 = AXIS2_PLACEMENT_3D('',#6283,#6284,#6285);
#6283 = CARTESIAN_POINT('',(159.4438706174,-124.1773181993,1.585));
#6284 = DIRECTION('',(0.,0.,-1.));
#6285 = DIRECTION('',(0.267683803321,0.963506814423,0.));
#6286 = ORIENTED_EDGE('',*,*,#6287,.T.);
#6287 = EDGE_CURVE('',#6279,#6288,#6290,.T.);
#6288 = VERTEX_POINT('',#6289);
#6289 = CARTESIAN_POINT('',(159.779954,-124.362152,1.585));
#6290 = LINE('',#6291,#6292);
#6291 = CARTESIAN_POINT('',(159.781176,-124.089615,1.585));
#6292 = VECTOR('',#6293,1.);
#6293 = DIRECTION('',(-4.483749789464E-03,-0.999989947943,0.));
#6294 = ORIENTED_EDGE('',*,*,#6295,.T.);
#6295 = EDGE_CURVE('',#6288,#6296,#6298,.T.);
#6296 = VERTEX_POINT('',#6297);
#6297 = CARTESIAN_POINT('',(159.531773,-124.606378,1.585));
#6298 = CIRCLE('',#6299,0.348635327447);
#6299 = AXIS2_PLACEMENT_3D('',#6300,#6301,#6302);
#6300 = CARTESIAN_POINT('',(159.44400148129,-124.2689720841,1.585));
#6301 = DIRECTION('',(0.,0.,-1.));
#6302 = DIRECTION('',(0.963621561732,-0.267270435638,0.));
#6303 = ORIENTED_EDGE('',*,*,#6304,.T.);
#6304 = EDGE_CURVE('',#6296,#6305,#6307,.T.);
#6305 = VERTEX_POINT('',#6306);
#6306 = CARTESIAN_POINT('',(159.211617,-124.605156,1.585));
#6307 = LINE('',#6308,#6309);
#6308 = CARTESIAN_POINT('',(159.531773,-124.606378,1.585));
#6309 = VECTOR('',#6310,1.);
#6310 = DIRECTION('',(-0.999992715758,3.816861463376E-03,0.));
#6311 = ORIENTED_EDGE('',*,*,#6312,.T.);
#6312 = EDGE_CURVE('',#6305,#6313,#6315,.T.);
#6313 = VERTEX_POINT('',#6314);
#6314 = CARTESIAN_POINT('',(159.088904,-124.54295,1.585));
#6315 = LINE('',#6316,#6317);
#6316 = CARTESIAN_POINT('',(159.211617,-124.605156,1.585));
#6317 = VECTOR('',#6318,1.);
#6318 = DIRECTION('',(-0.891943702445,0.452146471477,0.));
#6319 = ORIENTED_EDGE('',*,*,#6320,.T.);
#6320 = EDGE_CURVE('',#6313,#6321,#6323,.T.);
#6321 = VERTEX_POINT('',#6322);
#6322 = CARTESIAN_POINT('',(159.026209,-124.479247,1.585));
#6323 = LINE('',#6324,#6325);
#6324 = CARTESIAN_POINT('',(159.088904,-124.54295,1.585));
#6325 = VECTOR('',#6326,1.);
#6326 = DIRECTION('',(-0.701445434384,0.712723159846,0.));
#6327 = ORIENTED_EDGE('',*,*,#6328,.T.);
#6328 = EDGE_CURVE('',#6321,#6329,#6331,.T.);
#6329 = VERTEX_POINT('',#6330);
#6330 = CARTESIAN_POINT('',(159.141604,-124.384548,1.585));
#6331 = CIRCLE('',#6332,7.500012668041E-02);
#6332 = AXIS2_PLACEMENT_3D('',#6333,#6334,#6335);
#6333 = CARTESIAN_POINT('',(159.08857005199,-124.4375802483,1.585));
#6334 = DIRECTION('',(0.,0.,-1.));
#6335 = DIRECTION('',(-0.831479288827,-0.555555750804,-0.));
#6336 = ORIENTED_EDGE('',*,*,#6337,.T.);
#6337 = EDGE_CURVE('',#6329,#6338,#6340,.T.);
#6338 = VERTEX_POINT('',#6339);
#6339 = CARTESIAN_POINT('',(159.180616,-124.423561,1.585));
#6340 = LINE('',#6341,#6342);
#6341 = CARTESIAN_POINT('',(159.141604,-124.384548,1.585));
#6342 = VECTOR('',#6343,1.);
#6343 = DIRECTION('',(0.707097718561,-0.707115843696,0.));
#6344 = ORIENTED_EDGE('',*,*,#6345,.T.);
#6345 = EDGE_CURVE('',#6338,#6346,#6348,.T.);
#6346 = VERTEX_POINT('',#6347);
#6347 = CARTESIAN_POINT('',(159.567951,-124.423561,1.585));
#6348 = CIRCLE('',#6349,0.358502380266);
#6349 = AXIS2_PLACEMENT_3D('',#6350,#6351,#6352);
#6350 = CARTESIAN_POINT('',(159.3742835,-124.121871,1.585));
#6351 = DIRECTION('',(0.,0.,1.));
#6352 = DIRECTION('',(-0.540212591772,-0.841528582813,0.));
#6353 = ORIENTED_EDGE('',*,*,#6354,.T.);
#6354 = EDGE_CURVE('',#6346,#6355,#6357,.T.);
#6355 = VERTEX_POINT('',#6356);
#6356 = CARTESIAN_POINT('',(159.598358,-124.393153,1.585));
#6357 = LINE('',#6358,#6359);
#6358 = CARTESIAN_POINT('',(159.567951,-124.423561,1.585));
#6359 = VECTOR('',#6360,1.);
#6360 = DIRECTION('',(0.707095153914,0.707118408268,0.));
#6361 = ORIENTED_EDGE('',*,*,#6362,.T.);
#6362 = EDGE_CURVE('',#6355,#6363,#6365,.T.);
#6363 = VERTEX_POINT('',#6364);
#6364 = CARTESIAN_POINT('',(159.598359,-124.053436,1.585));
#6365 = CIRCLE('',#6366,0.305616146029);
#6366 = AXIS2_PLACEMENT_3D('',#6367,#6368,#6369);
#6367 = CARTESIAN_POINT('',(159.34429292049,-124.2232937521,1.585));
#6368 = DIRECTION('',(0.,-0.,1.));
#6369 = DIRECTION('',(0.83132086707,-0.555792781505,-0.));
#6370 = ORIENTED_EDGE('',*,*,#6371,.T.);
#6371 = EDGE_CURVE('',#6363,#6372,#6374,.T.);
#6372 = VERTEX_POINT('',#6373);
#6373 = CARTESIAN_POINT('',(159.567952,-124.023029,1.585));
#6374 = LINE('',#6375,#6376);
#6375 = CARTESIAN_POINT('',(159.598359,-124.053436,1.585));
#6376 = VECTOR('',#6377,1.);
#6377 = DIRECTION('',(-0.707106781186,0.707106781187,0.));
#6378 = ORIENTED_EDGE('',*,*,#6379,.T.);
#6379 = EDGE_CURVE('',#6372,#6380,#6382,.T.);
#6380 = VERTEX_POINT('',#6381);
#6381 = CARTESIAN_POINT('',(159.499436,-123.988771,1.585));
#6382 = LINE('',#6383,#6384);
#6383 = CARTESIAN_POINT('',(159.567952,-124.023029,1.585));
#6384 = VECTOR('',#6385,1.);
#6385 = DIRECTION('',(-0.894427191,0.4472135955,0.));
#6386 = ORIENTED_EDGE('',*,*,#6387,.T.);
#6387 = EDGE_CURVE('',#6380,#6388,#6390,.T.);
#6388 = VERTEX_POINT('',#6389);
#6389 = CARTESIAN_POINT('',(159.359652,-123.98733,1.585));
#6390 = LINE('',#6391,#6392);
#6391 = CARTESIAN_POINT('',(159.499436,-123.988771,1.585));
#6392 = VECTOR('',#6393,1.);
#6393 = DIRECTION('',(-0.999946868947,1.030821437469E-02,0.));
#6394 = ORIENTED_EDGE('',*,*,#6395,.T.);
#6395 = EDGE_CURVE('',#6388,#6396,#6398,.T.);
#6396 = VERTEX_POINT('',#6397);
#6397 = CARTESIAN_POINT('',(159.317841,-123.864383,1.585));
#6398 = CIRCLE('',#6399,7.500015628757E-02);
#6399 = AXIS2_PLACEMENT_3D('',#6400,#6401,#6402);
#6400 = CARTESIAN_POINT('',(159.37428428432,-123.9137710461,1.585));
#6401 = DIRECTION('',(0.,0.,-1.));
#6402 = DIRECTION('',(-0.195096717785,-0.980784008184,-0.));
#6403 = ORIENTED_EDGE('',*,*,#6404,.T.);
#6404 = EDGE_CURVE('',#6396,#6405,#6407,.T.);
#6405 = VERTEX_POINT('',#6406);
#6406 = CARTESIAN_POINT('',(159.542335,-123.607819,1.585));
#6407 = LINE('',#6408,#6409);
#6408 = CARTESIAN_POINT('',(159.317841,-123.864383,1.585));
#6409 = VECTOR('',#6410,1.);
#6410 = DIRECTION('',(0.658505438534,0.752575967874,0.));
#6411 = ORIENTED_EDGE('',*,*,#6412,.T.);
#6412 = EDGE_CURVE('',#6405,#6235,#6413,.T.);
#6413 = LINE('',#6414,#6415);
#6414 = CARTESIAN_POINT('',(159.542335,-123.607819,1.585));
#6415 = VECTOR('',#6416,1.);
#6416 = DIRECTION('',(-0.999995267761,3.076435546862E-03,0.));
#6417 = PLANE('',#6418);
#6418 = AXIS2_PLACEMENT_3D('',#6419,#6420,#6421);
#6419 = CARTESIAN_POINT('',(0.,0.,1.585));
#6420 = DIRECTION('',(0.,0.,1.));
#6421 = DIRECTION('',(1.,0.,-0.));
#6422 = SHELL_BASED_SURFACE_MODEL('',(#6423));
#6423 = OPEN_SHELL('',(#6424));
#6424 = ADVANCED_FACE('',(#6425,#6527),#6629,.T.);
#6425 = FACE_BOUND('',#6426,.F.);
#6426 = EDGE_LOOP('',(#6427,#6438,#6446,#6454,#6463,#6471,#6479,#6488,
    #6496,#6504,#6513,#6521));
#6427 = ORIENTED_EDGE('',*,*,#6428,.T.);
#6428 = EDGE_CURVE('',#6429,#6431,#6433,.T.);
#6429 = VERTEX_POINT('',#6430);
#6430 = CARTESIAN_POINT('',(160.191586,-123.51732,1.585));
#6431 = VERTEX_POINT('',#6432);
#6432 = CARTESIAN_POINT('',(160.564424,-123.522686,1.585));
#6433 = CIRCLE('',#6434,0.291788488016);
#6434 = AXIS2_PLACEMENT_3D('',#6435,#6436,#6437);
#6435 = CARTESIAN_POINT('',(160.37477486911,-123.7444375025,1.585));
#6436 = DIRECTION('',(0.,0.,-1.));
#6437 = DIRECTION('',(-0.627813901623,0.778363478671,0.));
#6438 = ORIENTED_EDGE('',*,*,#6439,.T.);
#6439 = EDGE_CURVE('',#6431,#6440,#6442,.T.);
#6440 = VERTEX_POINT('',#6441);
#6441 = CARTESIAN_POINT('',(160.627877,-123.588216,1.585));
#6442 = LINE('',#6443,#6444);
#6443 = CARTESIAN_POINT('',(160.564424,-123.522686,1.585));
#6444 = VECTOR('',#6445,1.);
#6445 = DIRECTION('',(0.695630129574,-0.718400113328,0.));
#6446 = ORIENTED_EDGE('',*,*,#6447,.T.);
#6447 = EDGE_CURVE('',#6440,#6448,#6450,.T.);
#6448 = VERTEX_POINT('',#6449);
#6449 = CARTESIAN_POINT('',(160.68514,-123.705105,1.585));
#6450 = LINE('',#6451,#6452);
#6451 = CARTESIAN_POINT('',(160.627877,-123.588216,1.585));
#6452 = VECTOR('',#6453,1.);
#6453 = DIRECTION('',(0.439937123831,-0.898028578095,0.));
#6454 = ORIENTED_EDGE('',*,*,#6455,.T.);
#6455 = EDGE_CURVE('',#6448,#6456,#6458,.T.);
#6456 = VERTEX_POINT('',#6457);
#6457 = CARTESIAN_POINT('',(160.679461,-124.375883,1.585));
#6458 = CIRCLE('',#6459,0.967158496826);
#6459 = AXIS2_PLACEMENT_3D('',#6460,#6461,#6462);
#6460 = CARTESIAN_POINT('',(159.77519370686,-124.0328141722,1.585));
#6461 = DIRECTION('',(0.,0.,-1.));
#6462 = DIRECTION('',(0.940845059128,0.338837091703,0.));
#6463 = ORIENTED_EDGE('',*,*,#6464,.T.);
#6464 = EDGE_CURVE('',#6456,#6465,#6467,.T.);
#6465 = VERTEX_POINT('',#6466);
#6466 = CARTESIAN_POINT('',(160.622511,-124.484863,1.585));
#6467 = LINE('',#6468,#6469);
#6468 = CARTESIAN_POINT('',(160.679461,-124.375883,1.585));
#6469 = VECTOR('',#6470,1.);
#6470 = DIRECTION('',(-0.463146784147,-0.886281589752,0.));
#6471 = ORIENTED_EDGE('',*,*,#6472,.T.);
#6472 = EDGE_CURVE('',#6465,#6473,#6475,.T.);
#6473 = VERTEX_POINT('',#6474);
#6474 = CARTESIAN_POINT('',(160.556981,-124.548317,1.585));
#6475 = LINE('',#6476,#6477);
#6476 = CARTESIAN_POINT('',(160.622511,-124.484863,1.585));
#6477 = VECTOR('',#6478,1.);
#6478 = DIRECTION('',(-0.718394634729,-0.695635787458,0.));
#6479 = ORIENTED_EDGE('',*,*,#6480,.T.);
#6480 = EDGE_CURVE('',#6473,#6481,#6483,.T.);
#6481 = VERTEX_POINT('',#6482);
#6482 = CARTESIAN_POINT('',(160.184142,-124.54295,1.585));
#6483 = CIRCLE('',#6484,0.290998264264);
#6484 = AXIS2_PLACEMENT_3D('',#6485,#6486,#6487);
#6485 = CARTESIAN_POINT('',(160.37377741815,-124.3222275544,1.585));
#6486 = DIRECTION('',(-0.,0.,-1.));
#6487 = DIRECTION('',(0.629569328552,-0.77694430981,-0.));
#6488 = ORIENTED_EDGE('',*,*,#6489,.T.);
#6489 = EDGE_CURVE('',#6481,#6490,#6492,.T.);
#6490 = VERTEX_POINT('',#6491);
#6491 = CARTESIAN_POINT('',(160.120689,-124.477417,1.585));
#6492 = LINE('',#6493,#6494);
#6493 = CARTESIAN_POINT('',(160.184142,-124.54295,1.585));
#6494 = VECTOR('',#6495,1.);
#6495 = DIRECTION('',(-0.695613693927,0.718416027676,0.));
#6496 = ORIENTED_EDGE('',*,*,#6497,.T.);
#6497 = EDGE_CURVE('',#6490,#6498,#6500,.T.);
#6498 = VERTEX_POINT('',#6499);
#6499 = CARTESIAN_POINT('',(160.063428,-124.360532,1.585));
#6500 = LINE('',#6501,#6502);
#6501 = CARTESIAN_POINT('',(160.120689,-124.477417,1.585));
#6502 = VECTOR('',#6503,1.);
#6503 = DIRECTION('',(-0.439936873317,0.89802870082,0.));
#6504 = ORIENTED_EDGE('',*,*,#6505,.T.);
#6505 = EDGE_CURVE('',#6498,#6506,#6508,.T.);
#6506 = VERTEX_POINT('',#6507);
#6507 = CARTESIAN_POINT('',(160.069107,-123.689754,1.585));
#6508 = CIRCLE('',#6509,0.967158496826);
#6509 = AXIS2_PLACEMENT_3D('',#6510,#6511,#6512);
#6510 = CARTESIAN_POINT('',(160.97337429313,-124.0328228277,1.585));
#6511 = DIRECTION('',(0.,0.,-1.));
#6512 = DIRECTION('',(-0.940845059128,-0.338837091703,-0.));
#6513 = ORIENTED_EDGE('',*,*,#6514,.T.);
#6514 = EDGE_CURVE('',#6506,#6515,#6517,.T.);
#6515 = VERTEX_POINT('',#6516);
#6516 = CARTESIAN_POINT('',(160.126056,-123.580773,1.585));
#6517 = LINE('',#6518,#6519);
#6518 = CARTESIAN_POINT('',(160.069107,-123.689754,1.585));
#6519 = VECTOR('',#6520,1.);
#6520 = DIRECTION('',(0.463137057879,0.886286672369,0.));
#6521 = ORIENTED_EDGE('',*,*,#6522,.T.);
#6522 = EDGE_CURVE('',#6515,#6429,#6523,.T.);
#6523 = LINE('',#6524,#6525);
#6524 = CARTESIAN_POINT('',(160.126056,-123.580773,1.585));
#6525 = VECTOR('',#6526,1.);
#6526 = DIRECTION('',(0.718400113328,0.695630129574,0.));
#6527 = FACE_BOUND('',#6528,.F.);
#6528 = EDGE_LOOP('',(#6529,#6540,#6548,#6556,#6565,#6573,#6581,#6590,
    #6598,#6606,#6615,#6623));
#6529 = ORIENTED_EDGE('',*,*,#6530,.T.);
#6530 = EDGE_CURVE('',#6531,#6533,#6535,.T.);
#6531 = VERTEX_POINT('',#6532);
#6532 = CARTESIAN_POINT('',(160.472714,-123.642077,1.585));
#6533 = VERTEX_POINT('',#6534);
#6534 = CARTESIAN_POINT('',(160.275854,-123.642077,1.585));
#6535 = CIRCLE('',#6536,0.148516804184);
#6536 = AXIS2_PLACEMENT_3D('',#6537,#6538,#6539);
#6537 = CARTESIAN_POINT('',(160.374284,-123.753292,1.585));
#6538 = DIRECTION('',(0.,0.,1.));
#6539 = DIRECTION('',(0.662753286006,0.748837820819,-0.));
#6540 = ORIENTED_EDGE('',*,*,#6541,.T.);
#6541 = EDGE_CURVE('',#6533,#6542,#6544,.T.);
#6542 = VERTEX_POINT('',#6543);
#6543 = CARTESIAN_POINT('',(160.245447,-123.672484,1.585));
#6544 = LINE('',#6545,#6546);
#6545 = CARTESIAN_POINT('',(160.275854,-123.642077,1.585));
#6546 = VECTOR('',#6547,1.);
#6547 = DIRECTION('',(-0.707106781187,-0.707106781187,0.));
#6548 = ORIENTED_EDGE('',*,*,#6549,.T.);
#6549 = EDGE_CURVE('',#6542,#6550,#6552,.T.);
#6550 = VERTEX_POINT('',#6551);
#6551 = CARTESIAN_POINT('',(160.206953,-123.749471,1.585));
#6552 = LINE('',#6553,#6554);
#6553 = CARTESIAN_POINT('',(160.245447,-123.672484,1.585));
#6554 = VECTOR('',#6555,1.);
#6555 = DIRECTION('',(-0.447218242642,-0.894424867414,0.));
#6556 = ORIENTED_EDGE('',*,*,#6557,.T.);
#6557 = EDGE_CURVE('',#6550,#6558,#6560,.T.);
#6558 = VERTEX_POINT('',#6559);
#6559 = CARTESIAN_POINT('',(160.206953,-124.316166,1.585));
#6560 = CIRCLE('',#6561,0.815450468383);
#6561 = AXIS2_PLACEMENT_3D('',#6562,#6563,#6564);
#6562 = CARTESIAN_POINT('',(160.97159256255,-124.0328185,1.585));
#6563 = DIRECTION('',(0.,0.,1.));
#6564 = DIRECTION('',(-0.937689770508,0.347473587895,0.));
#6565 = ORIENTED_EDGE('',*,*,#6566,.T.);
#6566 = EDGE_CURVE('',#6558,#6567,#6569,.T.);
#6567 = VERTEX_POINT('',#6568);
#6568 = CARTESIAN_POINT('',(160.245447,-124.393153,1.585));
#6569 = LINE('',#6570,#6571);
#6570 = CARTESIAN_POINT('',(160.206953,-124.316166,1.585));
#6571 = VECTOR('',#6572,1.);
#6572 = DIRECTION('',(0.447218242642,-0.894424867414,0.));
#6573 = ORIENTED_EDGE('',*,*,#6574,.T.);
#6574 = EDGE_CURVE('',#6567,#6575,#6577,.T.);
#6575 = VERTEX_POINT('',#6576);
#6576 = CARTESIAN_POINT('',(160.275854,-124.423561,1.585));
#6577 = LINE('',#6578,#6579);
#6578 = CARTESIAN_POINT('',(160.245447,-124.393153,1.585));
#6579 = VECTOR('',#6580,1.);
#6580 = DIRECTION('',(0.707095153914,-0.707118408268,0.));
#6581 = ORIENTED_EDGE('',*,*,#6582,.T.);
#6582 = EDGE_CURVE('',#6575,#6583,#6585,.T.);
#6583 = VERTEX_POINT('',#6584);
#6584 = CARTESIAN_POINT('',(160.472713,-124.423561,1.585));
#6585 = CIRCLE('',#6586,0.14851572397);
#6586 = AXIS2_PLACEMENT_3D('',#6587,#6588,#6589);
#6587 = CARTESIAN_POINT('',(160.3742835,-124.312347,1.585));
#6588 = DIRECTION('',(0.,0.,1.));
#6589 = DIRECTION('',(-0.662754739829,-0.748836534121,0.));
#6590 = ORIENTED_EDGE('',*,*,#6591,.T.);
#6591 = EDGE_CURVE('',#6583,#6592,#6594,.T.);
#6592 = VERTEX_POINT('',#6593);
#6593 = CARTESIAN_POINT('',(160.50312,-124.393153,1.585));
#6594 = LINE('',#6595,#6596);
#6595 = CARTESIAN_POINT('',(160.472713,-124.423561,1.585));
#6596 = VECTOR('',#6597,1.);
#6597 = DIRECTION('',(0.707095153914,0.707118408268,0.));
#6598 = ORIENTED_EDGE('',*,*,#6599,.T.);
#6599 = EDGE_CURVE('',#6592,#6600,#6602,.T.);
#6600 = VERTEX_POINT('',#6601);
#6601 = CARTESIAN_POINT('',(160.541614,-124.316166,1.585));
#6602 = LINE('',#6603,#6604);
#6603 = CARTESIAN_POINT('',(160.50312,-124.393153,1.585));
#6604 = VECTOR('',#6605,1.);
#6605 = DIRECTION('',(0.447218242642,0.894424867414,0.));
#6606 = ORIENTED_EDGE('',*,*,#6607,.T.);
#6607 = EDGE_CURVE('',#6600,#6608,#6610,.T.);
#6608 = VERTEX_POINT('',#6609);
#6609 = CARTESIAN_POINT('',(160.541614,-123.749471,1.585));
#6610 = CIRCLE('',#6611,0.815433004022);
#6611 = AXIS2_PLACEMENT_3D('',#6612,#6613,#6614);
#6612 = CARTESIAN_POINT('',(159.77699306235,-124.0328185,1.585));
#6613 = DIRECTION('',(0.,-0.,1.));
#6614 = DIRECTION('',(0.937687012763,-0.347481029836,-0.));
#6615 = ORIENTED_EDGE('',*,*,#6616,.T.);
#6616 = EDGE_CURVE('',#6608,#6617,#6619,.T.);
#6617 = VERTEX_POINT('',#6618);
#6618 = CARTESIAN_POINT('',(160.503121,-123.672484,1.585));
#6619 = LINE('',#6620,#6621);
#6620 = CARTESIAN_POINT('',(160.541614,-123.749471,1.585));
#6621 = VECTOR('',#6622,1.);
#6622 = DIRECTION('',(-0.447208948322,0.894429514574,0.));
#6623 = ORIENTED_EDGE('',*,*,#6624,.T.);
#6624 = EDGE_CURVE('',#6617,#6531,#6625,.T.);
#6625 = LINE('',#6626,#6627);
#6626 = CARTESIAN_POINT('',(160.503121,-123.672484,1.585));
#6627 = VECTOR('',#6628,1.);
#6628 = DIRECTION('',(-0.707106781187,0.707106781187,0.));
#6629 = PLANE('',#6630);
#6630 = AXIS2_PLACEMENT_3D('',#6631,#6632,#6633);
#6631 = CARTESIAN_POINT('',(0.,0.,1.585));
#6632 = DIRECTION('',(0.,0.,1.));
#6633 = DIRECTION('',(1.,0.,-0.));
#6634 = SHELL_BASED_SURFACE_MODEL('',(#6635));
#6635 = OPEN_SHELL('',(#6636));
#6636 = ADVANCED_FACE('',(#6637),#6723,.T.);
#6637 = FACE_BOUND('',#6638,.F.);
#6638 = EDGE_LOOP('',(#6639,#6650,#6658,#6667,#6675,#6683,#6691,#6700,
    #6708,#6717));
#6639 = ORIENTED_EDGE('',*,*,#6640,.T.);
#6640 = EDGE_CURVE('',#6641,#6643,#6645,.T.);
#6641 = VERTEX_POINT('',#6642);
#6642 = CARTESIAN_POINT('',(163.863,-121.468,1.585));
#6643 = VERTEX_POINT('',#6644);
#6644 = CARTESIAN_POINT('',(163.923,-121.408,1.585));
#6645 = CIRCLE('',#6646,5.999932016262E-02);
#6646 = AXIS2_PLACEMENT_3D('',#6647,#6648,#6649);
#6647 = CARTESIAN_POINT('',(163.92299932015,-121.4679993201,1.585));
#6648 = DIRECTION('',(0.,0.,-1.));
#6649 = DIRECTION('',(-0.999999999936,-1.133081564772E-05,-0.));
#6650 = ORIENTED_EDGE('',*,*,#6651,.T.);
#6651 = EDGE_CURVE('',#6643,#6652,#6654,.T.);
#6652 = VERTEX_POINT('',#6653);
#6653 = CARTESIAN_POINT('',(166.608,-121.408,1.585));
#6654 = LINE('',#6655,#6656);
#6655 = CARTESIAN_POINT('',(163.923,-121.408,1.585));
#6656 = VECTOR('',#6657,1.);
#6657 = DIRECTION('',(1.,0.,0.));
#6658 = ORIENTED_EDGE('',*,*,#6659,.T.);
#6659 = EDGE_CURVE('',#6652,#6660,#6662,.T.);
#6660 = VERTEX_POINT('',#6661);
#6661 = CARTESIAN_POINT('',(166.608,-121.528,1.585));
#6662 = CIRCLE('',#6663,6.000000000042E-02);
#6663 = AXIS2_PLACEMENT_3D('',#6664,#6665,#6666);
#6664 = CARTESIAN_POINT('',(166.60800022558,-121.468,1.585));
#6665 = DIRECTION('',(0.,0.,-1.));
#6666 = DIRECTION('',(-3.759794253684E-06,0.999999999993,-0.));
#6667 = ORIENTED_EDGE('',*,*,#6668,.T.);
#6668 = EDGE_CURVE('',#6660,#6669,#6671,.T.);
#6669 = VERTEX_POINT('',#6670);
#6670 = CARTESIAN_POINT('',(163.983,-121.528,1.585));
#6671 = LINE('',#6672,#6673);
#6672 = CARTESIAN_POINT('',(166.608,-121.528,1.585));
#6673 = VECTOR('',#6674,1.);
#6674 = DIRECTION('',(-1.,0.,0.));
#6675 = ORIENTED_EDGE('',*,*,#6676,.T.);
#6676 = EDGE_CURVE('',#6669,#6677,#6679,.T.);
#6677 = VERTEX_POINT('',#6678);
#6678 = CARTESIAN_POINT('',(163.983,-123.328,1.585));
#6679 = LINE('',#6680,#6681);
#6680 = CARTESIAN_POINT('',(163.983,-121.528,1.585));
#6681 = VECTOR('',#6682,1.);
#6682 = DIRECTION('',(0.,-1.,0.));
#6683 = ORIENTED_EDGE('',*,*,#6684,.T.);
#6684 = EDGE_CURVE('',#6677,#6685,#6687,.T.);
#6685 = VERTEX_POINT('',#6686);
#6686 = CARTESIAN_POINT('',(166.608,-123.328,1.585));
#6687 = LINE('',#6688,#6689);
#6688 = CARTESIAN_POINT('',(163.983,-123.328,1.585));
#6689 = VECTOR('',#6690,1.);
#6690 = DIRECTION('',(1.,0.,0.));
#6691 = ORIENTED_EDGE('',*,*,#6692,.T.);
#6692 = EDGE_CURVE('',#6685,#6693,#6695,.T.);
#6693 = VERTEX_POINT('',#6694);
#6694 = CARTESIAN_POINT('',(166.608,-123.448,1.585));
#6695 = CIRCLE('',#6696,6.000000000042E-02);
#6696 = AXIS2_PLACEMENT_3D('',#6697,#6698,#6699);
#6697 = CARTESIAN_POINT('',(166.60800022558,-123.388,1.585));
#6698 = DIRECTION('',(0.,0.,-1.));
#6699 = DIRECTION('',(-3.759794253684E-06,0.999999999993,-0.));
#6700 = ORIENTED_EDGE('',*,*,#6701,.T.);
#6701 = EDGE_CURVE('',#6693,#6702,#6704,.T.);
#6702 = VERTEX_POINT('',#6703);
#6703 = CARTESIAN_POINT('',(163.923,-123.448,1.585));
#6704 = LINE('',#6705,#6706);
#6705 = CARTESIAN_POINT('',(166.608,-123.448,1.585));
#6706 = VECTOR('',#6707,1.);
#6707 = DIRECTION('',(-1.,0.,0.));
#6708 = ORIENTED_EDGE('',*,*,#6709,.T.);
#6709 = EDGE_CURVE('',#6702,#6710,#6712,.T.);
#6710 = VERTEX_POINT('',#6711);
#6711 = CARTESIAN_POINT('',(163.863,-123.388,1.585));
#6712 = CIRCLE('',#6713,5.999932016257E-02);
#6713 = AXIS2_PLACEMENT_3D('',#6714,#6715,#6716);
#6714 = CARTESIAN_POINT('',(163.92299932015,-123.3880006798,1.585));
#6715 = DIRECTION('',(0.,0.,-1.));
#6716 = DIRECTION('',(1.133081659513E-05,-0.999999999936,0.));
#6717 = ORIENTED_EDGE('',*,*,#6718,.T.);
#6718 = EDGE_CURVE('',#6710,#6641,#6719,.T.);
#6719 = LINE('',#6720,#6721);
#6720 = CARTESIAN_POINT('',(163.863,-123.388,1.585));
#6721 = VECTOR('',#6722,1.);
#6722 = DIRECTION('',(0.,1.,0.));
#6723 = PLANE('',#6724);
#6724 = AXIS2_PLACEMENT_3D('',#6725,#6726,#6727);
#6725 = CARTESIAN_POINT('',(0.,0.,1.585));
#6726 = DIRECTION('',(0.,0.,1.));
#6727 = DIRECTION('',(1.,0.,-0.));
#6728 = SHELL_BASED_SURFACE_MODEL('',(#6729));
#6729 = OPEN_SHELL('',(#6730));
#6730 = ADVANCED_FACE('',(#6731),#6767,.T.);
#6731 = FACE_BOUND('',#6732,.F.);
#6732 = EDGE_LOOP('',(#6733,#6744,#6752,#6761));
#6733 = ORIENTED_EDGE('',*,*,#6734,.T.);
#6734 = EDGE_CURVE('',#6735,#6737,#6739,.T.);
#6735 = VERTEX_POINT('',#6736);
#6736 = CARTESIAN_POINT('',(143.607022,-123.2488,1.585));
#6737 = VERTEX_POINT('',#6738);
#6738 = CARTESIAN_POINT('',(143.607022,-123.1288,1.585));
#6739 = CIRCLE('',#6740,6.000000000043E-02);
#6740 = AXIS2_PLACEMENT_3D('',#6741,#6742,#6743);
#6741 = CARTESIAN_POINT('',(143.60702177441,-123.1888,1.585));
#6742 = DIRECTION('',(0.,0.,-1.));
#6743 = DIRECTION('',(3.759793779988E-06,-0.999999999993,0.));
#6744 = ORIENTED_EDGE('',*,*,#6745,.T.);
#6745 = EDGE_CURVE('',#6737,#6746,#6748,.T.);
#6746 = VERTEX_POINT('',#6747);
#6747 = CARTESIAN_POINT('',(144.124178,-123.1288,1.585));
#6748 = LINE('',#6749,#6750);
#6749 = CARTESIAN_POINT('',(143.607022,-123.1288,1.585));
#6750 = VECTOR('',#6751,1.);
#6751 = DIRECTION('',(1.,0.,0.));
#6752 = ORIENTED_EDGE('',*,*,#6753,.T.);
#6753 = EDGE_CURVE('',#6746,#6754,#6756,.T.);
#6754 = VERTEX_POINT('',#6755);
#6755 = CARTESIAN_POINT('',(144.124178,-123.2488,1.585));
#6756 = CIRCLE('',#6757,6.000000000043E-02);
#6757 = AXIS2_PLACEMENT_3D('',#6758,#6759,#6760);
#6758 = CARTESIAN_POINT('',(144.12417822558,-123.1888,1.585));
#6759 = DIRECTION('',(0.,0.,-1.));
#6760 = DIRECTION('',(-3.759793779988E-06,0.999999999993,-0.));
#6761 = ORIENTED_EDGE('',*,*,#6762,.T.);
#6762 = EDGE_CURVE('',#6754,#6735,#6763,.T.);
#6763 = LINE('',#6764,#6765);
#6764 = CARTESIAN_POINT('',(144.124178,-123.2488,1.585));
#6765 = VECTOR('',#6766,1.);
#6766 = DIRECTION('',(-1.,0.,0.));
#6767 = PLANE('',#6768);
#6768 = AXIS2_PLACEMENT_3D('',#6769,#6770,#6771);
#6769 = CARTESIAN_POINT('',(0.,0.,1.585));
#6770 = DIRECTION('',(0.,0.,1.));
#6771 = DIRECTION('',(1.,0.,-0.));
#6772 = SHELL_BASED_SURFACE_MODEL('',(#6773));
#6773 = OPEN_SHELL('',(#6774));
#6774 = ADVANCED_FACE('',(#6775),#6811,.T.);
#6775 = FACE_BOUND('',#6776,.F.);
#6776 = EDGE_LOOP('',(#6777,#6788,#6796,#6805));
#6777 = ORIENTED_EDGE('',*,*,#6778,.T.);
#6778 = EDGE_CURVE('',#6779,#6781,#6783,.T.);
#6779 = VERTEX_POINT('',#6780);
#6780 = CARTESIAN_POINT('',(148.585422,-123.198,1.585));
#6781 = VERTEX_POINT('',#6782);
#6782 = CARTESIAN_POINT('',(148.585422,-123.078,1.585));
#6783 = CIRCLE('',#6784,6.000000000042E-02);
#6784 = AXIS2_PLACEMENT_3D('',#6785,#6786,#6787);
#6785 = CARTESIAN_POINT('',(148.58542177441,-123.138,1.585));
#6786 = DIRECTION('',(0.,0.,-1.));
#6787 = DIRECTION('',(3.759794253685E-06,-0.999999999993,0.));
#6788 = ORIENTED_EDGE('',*,*,#6789,.T.);
#6789 = EDGE_CURVE('',#6781,#6790,#6792,.T.);
#6790 = VERTEX_POINT('',#6791);
#6791 = CARTESIAN_POINT('',(149.102578,-123.078,1.585));
#6792 = LINE('',#6793,#6794);
#6793 = CARTESIAN_POINT('',(148.585422,-123.078,1.585));
#6794 = VECTOR('',#6795,1.);
#6795 = DIRECTION('',(1.,0.,0.));
#6796 = ORIENTED_EDGE('',*,*,#6797,.T.);
#6797 = EDGE_CURVE('',#6790,#6798,#6800,.T.);
#6798 = VERTEX_POINT('',#6799);
#6799 = CARTESIAN_POINT('',(149.102578,-123.198,1.585));
#6800 = CIRCLE('',#6801,6.000000000042E-02);
#6801 = AXIS2_PLACEMENT_3D('',#6802,#6803,#6804);
#6802 = CARTESIAN_POINT('',(149.10257822558,-123.138,1.585));
#6803 = DIRECTION('',(0.,0.,-1.));
#6804 = DIRECTION('',(-3.759794253684E-06,0.999999999993,-0.));
#6805 = ORIENTED_EDGE('',*,*,#6806,.T.);
#6806 = EDGE_CURVE('',#6798,#6779,#6807,.T.);
#6807 = LINE('',#6808,#6809);
#6808 = CARTESIAN_POINT('',(149.102578,-123.198,1.585));
#6809 = VECTOR('',#6810,1.);
#6810 = DIRECTION('',(-1.,0.,0.));
#6811 = PLANE('',#6812);
#6812 = AXIS2_PLACEMENT_3D('',#6813,#6814,#6815);
#6813 = CARTESIAN_POINT('',(0.,0.,1.585));
#6814 = DIRECTION('',(0.,0.,1.));
#6815 = DIRECTION('',(1.,0.,-0.));
#6816 = SHELL_BASED_SURFACE_MODEL('',(#6817));
#6817 = OPEN_SHELL('',(#6818));
#6818 = ADVANCED_FACE('',(#6819),#6855,.T.);
#6819 = FACE_BOUND('',#6820,.F.);
#6820 = EDGE_LOOP('',(#6821,#6832,#6840,#6849));
#6821 = ORIENTED_EDGE('',*,*,#6822,.T.);
#6822 = EDGE_CURVE('',#6823,#6825,#6827,.T.);
#6823 = VERTEX_POINT('',#6824);
#6824 = CARTESIAN_POINT('',(154.160088,-123.198,1.585));
#6825 = VERTEX_POINT('',#6826);
#6826 = CARTESIAN_POINT('',(154.160088,-123.078,1.585));
#6827 = CIRCLE('',#6828,6.000000000042E-02);
#6828 = AXIS2_PLACEMENT_3D('',#6829,#6830,#6831);
#6829 = CARTESIAN_POINT('',(154.16008777441,-123.138,1.585));
#6830 = DIRECTION('',(0.,0.,-1.));
#6831 = DIRECTION('',(3.759794253685E-06,-0.999999999993,0.));
#6832 = ORIENTED_EDGE('',*,*,#6833,.T.);
#6833 = EDGE_CURVE('',#6825,#6834,#6836,.T.);
#6834 = VERTEX_POINT('',#6835);
#6835 = CARTESIAN_POINT('',(154.677244,-123.078,1.585));
#6836 = LINE('',#6837,#6838);
#6837 = CARTESIAN_POINT('',(154.160088,-123.078,1.585));
#6838 = VECTOR('',#6839,1.);
#6839 = DIRECTION('',(1.,0.,0.));
#6840 = ORIENTED_EDGE('',*,*,#6841,.T.);
#6841 = EDGE_CURVE('',#6834,#6842,#6844,.T.);
#6842 = VERTEX_POINT('',#6843);
#6843 = CARTESIAN_POINT('',(154.677244,-123.198,1.585));
#6844 = CIRCLE('',#6845,6.000000000042E-02);
#6845 = AXIS2_PLACEMENT_3D('',#6846,#6847,#6848);
#6846 = CARTESIAN_POINT('',(154.67724422558,-123.138,1.585));
#6847 = DIRECTION('',(0.,0.,-1.));
#6848 = DIRECTION('',(-3.759794253684E-06,0.999999999993,-0.));
#6849 = ORIENTED_EDGE('',*,*,#6850,.T.);
#6850 = EDGE_CURVE('',#6842,#6823,#6851,.T.);
#6851 = LINE('',#6852,#6853);
#6852 = CARTESIAN_POINT('',(154.677244,-123.198,1.585));
#6853 = VECTOR('',#6854,1.);
#6854 = DIRECTION('',(-1.,0.,0.));
#6855 = PLANE('',#6856);
#6856 = AXIS2_PLACEMENT_3D('',#6857,#6858,#6859);
#6857 = CARTESIAN_POINT('',(0.,0.,1.585));
#6858 = DIRECTION('',(0.,0.,1.));
#6859 = DIRECTION('',(1.,0.,-0.));
#6860 = SHELL_BASED_SURFACE_MODEL('',(#6861));
#6861 = OPEN_SHELL('',(#6862));
#6862 = ADVANCED_FACE('',(#6863),#6899,.T.);
#6863 = FACE_BOUND('',#6864,.F.);
#6864 = EDGE_LOOP('',(#6865,#6876,#6884,#6893));
#6865 = ORIENTED_EDGE('',*,*,#6866,.T.);
#6866 = EDGE_CURVE('',#6867,#6869,#6871,.T.);
#6867 = VERTEX_POINT('',#6868);
#6868 = CARTESIAN_POINT('',(159.734754,-123.198,1.585));
#6869 = VERTEX_POINT('',#6870);
#6870 = CARTESIAN_POINT('',(159.734754,-123.078,1.585));
#6871 = CIRCLE('',#6872,6.000000000042E-02);
#6872 = AXIS2_PLACEMENT_3D('',#6873,#6874,#6875);
#6873 = CARTESIAN_POINT('',(159.73475377441,-123.138,1.585));
#6874 = DIRECTION('',(0.,0.,-1.));
#6875 = DIRECTION('',(3.759794253685E-06,-0.999999999993,0.));
#6876 = ORIENTED_EDGE('',*,*,#6877,.T.);
#6877 = EDGE_CURVE('',#6869,#6878,#6880,.T.);
#6878 = VERTEX_POINT('',#6879);
#6879 = CARTESIAN_POINT('',(160.25191,-123.078,1.585));
#6880 = LINE('',#6881,#6882);
#6881 = CARTESIAN_POINT('',(159.734754,-123.078,1.585));
#6882 = VECTOR('',#6883,1.);
#6883 = DIRECTION('',(1.,0.,0.));
#6884 = ORIENTED_EDGE('',*,*,#6885,.T.);
#6885 = EDGE_CURVE('',#6878,#6886,#6888,.T.);
#6886 = VERTEX_POINT('',#6887);
#6887 = CARTESIAN_POINT('',(160.25191,-123.198,1.585));
#6888 = CIRCLE('',#6889,6.000000000042E-02);
#6889 = AXIS2_PLACEMENT_3D('',#6890,#6891,#6892);
#6890 = CARTESIAN_POINT('',(160.25191022558,-123.138,1.585));
#6891 = DIRECTION('',(0.,0.,-1.));
#6892 = DIRECTION('',(-3.759794253684E-06,0.999999999993,-0.));
#6893 = ORIENTED_EDGE('',*,*,#6894,.T.);
#6894 = EDGE_CURVE('',#6886,#6867,#6895,.T.);
#6895 = LINE('',#6896,#6897);
#6896 = CARTESIAN_POINT('',(160.25191,-123.198,1.585));
#6897 = VECTOR('',#6898,1.);
#6898 = DIRECTION('',(-1.,0.,0.));
#6899 = PLANE('',#6900);
#6900 = AXIS2_PLACEMENT_3D('',#6901,#6902,#6903);
#6901 = CARTESIAN_POINT('',(0.,0.,1.585));
#6902 = DIRECTION('',(0.,0.,1.));
#6903 = DIRECTION('',(1.,0.,-0.));
#6904 = SHELL_BASED_SURFACE_MODEL('',(#6905));
#6905 = OPEN_SHELL('',(#6906));
#6906 = ADVANCED_FACE('',(#6907),#7146,.T.);
#6907 = FACE_BOUND('',#6908,.F.);
#6908 = EDGE_LOOP('',(#6909,#6919,#6927,#6935,#6943,#6951,#6959,#6968,
    #6976,#6985,#6993,#7001,#7010,#7018,#7027,#7035,#7044,#7052,#7060,
    #7068,#7076,#7084,#7092,#7100,#7108,#7116,#7124,#7132,#7140));
#6909 = ORIENTED_EDGE('',*,*,#6910,.T.);
#6910 = EDGE_CURVE('',#6911,#6913,#6915,.T.);
#6911 = VERTEX_POINT('',#6912);
#6912 = CARTESIAN_POINT('',(163.133506,-121.948305,1.585));
#6913 = VERTEX_POINT('',#6914);
#6914 = CARTESIAN_POINT('',(163.163424,-121.933653,1.585));
#6915 = LINE('',#6916,#6917);
#6916 = CARTESIAN_POINT('',(163.133506,-121.948305,1.585));
#6917 = VECTOR('',#6918,1.);
#6918 = DIRECTION('',(0.898083035074,0.439825945247,0.));
#6919 = ORIENTED_EDGE('',*,*,#6920,.T.);
#6920 = EDGE_CURVE('',#6913,#6921,#6923,.T.);
#6921 = VERTEX_POINT('',#6922);
#6922 = CARTESIAN_POINT('',(163.330174,-121.880601,1.585));
#6923 = LINE('',#6924,#6925);
#6924 = CARTESIAN_POINT('',(163.163424,-121.933653,1.585));
#6925 = VECTOR('',#6926,1.);
#6926 = DIRECTION('',(0.952933735297,0.303178653823,0.));
#6927 = ORIENTED_EDGE('',*,*,#6928,.T.);
#6928 = EDGE_CURVE('',#6921,#6929,#6931,.T.);
#6929 = VERTEX_POINT('',#6930);
#6930 = CARTESIAN_POINT('',(163.45339,-121.880834,1.585));
#6931 = LINE('',#6932,#6933);
#6932 = CARTESIAN_POINT('',(163.330174,-121.880601,1.585));
#6933 = VECTOR('',#6934,1.);
#6934 = DIRECTION('',(0.999998212087,-1.890984802384E-03,0.));
#6935 = ORIENTED_EDGE('',*,*,#6936,.T.);
#6936 = EDGE_CURVE('',#6929,#6937,#6939,.T.);
#6937 = VERTEX_POINT('',#6938);
#6938 = CARTESIAN_POINT('',(163.480575,-121.886034,1.585));
#6939 = LINE('',#6940,#6941);
#6940 = CARTESIAN_POINT('',(163.45339,-121.880834,1.585));
#6941 = VECTOR('',#6942,1.);
#6942 = DIRECTION('',(0.982192801029,-0.187875761095,0.));
#6943 = ORIENTED_EDGE('',*,*,#6944,.T.);
#6944 = EDGE_CURVE('',#6937,#6945,#6947,.T.);
#6945 = VERTEX_POINT('',#6946);
#6946 = CARTESIAN_POINT('',(163.645807,-121.943643,1.585));
#6947 = LINE('',#6948,#6949);
#6948 = CARTESIAN_POINT('',(163.480575,-121.886034,1.585));
#6949 = VECTOR('',#6950,1.);
#6950 = DIRECTION('',(0.944253610134,-0.329218954114,0.));
#6951 = ORIENTED_EDGE('',*,*,#6952,.T.);
#6952 = EDGE_CURVE('',#6945,#6953,#6955,.T.);
#6953 = VERTEX_POINT('',#6954);
#6954 = CARTESIAN_POINT('',(163.719911,-122.011468,1.585));
#6955 = LINE('',#6956,#6957);
#6956 = CARTESIAN_POINT('',(163.645807,-121.943643,1.585));
#6957 = VECTOR('',#6958,1.);
#6958 = DIRECTION('',(0.737667954538,-0.675163675598,0.));
#6959 = ORIENTED_EDGE('',*,*,#6960,.T.);
#6960 = EDGE_CURVE('',#6953,#6961,#6963,.T.);
#6961 = VERTEX_POINT('',#6962);
#6962 = CARTESIAN_POINT('',(163.562076,-122.20379,1.585));
#6963 = CIRCLE('',#6964,0.125000100919);
#6964 = AXIS2_PLACEMENT_3D('',#6965,#6966,#6967);
#6965 = CARTESIAN_POINT('',(163.63152245978,-122.0998562977,1.585));
#6966 = DIRECTION('',(0.,0.,-1.));
#6967 = DIRECTION('',(0.70710775088,0.707105811492,0.));
#6968 = ORIENTED_EDGE('',*,*,#6969,.T.);
#6969 = EDGE_CURVE('',#6961,#6970,#6972,.T.);
#6970 = VERTEX_POINT('',#6971);
#6971 = CARTESIAN_POINT('',(163.516381,-122.161491,1.585));
#6972 = LINE('',#6973,#6974);
#6973 = CARTESIAN_POINT('',(163.562076,-122.20379,1.585));
#6974 = VECTOR('',#6975,1.);
#6975 = DIRECTION('',(-0.733850217942,0.679311311275,0.));
#6976 = ORIENTED_EDGE('',*,*,#6977,.T.);
#6977 = EDGE_CURVE('',#6970,#6978,#6980,.T.);
#6978 = VERTEX_POINT('',#6979);
#6979 = CARTESIAN_POINT('',(163.270474,-122.161491,1.585));
#6980 = CIRCLE('',#6981,0.242916409585);
#6981 = AXIS2_PLACEMENT_3D('',#6982,#6983,#6984);
#6982 = CARTESIAN_POINT('',(163.3934275,-122.3709923577,1.585));
#6983 = DIRECTION('',(0.,0.,1.));
#6984 = DIRECTION('',(0.506155595706,0.862442179474,-0.));
#6985 = ORIENTED_EDGE('',*,*,#6986,.T.);
#6986 = EDGE_CURVE('',#6978,#6987,#6989,.T.);
#6987 = VERTEX_POINT('',#6988);
#6988 = CARTESIAN_POINT('',(163.210446,-122.22152,1.585));
#6989 = LINE('',#6990,#6991);
#6990 = CARTESIAN_POINT('',(163.270474,-122.161491,1.585));
#6991 = VECTOR('',#6992,1.);
#6992 = DIRECTION('',(-0.707100891403,-0.707112670921,0.));
#6993 = ORIENTED_EDGE('',*,*,#6994,.T.);
#6994 = EDGE_CURVE('',#6987,#6995,#6997,.T.);
#6995 = VERTEX_POINT('',#6996);
#6996 = CARTESIAN_POINT('',(163.178035,-122.286341,1.585));
#6997 = LINE('',#6998,#6999);
#6998 = CARTESIAN_POINT('',(163.210446,-122.22152,1.585));
#6999 = VECTOR('',#7000,1.);
#7000 = DIRECTION('',(-0.447219114841,-0.894424431308,0.));
#7001 = ORIENTED_EDGE('',*,*,#7002,.T.);
#7002 = EDGE_CURVE('',#6995,#7003,#7005,.T.);
#7003 = VERTEX_POINT('',#7004);
#7004 = CARTESIAN_POINT('',(163.210445,-122.787715,1.585));
#7005 = CIRCLE('',#7006,0.568455181237);
#7006 = AXIS2_PLACEMENT_3D('',#7007,#7008,#7009);
#7007 = CARTESIAN_POINT('',(163.70311390427,-122.5041331884,1.585));
#7008 = DIRECTION('',(0.,0.,1.));
#7009 = DIRECTION('',(-0.923694464594,0.383129920626,0.));
#7010 = ORIENTED_EDGE('',*,*,#7011,.T.);
#7011 = EDGE_CURVE('',#7003,#7012,#7014,.T.);
#7012 = VERTEX_POINT('',#7013);
#7013 = CARTESIAN_POINT('',(163.270476,-122.847746,1.585));
#7014 = LINE('',#7015,#7016);
#7015 = CARTESIAN_POINT('',(163.210445,-122.787715,1.585));
#7016 = VECTOR('',#7017,1.);
#7017 = DIRECTION('',(0.707106781187,-0.707106781186,0.));
#7018 = ORIENTED_EDGE('',*,*,#7019,.T.);
#7019 = EDGE_CURVE('',#7012,#7020,#7022,.T.);
#7020 = VERTEX_POINT('',#7021);
#7021 = CARTESIAN_POINT('',(163.516381,-122.847746,1.585));
#7022 = CIRCLE('',#7023,0.242908264191);
#7023 = AXIS2_PLACEMENT_3D('',#7024,#7025,#7026);
#7024 = CARTESIAN_POINT('',(163.3934285,-122.6382535,1.585));
#7025 = DIRECTION('',(0.,0.,1.));
#7026 = DIRECTION('',(-0.506168451737,-0.862434634315,0.));
#7027 = ORIENTED_EDGE('',*,*,#7028,.T.);
#7028 = EDGE_CURVE('',#7020,#7029,#7031,.T.);
#7029 = VERTEX_POINT('',#7030);
#7030 = CARTESIAN_POINT('',(163.562075,-122.805447,1.585));
#7031 = LINE('',#7032,#7033);
#7032 = CARTESIAN_POINT('',(163.516381,-122.847746,1.585));
#7033 = VECTOR('',#7034,1.);
#7034 = DIRECTION('',(0.733842806817,0.679319317319,0.));
#7035 = ORIENTED_EDGE('',*,*,#7036,.T.);
#7036 = EDGE_CURVE('',#7029,#7037,#7039,.T.);
#7037 = VERTEX_POINT('',#7038);
#7038 = CARTESIAN_POINT('',(163.735457,-122.978825,1.585));
#7039 = CIRCLE('',#7040,0.125000079471);
#7040 = AXIS2_PLACEMENT_3D('',#7041,#7042,#7043);
#7041 = CARTESIAN_POINT('',(163.6315222483,-122.9093801495,1.585));
#7042 = DIRECTION('',(0.,0.,-1.));
#7043 = DIRECTION('',(-0.555577633183,0.831464667623,0.));
#7044 = ORIENTED_EDGE('',*,*,#7045,.T.);
#7045 = EDGE_CURVE('',#7037,#7046,#7048,.T.);
#7046 = VERTEX_POINT('',#7047);
#7047 = CARTESIAN_POINT('',(163.653351,-123.060933,1.585));
#7048 = LINE('',#7049,#7050);
#7049 = CARTESIAN_POINT('',(163.735457,-122.978825,1.585));
#7050 = VECTOR('',#7051,1.);
#7051 = DIRECTION('',(-0.707098169118,-0.70711539315,0.));
#7052 = ORIENTED_EDGE('',*,*,#7053,.T.);
#7053 = EDGE_CURVE('',#7046,#7054,#7056,.T.);
#7054 = VERTEX_POINT('',#7055);
#7055 = CARTESIAN_POINT('',(163.623432,-123.075586,1.585));
#7056 = LINE('',#7057,#7058);
#7057 = CARTESIAN_POINT('',(163.653351,-123.060933,1.585));
#7058 = VECTOR('',#7059,1.);
#7059 = DIRECTION('',(-0.898076984973,-0.439838298767,0.));
#7060 = ORIENTED_EDGE('',*,*,#7061,.T.);
#7061 = EDGE_CURVE('',#7054,#7062,#7064,.T.);
#7062 = VERTEX_POINT('',#7063);
#7063 = CARTESIAN_POINT('',(163.456681,-123.128637,1.585));
#7064 = LINE('',#7065,#7066);
#7065 = CARTESIAN_POINT('',(163.623432,-123.075586,1.585));
#7066 = VECTOR('',#7067,1.);
#7067 = DIRECTION('',(-0.95293591159,-0.303171813337,0.));
#7068 = ORIENTED_EDGE('',*,*,#7069,.T.);
#7069 = EDGE_CURVE('',#7062,#7070,#7072,.T.);
#7070 = VERTEX_POINT('',#7071);
#7071 = CARTESIAN_POINT('',(163.321423,-123.127217,1.585));
#7072 = LINE('',#7073,#7074);
#7073 = CARTESIAN_POINT('',(163.456681,-123.128637,1.585));
#7074 = VECTOR('',#7075,1.);
#7075 = DIRECTION('',(-0.999944895778,1.049787629568E-02,0.));
#7076 = ORIENTED_EDGE('',*,*,#7077,.T.);
#7077 = EDGE_CURVE('',#7070,#7078,#7080,.T.);
#7078 = VERTEX_POINT('',#7079);
#7079 = CARTESIAN_POINT('',(163.141049,-123.065595,1.585));
#7080 = LINE('',#7081,#7082);
#7081 = CARTESIAN_POINT('',(163.321423,-123.127217,1.585));
#7082 = VECTOR('',#7083,1.);
#7083 = DIRECTION('',(-0.946300305345,0.323288929757,0.));
#7084 = ORIENTED_EDGE('',*,*,#7085,.T.);
#7085 = EDGE_CURVE('',#7078,#7086,#7088,.T.);
#7086 = VERTEX_POINT('',#7087);
#7087 = CARTESIAN_POINT('',(163.114563,-123.045388,1.585));
#7088 = LINE('',#7089,#7090);
#7089 = CARTESIAN_POINT('',(163.141049,-123.065595,1.585));
#7090 = VECTOR('',#7091,1.);
#7091 = DIRECTION('',(-0.795038097574,0.606559497005,0.));
#7092 = ORIENTED_EDGE('',*,*,#7093,.T.);
#7093 = EDGE_CURVE('',#7086,#7094,#7096,.T.);
#7094 = VERTEX_POINT('',#7095);
#7095 = CARTESIAN_POINT('',(163.00378,-122.931207,1.585));
#7096 = LINE('',#7097,#7098);
#7097 = CARTESIAN_POINT('',(163.114563,-123.045388,1.585));
#7098 = VECTOR('',#7099,1.);
#7099 = DIRECTION('',(-0.69634675728,0.717705506197,0.));
#7100 = ORIENTED_EDGE('',*,*,#7101,.T.);
#7101 = EDGE_CURVE('',#7094,#7102,#7104,.T.);
#7102 = VERTEX_POINT('',#7103);
#7103 = CARTESIAN_POINT('',(162.938827,-122.79684,1.585));
#7104 = LINE('',#7105,#7106);
#7105 = CARTESIAN_POINT('',(163.00378,-122.931207,1.585));
#7106 = VECTOR('',#7107,1.);
#7107 = DIRECTION('',(-0.435217272822,0.900325455287,0.));
#7108 = ORIENTED_EDGE('',*,*,#7109,.T.);
#7109 = EDGE_CURVE('',#7102,#7110,#7112,.T.);
#7110 = VERTEX_POINT('',#7111);
#7111 = CARTESIAN_POINT('',(162.887895,-122.580301,1.585));
#7112 = LINE('',#7113,#7114);
#7113 = CARTESIAN_POINT('',(162.938827,-122.79684,1.585));
#7114 = VECTOR('',#7115,1.);
#7115 = DIRECTION('',(-0.228961156751,0.973435559603,0.));
#7116 = ORIENTED_EDGE('',*,*,#7117,.T.);
#7117 = EDGE_CURVE('',#7110,#7118,#7120,.T.);
#7118 = VERTEX_POINT('',#7119);
#7119 = CARTESIAN_POINT('',(162.890582,-122.407102,1.585));
#7120 = LINE('',#7121,#7122);
#7121 = CARTESIAN_POINT('',(162.887895,-122.580301,1.585));
#7122 = VECTOR('',#7123,1.);
#7123 = DIRECTION('',(1.551207975441E-02,0.999879680452,0.));
#7124 = ORIENTED_EDGE('',*,*,#7125,.T.);
#7125 = EDGE_CURVE('',#7118,#7126,#7128,.T.);
#7126 = VERTEX_POINT('',#7127);
#7127 = CARTESIAN_POINT('',(162.948292,-122.186812,1.585));
#7128 = LINE('',#7129,#7130);
#7129 = CARTESIAN_POINT('',(162.890582,-122.407102,1.585));
#7130 = VECTOR('',#7131,1.);
#7131 = DIRECTION('',(0.253421032379,0.96735607733,0.));
#7132 = ORIENTED_EDGE('',*,*,#7133,.T.);
#7133 = EDGE_CURVE('',#7126,#7134,#7136,.T.);
#7134 = VERTEX_POINT('',#7135);
#7135 = CARTESIAN_POINT('',(163.011459,-122.068673,1.585));
#7136 = LINE('',#7137,#7138);
#7137 = CARTESIAN_POINT('',(162.948292,-122.186812,1.585));
#7138 = VECTOR('',#7139,1.);
#7139 = DIRECTION('',(0.471515107308,0.881857983793,0.));
#7140 = ORIENTED_EDGE('',*,*,#7141,.T.);
#7141 = EDGE_CURVE('',#7134,#6911,#7142,.T.);
#7142 = LINE('',#7143,#7144);
#7143 = CARTESIAN_POINT('',(163.011459,-122.068673,1.585));
#7144 = VECTOR('',#7145,1.);
#7145 = DIRECTION('',(0.711987223775,0.702192418915,0.));
#7146 = PLANE('',#7147);
#7147 = AXIS2_PLACEMENT_3D('',#7148,#7149,#7150);
#7148 = CARTESIAN_POINT('',(0.,0.,1.585));
#7149 = DIRECTION('',(0.,0.,1.));
#7150 = DIRECTION('',(1.,0.,-0.));
#7151 = SHELL_BASED_SURFACE_MODEL('',(#7152));
#7152 = OPEN_SHELL('',(#7153));
#7153 = ADVANCED_FACE('',(#7154),#7190,.T.);
#7154 = FACE_BOUND('',#7155,.F.);
#7155 = EDGE_LOOP('',(#7156,#7167,#7175,#7184));
#7156 = ORIENTED_EDGE('',*,*,#7157,.T.);
#7157 = EDGE_CURVE('',#7158,#7160,#7162,.T.);
#7158 = VERTEX_POINT('',#7159);
#7159 = CARTESIAN_POINT('',(143.607022,-121.8288,1.585));
#7160 = VERTEX_POINT('',#7161);
#7161 = CARTESIAN_POINT('',(143.607022,-121.7088,1.585));
#7162 = CIRCLE('',#7163,6.000000000043E-02);
#7163 = AXIS2_PLACEMENT_3D('',#7164,#7165,#7166);
#7164 = CARTESIAN_POINT('',(143.60702177441,-121.7688,1.585));
#7165 = DIRECTION('',(0.,0.,-1.));
#7166 = DIRECTION('',(3.759793779989E-06,-0.999999999993,0.));
#7167 = ORIENTED_EDGE('',*,*,#7168,.T.);
#7168 = EDGE_CURVE('',#7160,#7169,#7171,.T.);
#7169 = VERTEX_POINT('',#7170);
#7170 = CARTESIAN_POINT('',(144.124178,-121.7088,1.585));
#7171 = LINE('',#7172,#7173);
#7172 = CARTESIAN_POINT('',(143.607022,-121.7088,1.585));
#7173 = VECTOR('',#7174,1.);
#7174 = DIRECTION('',(1.,0.,0.));
#7175 = ORIENTED_EDGE('',*,*,#7176,.T.);
#7176 = EDGE_CURVE('',#7169,#7177,#7179,.T.);
#7177 = VERTEX_POINT('',#7178);
#7178 = CARTESIAN_POINT('',(144.124178,-121.8288,1.585));
#7179 = CIRCLE('',#7180,6.000000000043E-02);
#7180 = AXIS2_PLACEMENT_3D('',#7181,#7182,#7183);
#7181 = CARTESIAN_POINT('',(144.12417822558,-121.7688,1.585));
#7182 = DIRECTION('',(0.,0.,-1.));
#7183 = DIRECTION('',(-3.759793779989E-06,0.999999999993,-0.));
#7184 = ORIENTED_EDGE('',*,*,#7185,.T.);
#7185 = EDGE_CURVE('',#7177,#7158,#7186,.T.);
#7186 = LINE('',#7187,#7188);
#7187 = CARTESIAN_POINT('',(144.124178,-121.8288,1.585));
#7188 = VECTOR('',#7189,1.);
#7189 = DIRECTION('',(-1.,0.,0.));
#7190 = PLANE('',#7191);
#7191 = AXIS2_PLACEMENT_3D('',#7192,#7193,#7194);
#7192 = CARTESIAN_POINT('',(0.,0.,1.585));
#7193 = DIRECTION('',(0.,0.,1.));
#7194 = DIRECTION('',(1.,0.,-0.));
#7195 = SHELL_BASED_SURFACE_MODEL('',(#7196));
#7196 = OPEN_SHELL('',(#7197));
#7197 = ADVANCED_FACE('',(#7198),#7234,.T.);
#7198 = FACE_BOUND('',#7199,.F.);
#7199 = EDGE_LOOP('',(#7200,#7211,#7219,#7228));
#7200 = ORIENTED_EDGE('',*,*,#7201,.T.);
#7201 = EDGE_CURVE('',#7202,#7204,#7206,.T.);
#7202 = VERTEX_POINT('',#7203);
#7203 = CARTESIAN_POINT('',(148.585422,-121.778,1.585));
#7204 = VERTEX_POINT('',#7205);
#7205 = CARTESIAN_POINT('',(148.585422,-121.658,1.585));
#7206 = CIRCLE('',#7207,6.000000000043E-02);
#7207 = AXIS2_PLACEMENT_3D('',#7208,#7209,#7210);
#7208 = CARTESIAN_POINT('',(148.58542177441,-121.718,1.585));
#7209 = DIRECTION('',(0.,0.,-1.));
#7210 = DIRECTION('',(3.759793779988E-06,-0.999999999993,0.));
#7211 = ORIENTED_EDGE('',*,*,#7212,.T.);
#7212 = EDGE_CURVE('',#7204,#7213,#7215,.T.);
#7213 = VERTEX_POINT('',#7214);
#7214 = CARTESIAN_POINT('',(149.102578,-121.658,1.585));
#7215 = LINE('',#7216,#7217);
#7216 = CARTESIAN_POINT('',(148.585422,-121.658,1.585));
#7217 = VECTOR('',#7218,1.);
#7218 = DIRECTION('',(1.,0.,0.));
#7219 = ORIENTED_EDGE('',*,*,#7220,.T.);
#7220 = EDGE_CURVE('',#7213,#7221,#7223,.T.);
#7221 = VERTEX_POINT('',#7222);
#7222 = CARTESIAN_POINT('',(149.102578,-121.778,1.585));
#7223 = CIRCLE('',#7224,6.000000000042E-02);
#7224 = AXIS2_PLACEMENT_3D('',#7225,#7226,#7227);
#7225 = CARTESIAN_POINT('',(149.10257822558,-121.718,1.585));
#7226 = DIRECTION('',(0.,0.,-1.));
#7227 = DIRECTION('',(-3.759794253684E-06,0.999999999993,-0.));
#7228 = ORIENTED_EDGE('',*,*,#7229,.T.);
#7229 = EDGE_CURVE('',#7221,#7202,#7230,.T.);
#7230 = LINE('',#7231,#7232);
#7231 = CARTESIAN_POINT('',(149.102578,-121.778,1.585));
#7232 = VECTOR('',#7233,1.);
#7233 = DIRECTION('',(-1.,0.,0.));
#7234 = PLANE('',#7235);
#7235 = AXIS2_PLACEMENT_3D('',#7236,#7237,#7238);
#7236 = CARTESIAN_POINT('',(0.,0.,1.585));
#7237 = DIRECTION('',(0.,0.,1.));
#7238 = DIRECTION('',(1.,0.,-0.));
#7239 = SHELL_BASED_SURFACE_MODEL('',(#7240));
#7240 = OPEN_SHELL('',(#7241));
#7241 = ADVANCED_FACE('',(#7242),#7278,.T.);
#7242 = FACE_BOUND('',#7243,.F.);
#7243 = EDGE_LOOP('',(#7244,#7255,#7263,#7272));
#7244 = ORIENTED_EDGE('',*,*,#7245,.T.);
#7245 = EDGE_CURVE('',#7246,#7248,#7250,.T.);
#7246 = VERTEX_POINT('',#7247);
#7247 = CARTESIAN_POINT('',(154.160088,-121.778,1.585));
#7248 = VERTEX_POINT('',#7249);
#7249 = CARTESIAN_POINT('',(154.160088,-121.658,1.585));
#7250 = CIRCLE('',#7251,6.000000000043E-02);
#7251 = AXIS2_PLACEMENT_3D('',#7252,#7253,#7254);
#7252 = CARTESIAN_POINT('',(154.16008777441,-121.718,1.585));
#7253 = DIRECTION('',(0.,0.,-1.));
#7254 = DIRECTION('',(3.759793779988E-06,-0.999999999993,0.));
#7255 = ORIENTED_EDGE('',*,*,#7256,.T.);
#7256 = EDGE_CURVE('',#7248,#7257,#7259,.T.);
#7257 = VERTEX_POINT('',#7258);
#7258 = CARTESIAN_POINT('',(154.677244,-121.658,1.585));
#7259 = LINE('',#7260,#7261);
#7260 = CARTESIAN_POINT('',(154.160088,-121.658,1.585));
#7261 = VECTOR('',#7262,1.);
#7262 = DIRECTION('',(1.,0.,0.));
#7263 = ORIENTED_EDGE('',*,*,#7264,.T.);
#7264 = EDGE_CURVE('',#7257,#7265,#7267,.T.);
#7265 = VERTEX_POINT('',#7266);
#7266 = CARTESIAN_POINT('',(154.677244,-121.778,1.585));
#7267 = CIRCLE('',#7268,6.000000000042E-02);
#7268 = AXIS2_PLACEMENT_3D('',#7269,#7270,#7271);
#7269 = CARTESIAN_POINT('',(154.67724422558,-121.718,1.585));
#7270 = DIRECTION('',(0.,0.,-1.));
#7271 = DIRECTION('',(-3.759794253684E-06,0.999999999993,-0.));
#7272 = ORIENTED_EDGE('',*,*,#7273,.T.);
#7273 = EDGE_CURVE('',#7265,#7246,#7274,.T.);
#7274 = LINE('',#7275,#7276);
#7275 = CARTESIAN_POINT('',(154.677244,-121.778,1.585));
#7276 = VECTOR('',#7277,1.);
#7277 = DIRECTION('',(-1.,0.,0.));
#7278 = PLANE('',#7279);
#7279 = AXIS2_PLACEMENT_3D('',#7280,#7281,#7282);
#7280 = CARTESIAN_POINT('',(0.,0.,1.585));
#7281 = DIRECTION('',(0.,0.,1.));
#7282 = DIRECTION('',(1.,0.,-0.));
#7283 = SHELL_BASED_SURFACE_MODEL('',(#7284));
#7284 = OPEN_SHELL('',(#7285));
#7285 = ADVANCED_FACE('',(#7286),#7322,.T.);
#7286 = FACE_BOUND('',#7287,.F.);
#7287 = EDGE_LOOP('',(#7288,#7299,#7307,#7316));
#7288 = ORIENTED_EDGE('',*,*,#7289,.T.);
#7289 = EDGE_CURVE('',#7290,#7292,#7294,.T.);
#7290 = VERTEX_POINT('',#7291);
#7291 = CARTESIAN_POINT('',(159.734754,-121.778,1.585));
#7292 = VERTEX_POINT('',#7293);
#7293 = CARTESIAN_POINT('',(159.734754,-121.658,1.585));
#7294 = CIRCLE('',#7295,6.000000000043E-02);
#7295 = AXIS2_PLACEMENT_3D('',#7296,#7297,#7298);
#7296 = CARTESIAN_POINT('',(159.73475377441,-121.718,1.585));
#7297 = DIRECTION('',(0.,0.,-1.));
#7298 = DIRECTION('',(3.759794253683E-06,-0.999999999993,0.));
#7299 = ORIENTED_EDGE('',*,*,#7300,.T.);
#7300 = EDGE_CURVE('',#7292,#7301,#7303,.T.);
#7301 = VERTEX_POINT('',#7302);
#7302 = CARTESIAN_POINT('',(160.25191,-121.658,1.585));
#7303 = LINE('',#7304,#7305);
#7304 = CARTESIAN_POINT('',(159.734754,-121.658,1.585));
#7305 = VECTOR('',#7306,1.);
#7306 = DIRECTION('',(1.,0.,0.));
#7307 = ORIENTED_EDGE('',*,*,#7308,.T.);
#7308 = EDGE_CURVE('',#7301,#7309,#7311,.T.);
#7309 = VERTEX_POINT('',#7310);
#7310 = CARTESIAN_POINT('',(160.25191,-121.778,1.585));
#7311 = CIRCLE('',#7312,6.000000000042E-02);
#7312 = AXIS2_PLACEMENT_3D('',#7313,#7314,#7315);
#7313 = CARTESIAN_POINT('',(160.25191022558,-121.718,1.585));
#7314 = DIRECTION('',(0.,0.,-1.));
#7315 = DIRECTION('',(-3.759794253684E-06,0.999999999993,-0.));
#7316 = ORIENTED_EDGE('',*,*,#7317,.T.);
#7317 = EDGE_CURVE('',#7309,#7290,#7318,.T.);
#7318 = LINE('',#7319,#7320);
#7319 = CARTESIAN_POINT('',(160.25191,-121.778,1.585));
#7320 = VECTOR('',#7321,1.);
#7321 = DIRECTION('',(-1.,0.,0.));
#7322 = PLANE('',#7323);
#7323 = AXIS2_PLACEMENT_3D('',#7324,#7325,#7326);
#7324 = CARTESIAN_POINT('',(0.,0.,1.585));
#7325 = DIRECTION('',(0.,0.,1.));
#7326 = DIRECTION('',(1.,0.,-0.));
#7327 = SHELL_BASED_SURFACE_MODEL('',(#7328));
#7328 = OPEN_SHELL('',(#7329));
#7329 = ADVANCED_FACE('',(#7330,#7441),#7493,.T.);
#7330 = FACE_BOUND('',#7331,.F.);
#7331 = EDGE_LOOP('',(#7332,#7343,#7351,#7360,#7368,#7377,#7385,#7393,
    #7402,#7410,#7418,#7426,#7435));
#7332 = ORIENTED_EDGE('',*,*,#7333,.T.);
#7333 = EDGE_CURVE('',#7334,#7336,#7338,.T.);
#7334 = VERTEX_POINT('',#7335);
#7335 = CARTESIAN_POINT('',(143.053946,-120.268987,1.585));
#7336 = VERTEX_POINT('',#7337);
#7337 = CARTESIAN_POINT('',(143.127505,-120.208619,1.585));
#7338 = CIRCLE('',#7339,7.500074938989E-02);
#7339 = AXIS2_PLACEMENT_3D('',#7340,#7341,#7342);
#7340 = CARTESIAN_POINT('',(143.12750546611,-120.2836197493,1.585));
#7341 = DIRECTION('',(0.,0.,-1.));
#7342 = DIRECTION('',(-0.980783081614,0.195101375753,0.));
#7343 = ORIENTED_EDGE('',*,*,#7344,.T.);
#7344 = EDGE_CURVE('',#7336,#7345,#7347,.T.);
#7345 = VERTEX_POINT('',#7346);
#7346 = CARTESIAN_POINT('',(143.523089,-120.21006,1.585));
#7347 = LINE('',#7348,#7349);
#7348 = CARTESIAN_POINT('',(143.127505,-120.208619,1.585));
#7349 = VECTOR('',#7350,1.);
#7350 = DIRECTION('',(0.999993365378,-3.642691411961E-03,0.));
#7351 = ORIENTED_EDGE('',*,*,#7352,.T.);
#7352 = EDGE_CURVE('',#7345,#7353,#7355,.T.);
#7353 = VERTEX_POINT('',#7354);
#7354 = CARTESIAN_POINT('',(143.772492,-120.459463,1.585));
#7355 = CIRCLE('',#7356,0.347870264855);
#7356 = AXIS2_PLACEMENT_3D('',#7357,#7358,#7359);
#7357 = CARTESIAN_POINT('',(143.43576126502,-120.5467907349,1.585));
#7358 = DIRECTION('',(0.,0.,-1.));
#7359 = DIRECTION('',(0.251035353678,0.967977918758,0.));
#7360 = ORIENTED_EDGE('',*,*,#7361,.T.);
#7361 = EDGE_CURVE('',#7353,#7362,#7364,.T.);
#7362 = VERTEX_POINT('',#7363);
#7363 = CARTESIAN_POINT('',(143.77127,-120.636762,1.585));
#7364 = LINE('',#7365,#7366);
#7365 = CARTESIAN_POINT('',(143.772492,-120.459463,1.585));
#7366 = VECTOR('',#7367,1.);
#7367 = DIRECTION('',(-6.892148157212E-03,-0.999976248865,0.));
#7368 = ORIENTED_EDGE('',*,*,#7369,.T.);
#7369 = EDGE_CURVE('',#7362,#7370,#7372,.T.);
#7370 = VERTEX_POINT('',#7371);
#7371 = CARTESIAN_POINT('',(143.523089,-120.880987,1.585));
#7372 = CIRCLE('',#7373,0.348632345848);
#7373 = AXIS2_PLACEMENT_3D('',#7374,#7375,#7376);
#7374 = CARTESIAN_POINT('',(143.43532019403,-120.5435834593,1.585));
#7375 = DIRECTION('',(0.,0.,-1.));
#7376 = DIRECTION('',(0.963622021775,-0.267268776985,0.));
#7377 = ORIENTED_EDGE('',*,*,#7378,.T.);
#7378 = EDGE_CURVE('',#7370,#7379,#7381,.T.);
#7379 = VERTEX_POINT('',#7380);
#7380 = CARTESIAN_POINT('',(143.509572,-120.882318,1.585));
#7381 = LINE('',#7382,#7383);
#7382 = CARTESIAN_POINT('',(143.523089,-120.880987,1.585));
#7383 = VECTOR('',#7384,1.);
#7384 = DIRECTION('',(-0.995186940545,-9.799465989924E-02,0.));
#7385 = ORIENTED_EDGE('',*,*,#7386,.T.);
#7386 = EDGE_CURVE('',#7379,#7387,#7389,.T.);
#7387 = VERTEX_POINT('',#7388);
#7388 = CARTESIAN_POINT('',(143.767586,-121.253423,1.585));
#7389 = LINE('',#7390,#7391);
#7390 = CARTESIAN_POINT('',(143.509572,-120.882318,1.585));
#7391 = VECTOR('',#7392,1.);
#7392 = DIRECTION('',(0.570846789809,-0.821056601316,0.));
#7393 = ORIENTED_EDGE('',*,*,#7394,.T.);
#7394 = EDGE_CURVE('',#7387,#7395,#7397,.T.);
#7395 = VERTEX_POINT('',#7396);
#7396 = CARTESIAN_POINT('',(143.637491,-121.326629,1.585));
#7397 = CIRCLE('',#7398,7.500005951702E-02);
#7398 = AXIS2_PLACEMENT_3D('',#7399,#7400,#7401);
#7399 = CARTESIAN_POINT('',(143.69893306294,-121.2836187473,1.585));
#7400 = DIRECTION('',(0.,0.,-1.));
#7401 = DIRECTION('',(0.915371767707,0.402609645791,0.));
#7402 = ORIENTED_EDGE('',*,*,#7403,.T.);
#7403 = EDGE_CURVE('',#7395,#7404,#7406,.T.);
#7404 = VERTEX_POINT('',#7405);
#7405 = CARTESIAN_POINT('',(143.326551,-120.882428,1.585));
#7406 = LINE('',#7407,#7408);
#7407 = CARTESIAN_POINT('',(143.637491,-121.326629,1.585));
#7408 = VECTOR('',#7409,1.);
#7409 = DIRECTION('',(-0.573461477921,0.819232527028,0.));
#7410 = ORIENTED_EDGE('',*,*,#7411,.T.);
#7411 = EDGE_CURVE('',#7404,#7412,#7414,.T.);
#7412 = VERTEX_POINT('',#7413);
#7413 = CARTESIAN_POINT('',(143.202505,-120.882428,1.585));
#7414 = LINE('',#7415,#7416);
#7415 = CARTESIAN_POINT('',(143.326551,-120.882428,1.585));
#7416 = VECTOR('',#7417,1.);
#7417 = DIRECTION('',(-1.,0.,0.));
#7418 = ORIENTED_EDGE('',*,*,#7419,.T.);
#7419 = EDGE_CURVE('',#7412,#7420,#7422,.T.);
#7420 = VERTEX_POINT('',#7421);
#7421 = CARTESIAN_POINT('',(143.201064,-121.298251,1.585));
#7422 = LINE('',#7423,#7424);
#7423 = CARTESIAN_POINT('',(143.202505,-120.882428,1.585));
#7424 = VECTOR('',#7425,1.);
#7425 = DIRECTION('',(-3.465395967783E-03,-0.999993995497,0.));
#7426 = ORIENTED_EDGE('',*,*,#7427,.T.);
#7427 = EDGE_CURVE('',#7420,#7428,#7430,.T.);
#7428 = VERTEX_POINT('',#7429);
#7429 = CARTESIAN_POINT('',(143.052505,-121.283619,1.585));
#7430 = CIRCLE('',#7431,7.500006711464E-02);
#7431 = AXIS2_PLACEMENT_3D('',#7432,#7433,#7434);
#7432 = CARTESIAN_POINT('',(143.12750506711,-121.2836190671,1.585));
#7433 = DIRECTION('',(-0.,0.,-1.));
#7434 = DIRECTION('',(0.980784894138,-0.195092263891,-0.));
#7435 = ORIENTED_EDGE('',*,*,#7436,.T.);
#7436 = EDGE_CURVE('',#7428,#7334,#7437,.T.);
#7437 = LINE('',#7438,#7439);
#7438 = CARTESIAN_POINT('',(143.052505,-121.283619,1.585));
#7439 = VECTOR('',#7440,1.);
#7440 = DIRECTION('',(1.420217918158E-03,0.99999899149,0.));
#7441 = FACE_BOUND('',#7442,.F.);
#7442 = EDGE_LOOP('',(#7443,#7454,#7462,#7470,#7478,#7487));
#7443 = ORIENTED_EDGE('',*,*,#7444,.T.);
#7444 = EDGE_CURVE('',#7445,#7447,#7449,.T.);
#7445 = VERTEX_POINT('',#7446);
#7446 = CARTESIAN_POINT('',(143.623933,-120.4918,1.585));
#7447 = VERTEX_POINT('',#7448);
#7448 = CARTESIAN_POINT('',(143.490752,-120.358619,1.585));
#7449 = CIRCLE('',#7450,0.18686440374);
#7450 = AXIS2_PLACEMENT_3D('',#7451,#7452,#7453);
#7451 = CARTESIAN_POINT('',(143.443216,-120.539336,1.585));
#7452 = DIRECTION('',(0.,0.,1.));
#7453 = DIRECTION('',(0.967102328658,0.254387668537,-0.));
#7454 = ORIENTED_EDGE('',*,*,#7455,.T.);
#7455 = EDGE_CURVE('',#7447,#7456,#7458,.T.);
#7456 = VERTEX_POINT('',#7457);
#7457 = CARTESIAN_POINT('',(143.202505,-120.358619,1.585));
#7458 = LINE('',#7459,#7460);
#7459 = CARTESIAN_POINT('',(143.490752,-120.358619,1.585));
#7460 = VECTOR('',#7461,1.);
#7461 = DIRECTION('',(-1.,0.,0.));
#7462 = ORIENTED_EDGE('',*,*,#7463,.T.);
#7463 = EDGE_CURVE('',#7456,#7464,#7466,.T.);
#7464 = VERTEX_POINT('',#7465);
#7465 = CARTESIAN_POINT('',(143.202505,-120.732428,1.585));
#7466 = LINE('',#7467,#7468);
#7467 = CARTESIAN_POINT('',(143.202505,-120.358619,1.585));
#7468 = VECTOR('',#7469,1.);
#7469 = DIRECTION('',(0.,-1.,0.));
#7470 = ORIENTED_EDGE('',*,*,#7471,.T.);
#7471 = EDGE_CURVE('',#7464,#7472,#7474,.T.);
#7472 = VERTEX_POINT('',#7473);
#7473 = CARTESIAN_POINT('',(143.490752,-120.732428,1.585));
#7474 = LINE('',#7475,#7476);
#7475 = CARTESIAN_POINT('',(143.202505,-120.732428,1.585));
#7476 = VECTOR('',#7477,1.);
#7477 = DIRECTION('',(1.,0.,0.));
#7478 = ORIENTED_EDGE('',*,*,#7479,.T.);
#7479 = EDGE_CURVE('',#7472,#7480,#7482,.T.);
#7480 = VERTEX_POINT('',#7481);
#7481 = CARTESIAN_POINT('',(143.623933,-120.599247,1.585));
#7482 = CIRCLE('',#7483,0.18686440374);
#7483 = AXIS2_PLACEMENT_3D('',#7484,#7485,#7486);
#7484 = CARTESIAN_POINT('',(143.443216,-120.551711,1.585));
#7485 = DIRECTION('',(0.,0.,1.));
#7486 = DIRECTION('',(0.254387668537,-0.967102328658,0.));
#7487 = ORIENTED_EDGE('',*,*,#7488,.T.);
#7488 = EDGE_CURVE('',#7480,#7445,#7489,.T.);
#7489 = LINE('',#7490,#7491);
#7490 = CARTESIAN_POINT('',(143.623933,-120.599247,1.585));
#7491 = VECTOR('',#7492,1.);
#7492 = DIRECTION('',(0.,1.,0.));
#7493 = PLANE('',#7494);
#7494 = AXIS2_PLACEMENT_3D('',#7495,#7496,#7497);
#7495 = CARTESIAN_POINT('',(0.,0.,1.585));
#7496 = DIRECTION('',(0.,0.,1.));
#7497 = DIRECTION('',(1.,0.,-0.));
#7498 = SHELL_BASED_SURFACE_MODEL('',(#7499));
#7499 = OPEN_SHELL('',(#7500));
#7500 = ADVANCED_FACE('',(#7501),#7636,.T.);
#7501 = FACE_BOUND('',#7502,.F.);
#7502 = EDGE_LOOP('',(#7503,#7514,#7522,#7530,#7538,#7547,#7555,#7563,
    #7572,#7580,#7588,#7597,#7605,#7613,#7622,#7630));
#7503 = ORIENTED_EDGE('',*,*,#7504,.T.);
#7504 = EDGE_CURVE('',#7505,#7507,#7509,.T.);
#7505 = VERTEX_POINT('',#7506);
#7506 = CARTESIAN_POINT('',(144.271998,-120.176751,1.585));
#7507 = VERTEX_POINT('',#7508);
#7508 = CARTESIAN_POINT('',(144.389132,-120.259718,1.585));
#7509 = CIRCLE('',#7510,7.499955990671E-02);
#7510 = AXIS2_PLACEMENT_3D('',#7511,#7512,#7513);
#7511 = CARTESIAN_POINT('',(144.31798150095,-120.2360000643,1.585));
#7512 = DIRECTION('',(0.,0.,-1.));
#7513 = DIRECTION('',(-0.613116943749,0.78999216027,0.));
#7514 = ORIENTED_EDGE('',*,*,#7515,.T.);
#7515 = EDGE_CURVE('',#7507,#7516,#7518,.T.);
#7516 = VERTEX_POINT('',#7517);
#7517 = CARTESIAN_POINT('',(144.183943,-120.875285,1.585));
#7518 = LINE('',#7519,#7520);
#7519 = CARTESIAN_POINT('',(144.389132,-120.259718,1.585));
#7520 = VECTOR('',#7521,1.);
#7521 = DIRECTION('',(-0.316227766017,-0.948683298051,0.));
#7522 = ORIENTED_EDGE('',*,*,#7523,.T.);
#7523 = EDGE_CURVE('',#7516,#7524,#7526,.T.);
#7524 = VERTEX_POINT('',#7525);
#7525 = CARTESIAN_POINT('',(144.481076,-120.875285,1.585));
#7526 = LINE('',#7527,#7528);
#7527 = CARTESIAN_POINT('',(144.183943,-120.875285,1.585));
#7528 = VECTOR('',#7529,1.);
#7529 = DIRECTION('',(1.,0.,0.));
#7530 = ORIENTED_EDGE('',*,*,#7531,.T.);
#7531 = EDGE_CURVE('',#7524,#7532,#7534,.T.);
#7532 = VERTEX_POINT('',#7533);
#7533 = CARTESIAN_POINT('',(144.482517,-120.60232,1.585));
#7534 = LINE('',#7535,#7536);
#7535 = CARTESIAN_POINT('',(144.481076,-120.875285,1.585));
#7536 = VECTOR('',#7537,1.);
#7537 = DIRECTION('',(5.278991523254E-03,0.999986066027,0.));
#7538 = ORIENTED_EDGE('',*,*,#7539,.T.);
#7539 = EDGE_CURVE('',#7532,#7540,#7542,.T.);
#7540 = VERTEX_POINT('',#7541);
#7541 = CARTESIAN_POINT('',(144.631076,-120.616952,1.585));
#7542 = CIRCLE('',#7543,7.500006711464E-02);
#7543 = AXIS2_PLACEMENT_3D('',#7544,#7545,#7546);
#7544 = CARTESIAN_POINT('',(144.55607593288,-120.6169519328,1.585));
#7545 = DIRECTION('',(0.,0.,-1.));
#7546 = DIRECTION('',(-0.980784894138,0.195092263891,0.));
#7547 = ORIENTED_EDGE('',*,*,#7548,.T.);
#7548 = EDGE_CURVE('',#7540,#7549,#7551,.T.);
#7549 = VERTEX_POINT('',#7550);
#7550 = CARTESIAN_POINT('',(144.631076,-120.875285,1.585));
#7551 = LINE('',#7552,#7553);
#7552 = CARTESIAN_POINT('',(144.631076,-120.616952,1.585));
#7553 = VECTOR('',#7554,1.);
#7554 = DIRECTION('',(0.,-1.,0.));
#7555 = ORIENTED_EDGE('',*,*,#7556,.T.);
#7556 = EDGE_CURVE('',#7549,#7557,#7559,.T.);
#7557 = VERTEX_POINT('',#7558);
#7558 = CARTESIAN_POINT('',(144.713565,-120.876726,1.585));
#7559 = LINE('',#7560,#7561);
#7560 = CARTESIAN_POINT('',(144.631076,-120.875285,1.585));
#7561 = VECTOR('',#7562,1.);
#7562 = DIRECTION('',(0.999847452005,-1.746633100583E-02,0.));
#7563 = ORIENTED_EDGE('',*,*,#7564,.T.);
#7564 = EDGE_CURVE('',#7557,#7565,#7567,.T.);
#7565 = VERTEX_POINT('',#7566);
#7566 = CARTESIAN_POINT('',(144.698933,-121.025285,1.585));
#7567 = CIRCLE('',#7568,7.500006711463E-02);
#7568 = AXIS2_PLACEMENT_3D('',#7569,#7570,#7571);
#7569 = CARTESIAN_POINT('',(144.69893306711,-120.9502849328,1.585));
#7570 = DIRECTION('',(0.,0.,-1.));
#7571 = DIRECTION('',(0.195092263891,0.980784894138,0.));
#7572 = ORIENTED_EDGE('',*,*,#7573,.T.);
#7573 = EDGE_CURVE('',#7565,#7574,#7576,.T.);
#7574 = VERTEX_POINT('',#7575);
#7575 = CARTESIAN_POINT('',(144.631076,-121.025285,1.585));
#7576 = LINE('',#7577,#7578);
#7577 = CARTESIAN_POINT('',(144.698933,-121.025285,1.585));
#7578 = VECTOR('',#7579,1.);
#7579 = DIRECTION('',(-1.,0.,0.));
#7580 = ORIENTED_EDGE('',*,*,#7581,.T.);
#7581 = EDGE_CURVE('',#7574,#7582,#7584,.T.);
#7582 = VERTEX_POINT('',#7583);
#7583 = CARTESIAN_POINT('',(144.629635,-121.298251,1.585));
#7584 = LINE('',#7585,#7586);
#7585 = CARTESIAN_POINT('',(144.631076,-121.025285,1.585));
#7586 = VECTOR('',#7587,1.);
#7587 = DIRECTION('',(-5.278972184419E-03,-0.999986066129,0.));
#7588 = ORIENTED_EDGE('',*,*,#7589,.T.);
#7589 = EDGE_CURVE('',#7582,#7590,#7592,.T.);
#7590 = VERTEX_POINT('',#7591);
#7591 = CARTESIAN_POINT('',(144.481076,-121.283619,1.585));
#7592 = CIRCLE('',#7593,7.500006711464E-02);
#7593 = AXIS2_PLACEMENT_3D('',#7594,#7595,#7596);
#7594 = CARTESIAN_POINT('',(144.55607606711,-121.2836190671,1.585));
#7595 = DIRECTION('',(-0.,0.,-1.));
#7596 = DIRECTION('',(0.980784894138,-0.195092263891,-0.));
#7597 = ORIENTED_EDGE('',*,*,#7598,.T.);
#7598 = EDGE_CURVE('',#7590,#7599,#7601,.T.);
#7599 = VERTEX_POINT('',#7600);
#7600 = CARTESIAN_POINT('',(144.481076,-121.025285,1.585));
#7601 = LINE('',#7602,#7603);
#7602 = CARTESIAN_POINT('',(144.481076,-121.283619,1.585));
#7603 = VECTOR('',#7604,1.);
#7604 = DIRECTION('',(0.,1.,0.));
#7605 = ORIENTED_EDGE('',*,*,#7606,.T.);
#7606 = EDGE_CURVE('',#7599,#7607,#7609,.T.);
#7607 = VERTEX_POINT('',#7608);
#7608 = CARTESIAN_POINT('',(144.065254,-121.023844,1.585));
#7609 = LINE('',#7610,#7611);
#7610 = CARTESIAN_POINT('',(144.481076,-121.025285,1.585));
#7611 = VECTOR('',#7612,1.);
#7612 = DIRECTION('',(-0.999993995468,3.465404301528E-03,0.));
#7613 = ORIENTED_EDGE('',*,*,#7614,.T.);
#7614 = EDGE_CURVE('',#7607,#7615,#7617,.T.);
#7615 = VERTEX_POINT('',#7616);
#7616 = CARTESIAN_POINT('',(144.008735,-120.926568,1.585));
#7617 = CIRCLE('',#7618,7.499997045039E-02);
#7618 = AXIS2_PLACEMENT_3D('',#7619,#7620,#7621);
#7619 = CARTESIAN_POINT('',(144.07988617257,-120.9502852133,1.585));
#7620 = DIRECTION('',(0.,0.,-1.));
#7621 = DIRECTION('',(-0.195095711168,-0.980784208419,-0.));
#7622 = ORIENTED_EDGE('',*,*,#7623,.T.);
#7623 = EDGE_CURVE('',#7615,#7624,#7626,.T.);
#7624 = VERTEX_POINT('',#7625);
#7625 = CARTESIAN_POINT('',(144.252824,-120.198858,1.585));
#7626 = LINE('',#7627,#7628);
#7627 = CARTESIAN_POINT('',(144.008735,-120.926568,1.585));
#7628 = VECTOR('',#7629,1.);
#7629 = DIRECTION('',(0.318008317924,0.948087922996,0.));
#7630 = ORIENTED_EDGE('',*,*,#7631,.T.);
#7631 = EDGE_CURVE('',#7624,#7505,#7632,.T.);
#7632 = LINE('',#7633,#7634);
#7633 = CARTESIAN_POINT('',(144.252824,-120.198858,1.585));
#7634 = VECTOR('',#7635,1.);
#7635 = DIRECTION('',(0.65521540373,0.755442105469,0.));
#7636 = PLANE('',#7637);
#7637 = AXIS2_PLACEMENT_3D('',#7638,#7639,#7640);
#7638 = CARTESIAN_POINT('',(0.,0.,1.585));
#7639 = DIRECTION('',(0.,0.,1.));
#7640 = DIRECTION('',(1.,0.,-0.));
#7641 = SHELL_BASED_SURFACE_MODEL('',(#7642));
#7642 = OPEN_SHELL('',(#7643));
#7643 = ADVANCED_FACE('',(#7644),#7778,.T.);
#7644 = FACE_BOUND('',#7645,.F.);
#7645 = EDGE_LOOP('',(#7646,#7656,#7664,#7673,#7681,#7689,#7698,#7706,
    #7715,#7723,#7731,#7739,#7747,#7756,#7764,#7772));
#7646 = ORIENTED_EDGE('',*,*,#7647,.T.);
#7647 = EDGE_CURVE('',#7648,#7650,#7652,.T.);
#7648 = VERTEX_POINT('',#7649);
#7649 = CARTESIAN_POINT('',(149.290912,-120.179841,1.585));
#7650 = VERTEX_POINT('',#7651);
#7651 = CARTESIAN_POINT('',(149.329368,-120.15926,1.585));
#7652 = LINE('',#7653,#7654);
#7653 = CARTESIAN_POINT('',(149.290912,-120.179841,1.585));
#7654 = VECTOR('',#7655,1.);
#7655 = DIRECTION('',(0.881674852639,0.471857451169,0.));
#7656 = ORIENTED_EDGE('',*,*,#7657,.T.);
#7657 = EDGE_CURVE('',#7650,#7658,#7660,.T.);
#7658 = VERTEX_POINT('',#7659);
#7659 = CARTESIAN_POINT('',(149.351205,-120.15926,1.585));
#7660 = LINE('',#7661,#7662);
#7661 = CARTESIAN_POINT('',(149.329368,-120.15926,1.585));
#7662 = VECTOR('',#7663,1.);
#7663 = DIRECTION('',(1.,0.,0.));
#7664 = ORIENTED_EDGE('',*,*,#7665,.T.);
#7665 = EDGE_CURVE('',#7658,#7666,#7668,.T.);
#7666 = VERTEX_POINT('',#7667);
#7667 = CARTESIAN_POINT('',(149.419,-120.232819,1.585));
#7668 = CIRCLE('',#7669,7.216898094224E-02);
#7669 = AXIS2_PLACEMENT_3D('',#7670,#7671,#7672);
#7670 = CARTESIAN_POINT('',(149.34684706389,-120.2312972834,1.585));
#7671 = DIRECTION('',(0.,0.,-1.));
#7672 = DIRECTION('',(6.03851689519E-02,0.998175150648,0.));
#7673 = ORIENTED_EDGE('',*,*,#7674,.T.);
#7674 = EDGE_CURVE('',#7666,#7675,#7677,.T.);
#7675 = VERTEX_POINT('',#7676);
#7676 = CARTESIAN_POINT('',(149.419,-121.157819,1.585));
#7677 = LINE('',#7678,#7679);
#7678 = CARTESIAN_POINT('',(149.419,-120.232819,1.585));
#7679 = VECTOR('',#7680,1.);
#7680 = DIRECTION('',(0.,-1.,0.));
#7681 = ORIENTED_EDGE('',*,*,#7682,.T.);
#7682 = EDGE_CURVE('',#7675,#7683,#7685,.T.);
#7683 = VERTEX_POINT('',#7684);
#7684 = CARTESIAN_POINT('',(149.644346,-121.15926,1.585));
#7685 = LINE('',#7686,#7687);
#7686 = CARTESIAN_POINT('',(149.419,-121.157819,1.585));
#7687 = VECTOR('',#7688,1.);
#7688 = DIRECTION('',(0.999979555102,-6.394480216655E-03,0.));
#7689 = ORIENTED_EDGE('',*,*,#7690,.T.);
#7690 = EDGE_CURVE('',#7683,#7691,#7693,.T.);
#7691 = VERTEX_POINT('',#7692);
#7692 = CARTESIAN_POINT('',(149.629714,-121.307819,1.585));
#7693 = CIRCLE('',#7694,7.500006711464E-02);
#7694 = AXIS2_PLACEMENT_3D('',#7695,#7696,#7697);
#7695 = CARTESIAN_POINT('',(149.62971406711,-121.2328189328,1.585));
#7696 = DIRECTION('',(0.,0.,-1.));
#7697 = DIRECTION('',(0.195092263891,0.980784894138,0.));
#7698 = ORIENTED_EDGE('',*,*,#7699,.T.);
#7699 = EDGE_CURVE('',#7691,#7700,#7702,.T.);
#7700 = VERTEX_POINT('',#7701);
#7701 = CARTESIAN_POINT('',(149.043654,-121.306378,1.585));
#7702 = LINE('',#7703,#7704);
#7703 = CARTESIAN_POINT('',(149.629714,-121.307819,1.585));
#7704 = VECTOR('',#7705,1.);
#7705 = DIRECTION('',(-0.999996977183,2.45878518261E-03,0.));
#7706 = ORIENTED_EDGE('',*,*,#7707,.T.);
#7707 = EDGE_CURVE('',#7700,#7708,#7710,.T.);
#7708 = VERTEX_POINT('',#7709);
#7709 = CARTESIAN_POINT('',(149.058286,-121.157819,1.585));
#7710 = CIRCLE('',#7711,7.500006711462E-02);
#7711 = AXIS2_PLACEMENT_3D('',#7712,#7713,#7714);
#7712 = CARTESIAN_POINT('',(149.05828593288,-121.2328190671,1.585));
#7713 = DIRECTION('',(0.,0.,-1.));
#7714 = DIRECTION('',(-0.195092263891,-0.980784894138,-0.));
#7715 = ORIENTED_EDGE('',*,*,#7716,.T.);
#7716 = EDGE_CURVE('',#7708,#7717,#7719,.T.);
#7717 = VERTEX_POINT('',#7718);
#7718 = CARTESIAN_POINT('',(149.269,-121.157819,1.585));
#7719 = LINE('',#7720,#7721);
#7720 = CARTESIAN_POINT('',(149.058286,-121.157819,1.585));
#7721 = VECTOR('',#7722,1.);
#7722 = DIRECTION('',(1.,0.,0.));
#7723 = ORIENTED_EDGE('',*,*,#7724,.T.);
#7724 = EDGE_CURVE('',#7717,#7725,#7727,.T.);
#7725 = VERTEX_POINT('',#7726);
#7726 = CARTESIAN_POINT('',(149.269,-120.461504,1.585));
#7727 = LINE('',#7728,#7729);
#7728 = CARTESIAN_POINT('',(149.269,-121.157819,1.585));
#7729 = VECTOR('',#7730,1.);
#7730 = DIRECTION('',(0.,1.,0.));
#7731 = ORIENTED_EDGE('',*,*,#7732,.T.);
#7732 = EDGE_CURVE('',#7725,#7733,#7735,.T.);
#7733 = VERTEX_POINT('',#7734);
#7734 = CARTESIAN_POINT('',(149.193364,-120.534031,1.585));
#7735 = LINE('',#7736,#7737);
#7736 = CARTESIAN_POINT('',(149.269,-120.461504,1.585));
#7737 = VECTOR('',#7738,1.);
#7738 = DIRECTION('',(-0.721785571396,-0.692116745156,0.));
#7739 = ORIENTED_EDGE('',*,*,#7740,.T.);
#7740 = EDGE_CURVE('',#7733,#7741,#7743,.T.);
#7741 = VERTEX_POINT('',#7742);
#7742 = CARTESIAN_POINT('',(149.078095,-120.59087,1.585));
#7743 = LINE('',#7744,#7745);
#7744 = CARTESIAN_POINT('',(149.193364,-120.534031,1.585));
#7745 = VECTOR('',#7746,1.);
#7746 = DIRECTION('',(-0.896889346494,-0.442255017094,0.));
#7747 = ORIENTED_EDGE('',*,*,#7748,.T.);
#7748 = EDGE_CURVE('',#7741,#7749,#7751,.T.);
#7749 = VERTEX_POINT('',#7750);
#7750 = CARTESIAN_POINT('',(149.024745,-120.451451,1.585));
#7751 = CIRCLE('',#7752,7.500005272362E-02);
#7752 = AXIS2_PLACEMENT_3D('',#7753,#7754,#7755);
#7753 = CARTESIAN_POINT('',(149.05828555676,-120.5185333297,1.585));
#7754 = DIRECTION('',(0.,0.,-1.));
#7755 = DIRECTION('',(0.264125724195,-0.964488259036,0.));
#7756 = ORIENTED_EDGE('',*,*,#7757,.T.);
#7757 = EDGE_CURVE('',#7749,#7758,#7760,.T.);
#7758 = VERTEX_POINT('',#7759);
#7759 = CARTESIAN_POINT('',(149.109097,-120.409275,1.585));
#7760 = LINE('',#7761,#7762);
#7761 = CARTESIAN_POINT('',(149.024745,-120.451451,1.585));
#7762 = VECTOR('',#7763,1.);
#7763 = DIRECTION('',(0.894427191,0.4472135955,0.));
#7764 = ORIENTED_EDGE('',*,*,#7765,.T.);
#7765 = EDGE_CURVE('',#7758,#7766,#7768,.T.);
#7766 = VERTEX_POINT('',#7767);
#7767 = CARTESIAN_POINT('',(149.190476,-120.327896,1.585));
#7768 = LINE('',#7769,#7770);
#7769 = CARTESIAN_POINT('',(149.109097,-120.409275,1.585));
#7770 = VECTOR('',#7771,1.);
#7771 = DIRECTION('',(0.707106781187,0.707106781187,0.));
#7772 = ORIENTED_EDGE('',*,*,#7773,.T.);
#7773 = EDGE_CURVE('',#7766,#7648,#7774,.T.);
#7774 = LINE('',#7775,#7776);
#7775 = CARTESIAN_POINT('',(149.190476,-120.327896,1.585));
#7776 = VECTOR('',#7777,1.);
#7777 = DIRECTION('',(0.561387006404,0.82755339951,0.));
#7778 = PLANE('',#7779);
#7779 = AXIS2_PLACEMENT_3D('',#7780,#7781,#7782);
#7780 = CARTESIAN_POINT('',(0.,0.,1.585));
#7781 = DIRECTION('',(0.,0.,1.));
#7782 = DIRECTION('',(1.,0.,-0.));
#7783 = SHELL_BASED_SURFACE_MODEL('',(#7784));
#7784 = OPEN_SHELL('',(#7785));
#7785 = ADVANCED_FACE('',(#7786),#7945,.T.);
#7786 = FACE_BOUND('',#7787,.F.);
#7787 = EDGE_LOOP('',(#7788,#7799,#7807,#7815,#7823,#7831,#7839,#7847,
    #7856,#7864,#7873,#7881,#7889,#7897,#7906,#7914,#7922,#7930,#7939));
#7788 = ORIENTED_EDGE('',*,*,#7789,.T.);
#7789 = EDGE_CURVE('',#7790,#7792,#7794,.T.);
#7790 = VERTEX_POINT('',#7791);
#7791 = CARTESIAN_POINT('',(154.64703,-120.213356,1.585));
#7792 = VERTEX_POINT('',#7793);
#7793 = CARTESIAN_POINT('',(155.156425,-120.222686,1.585));
#7794 = CIRCLE('',#7795,0.450326844012);
#7795 = AXIS2_PLACEMENT_3D('',#7796,#7797,#7798);
#7796 = CARTESIAN_POINT('',(154.8949270301,-120.5893098919,1.585));
#7797 = DIRECTION('',(0.,0.,-1.));
#7798 = DIRECTION('',(-0.550482462684,0.834846727416,0.));
#7799 = ORIENTED_EDGE('',*,*,#7800,.T.);
#7800 = EDGE_CURVE('',#7792,#7801,#7803,.T.);
#7801 = VERTEX_POINT('',#7802);
#7802 = CARTESIAN_POINT('',(155.219878,-120.288216,1.585));
#7803 = LINE('',#7804,#7805);
#7804 = CARTESIAN_POINT('',(155.156425,-120.222686,1.585));
#7805 = VECTOR('',#7806,1.);
#7806 = DIRECTION('',(0.695630129574,-0.718400113328,0.));
#7807 = ORIENTED_EDGE('',*,*,#7808,.T.);
#7808 = EDGE_CURVE('',#7801,#7809,#7811,.T.);
#7809 = VERTEX_POINT('',#7810);
#7810 = CARTESIAN_POINT('',(155.277939,-120.408663,1.585));
#7811 = LINE('',#7812,#7813);
#7812 = CARTESIAN_POINT('',(155.219878,-120.288216,1.585));
#7813 = VECTOR('',#7814,1.);
#7814 = DIRECTION('',(0.434228424707,-0.900802794831,0.));
#7815 = ORIENTED_EDGE('',*,*,#7816,.T.);
#7816 = EDGE_CURVE('',#7809,#7817,#7819,.T.);
#7817 = VERTEX_POINT('',#7818);
#7818 = CARTESIAN_POINT('',(155.27718,-120.534995,1.585));
#7819 = LINE('',#7820,#7821);
#7820 = CARTESIAN_POINT('',(155.277939,-120.408663,1.585));
#7821 = VECTOR('',#7822,1.);
#7822 = DIRECTION('',(-6.007870547659E-03,-0.999981952583,0.));
#7823 = ORIENTED_EDGE('',*,*,#7824,.T.);
#7824 = EDGE_CURVE('',#7817,#7825,#7827,.T.);
#7825 = VERTEX_POINT('',#7826);
#7826 = CARTESIAN_POINT('',(155.219122,-120.703058,1.585));
#7827 = LINE('',#7828,#7829);
#7828 = CARTESIAN_POINT('',(155.27718,-120.534995,1.585));
#7829 = VECTOR('',#7830,1.);
#7830 = DIRECTION('',(-0.326519613327,-0.945190426376,0.));
#7831 = ORIENTED_EDGE('',*,*,#7832,.T.);
#7832 = EDGE_CURVE('',#7825,#7833,#7835,.T.);
#7833 = VERTEX_POINT('',#7834);
#7834 = CARTESIAN_POINT('',(154.766399,-121.157819,1.585));
#7835 = LINE('',#7836,#7837);
#7836 = CARTESIAN_POINT('',(155.219122,-120.703058,1.585));
#7837 = VECTOR('',#7838,1.);
#7838 = DIRECTION('',(-0.705517003129,-0.708692992978,0.));
#7839 = ORIENTED_EDGE('',*,*,#7840,.T.);
#7840 = EDGE_CURVE('',#7833,#7841,#7843,.T.);
#7841 = VERTEX_POINT('',#7842);
#7842 = CARTESIAN_POINT('',(155.219012,-121.15926,1.585));
#7843 = LINE('',#7844,#7845);
#7844 = CARTESIAN_POINT('',(154.766399,-121.157819,1.585));
#7845 = VECTOR('',#7846,1.);
#7846 = DIRECTION('',(0.999994931953,-3.183719197072E-03,0.));
#7847 = ORIENTED_EDGE('',*,*,#7848,.T.);
#7848 = EDGE_CURVE('',#7841,#7849,#7851,.T.);
#7849 = VERTEX_POINT('',#7850);
#7850 = CARTESIAN_POINT('',(155.20438,-121.307819,1.585));
#7851 = CIRCLE('',#7852,7.500006711463E-02);
#7852 = AXIS2_PLACEMENT_3D('',#7853,#7854,#7855);
#7853 = CARTESIAN_POINT('',(155.20438006711,-121.2328189328,1.585));
#7854 = DIRECTION('',(0.,0.,-1.));
#7855 = DIRECTION('',(0.195092263891,0.980784894138,0.));
#7856 = ORIENTED_EDGE('',*,*,#7857,.T.);
#7857 = EDGE_CURVE('',#7849,#7858,#7860,.T.);
#7858 = VERTEX_POINT('',#7859);
#7859 = CARTESIAN_POINT('',(154.570701,-121.306378,1.585));
#7860 = LINE('',#7861,#7862);
#7861 = CARTESIAN_POINT('',(155.20438,-121.307819,1.585));
#7862 = VECTOR('',#7863,1.);
#7863 = DIRECTION('',(-0.999997414422,2.274016140951E-03,0.));
#7864 = ORIENTED_EDGE('',*,*,#7865,.T.);
#7865 = EDGE_CURVE('',#7858,#7866,#7868,.T.);
#7866 = VERTEX_POINT('',#7867);
#7867 = CARTESIAN_POINT('',(154.5323,-121.179786,1.585));
#7868 = CIRCLE('',#7869,7.500021013111E-02);
#7869 = AXIS2_PLACEMENT_3D('',#7870,#7871,#7872);
#7870 = CARTESIAN_POINT('',(154.5853333167,-121.2328189976,1.585));
#7871 = DIRECTION('',(0.,0.,-1.));
#7872 = DIRECTION('',(-0.195097009436,-0.980783950169,-0.));
#7873 = ORIENTED_EDGE('',*,*,#7874,.T.);
#7874 = EDGE_CURVE('',#7866,#7875,#7877,.T.);
#7875 = VERTEX_POINT('',#7876);
#7876 = CARTESIAN_POINT('',(155.091208,-120.620876,1.585));
#7877 = LINE('',#7878,#7879);
#7878 = CARTESIAN_POINT('',(154.5323,-121.179786,1.585));
#7879 = VECTOR('',#7880,1.);
#7880 = DIRECTION('',(0.70710551603,0.707108046341,0.));
#7881 = ORIENTED_EDGE('',*,*,#7882,.T.);
#7882 = EDGE_CURVE('',#7875,#7883,#7885,.T.);
#7883 = VERTEX_POINT('',#7884);
#7884 = CARTESIAN_POINT('',(155.12938,-120.506363,1.585));
#7885 = LINE('',#7886,#7887);
#7886 = CARTESIAN_POINT('',(155.091208,-120.620876,1.585));
#7887 = VECTOR('',#7888,1.);
#7888 = DIRECTION('',(0.31623522204,0.948680812677,0.));
#7889 = ORIENTED_EDGE('',*,*,#7890,.T.);
#7890 = EDGE_CURVE('',#7883,#7891,#7893,.T.);
#7891 = VERTEX_POINT('',#7892);
#7892 = CARTESIAN_POINT('',(155.12938,-120.441,1.585));
#7893 = LINE('',#7894,#7895);
#7894 = CARTESIAN_POINT('',(155.12938,-120.506363,1.585));
#7895 = VECTOR('',#7896,1.);
#7896 = DIRECTION('',(0.,1.,0.));
#7897 = ORIENTED_EDGE('',*,*,#7898,.T.);
#7898 = EDGE_CURVE('',#7891,#7899,#7901,.T.);
#7899 = VERTEX_POINT('',#7900);
#7900 = CARTESIAN_POINT('',(154.996199,-120.307819,1.585));
#7901 = CIRCLE('',#7902,0.18686440374);
#7902 = AXIS2_PLACEMENT_3D('',#7903,#7904,#7905);
#7903 = CARTESIAN_POINT('',(154.948663,-120.488536,1.585));
#7904 = DIRECTION('',(0.,0.,1.));
#7905 = DIRECTION('',(0.967102328658,0.254387668537,-0.));
#7906 = ORIENTED_EDGE('',*,*,#7907,.T.);
#7907 = EDGE_CURVE('',#7899,#7908,#7910,.T.);
#7908 = VERTEX_POINT('',#7909);
#7909 = CARTESIAN_POINT('',(154.793514,-120.307819,1.585));
#7910 = LINE('',#7911,#7912);
#7911 = CARTESIAN_POINT('',(154.996199,-120.307819,1.585));
#7912 = VECTOR('',#7913,1.);
#7913 = DIRECTION('',(-1.,0.,0.));
#7914 = ORIENTED_EDGE('',*,*,#7915,.T.);
#7915 = EDGE_CURVE('',#7908,#7916,#7918,.T.);
#7916 = VERTEX_POINT('',#7917);
#7917 = CARTESIAN_POINT('',(154.724998,-120.342077,1.585));
#7918 = LINE('',#7919,#7920);
#7919 = CARTESIAN_POINT('',(154.793514,-120.307819,1.585));
#7920 = VECTOR('',#7921,1.);
#7921 = DIRECTION('',(-0.894427191,-0.4472135955,0.));
#7922 = ORIENTED_EDGE('',*,*,#7923,.T.);
#7923 = EDGE_CURVE('',#7916,#7924,#7926,.T.);
#7924 = VERTEX_POINT('',#7925);
#7925 = CARTESIAN_POINT('',(154.67462,-120.390417,1.585));
#7926 = LINE('',#7927,#7928);
#7927 = CARTESIAN_POINT('',(154.724998,-120.342077,1.585));
#7928 = VECTOR('',#7929,1.);
#7929 = DIRECTION('',(-0.721551016594,-0.692361271629,0.));
#7930 = ORIENTED_EDGE('',*,*,#7931,.T.);
#7931 = EDGE_CURVE('',#7924,#7932,#7934,.T.);
#7932 = VERTEX_POINT('',#7933);
#7933 = CARTESIAN_POINT('',(154.579919,-120.275024,1.585));
#7934 = CIRCLE('',#7935,7.499996838527E-02);
#7935 = AXIS2_PLACEMENT_3D('',#7936,#7937,#7938);
#7936 = CARTESIAN_POINT('',(154.632952,-120.3280569724,1.585));
#7937 = DIRECTION('',(0.,0.,-1.));
#7938 = DIRECTION('',(0.555573567524,-0.831467384248,0.));
#7939 = ORIENTED_EDGE('',*,*,#7940,.T.);
#7940 = EDGE_CURVE('',#7932,#7790,#7941,.T.);
#7941 = LINE('',#7942,#7943);
#7942 = CARTESIAN_POINT('',(154.579919,-120.275024,1.585));
#7943 = VECTOR('',#7944,1.);
#7944 = DIRECTION('',(0.736336089652,0.676615964248,0.));
#7945 = PLANE('',#7946);
#7946 = AXIS2_PLACEMENT_3D('',#7947,#7948,#7949);
#7947 = CARTESIAN_POINT('',(0.,0.,1.585));
#7948 = DIRECTION('',(0.,0.,1.));
#7949 = DIRECTION('',(1.,0.,-0.));
#7950 = SHELL_BASED_SURFACE_MODEL('',(#7951));
#7951 = OPEN_SHELL('',(#7952));
#7952 = ADVANCED_FACE('',(#7953),#8087,.T.);
#7953 = FACE_BOUND('',#7954,.F.);
#7954 = EDGE_LOOP('',(#7955,#7965,#7973,#7982,#7990,#7998,#8007,#8015,
    #8024,#8032,#8040,#8048,#8056,#8065,#8073,#8081));
#7955 = ORIENTED_EDGE('',*,*,#7956,.T.);
#7956 = EDGE_CURVE('',#7957,#7959,#7961,.T.);
#7957 = VERTEX_POINT('',#7958);
#7958 = CARTESIAN_POINT('',(166.054912,-120.179841,1.585));
#7959 = VERTEX_POINT('',#7960);
#7960 = CARTESIAN_POINT('',(166.093368,-120.15926,1.585));
#7961 = LINE('',#7962,#7963);
#7962 = CARTESIAN_POINT('',(166.054912,-120.179841,1.585));
#7963 = VECTOR('',#7964,1.);
#7964 = DIRECTION('',(0.881674852639,0.471857451169,0.));
#7965 = ORIENTED_EDGE('',*,*,#7966,.T.);
#7966 = EDGE_CURVE('',#7959,#7967,#7969,.T.);
#7967 = VERTEX_POINT('',#7968);
#7968 = CARTESIAN_POINT('',(166.115205,-120.15926,1.585));
#7969 = LINE('',#7970,#7971);
#7970 = CARTESIAN_POINT('',(166.093368,-120.15926,1.585));
#7971 = VECTOR('',#7972,1.);
#7972 = DIRECTION('',(1.,0.,0.));
#7973 = ORIENTED_EDGE('',*,*,#7974,.T.);
#7974 = EDGE_CURVE('',#7967,#7975,#7977,.T.);
#7975 = VERTEX_POINT('',#7976);
#7976 = CARTESIAN_POINT('',(166.183,-120.232819,1.585));
#7977 = CIRCLE('',#7978,7.216898094227E-02);
#7978 = AXIS2_PLACEMENT_3D('',#7979,#7980,#7981);
#7979 = CARTESIAN_POINT('',(166.11084706389,-120.2312972834,1.585));
#7980 = DIRECTION('',(0.,0.,-1.));
#7981 = DIRECTION('',(6.038516895266E-02,0.998175150648,0.));
#7982 = ORIENTED_EDGE('',*,*,#7983,.T.);
#7983 = EDGE_CURVE('',#7975,#7984,#7986,.T.);
#7984 = VERTEX_POINT('',#7985);
#7985 = CARTESIAN_POINT('',(166.183,-121.157819,1.585));
#7986 = LINE('',#7987,#7988);
#7987 = CARTESIAN_POINT('',(166.183,-120.232819,1.585));
#7988 = VECTOR('',#7989,1.);
#7989 = DIRECTION('',(0.,-1.,0.));
#7990 = ORIENTED_EDGE('',*,*,#7991,.T.);
#7991 = EDGE_CURVE('',#7984,#7992,#7994,.T.);
#7992 = VERTEX_POINT('',#7993);
#7993 = CARTESIAN_POINT('',(166.408346,-121.15926,1.585));
#7994 = LINE('',#7995,#7996);
#7995 = CARTESIAN_POINT('',(166.183,-121.157819,1.585));
#7996 = VECTOR('',#7997,1.);
#7997 = DIRECTION('',(0.999979555102,-6.394480216655E-03,0.));
#7998 = ORIENTED_EDGE('',*,*,#7999,.T.);
#7999 = EDGE_CURVE('',#7992,#8000,#8002,.T.);
#8000 = VERTEX_POINT('',#8001);
#8001 = CARTESIAN_POINT('',(166.393714,-121.307819,1.585));
#8002 = CIRCLE('',#8003,7.500006711462E-02);
#8003 = AXIS2_PLACEMENT_3D('',#8004,#8005,#8006);
#8004 = CARTESIAN_POINT('',(166.39371406711,-121.2328189328,1.585));
#8005 = DIRECTION('',(0.,0.,-1.));
#8006 = DIRECTION('',(0.195092263891,0.980784894138,0.));
#8007 = ORIENTED_EDGE('',*,*,#8008,.T.);
#8008 = EDGE_CURVE('',#8000,#8009,#8011,.T.);
#8009 = VERTEX_POINT('',#8010);
#8010 = CARTESIAN_POINT('',(165.807654,-121.306378,1.585));
#8011 = LINE('',#8012,#8013);
#8012 = CARTESIAN_POINT('',(166.393714,-121.307819,1.585));
#8013 = VECTOR('',#8014,1.);
#8014 = DIRECTION('',(-0.999996977183,2.458785182611E-03,0.));
#8015 = ORIENTED_EDGE('',*,*,#8016,.T.);
#8016 = EDGE_CURVE('',#8009,#8017,#8019,.T.);
#8017 = VERTEX_POINT('',#8018);
#8018 = CARTESIAN_POINT('',(165.822286,-121.157819,1.585));
#8019 = CIRCLE('',#8020,7.500006711463E-02);
#8020 = AXIS2_PLACEMENT_3D('',#8021,#8022,#8023);
#8021 = CARTESIAN_POINT('',(165.82228593288,-121.2328190671,1.585));
#8022 = DIRECTION('',(0.,0.,-1.));
#8023 = DIRECTION('',(-0.195092263891,-0.980784894138,-0.));
#8024 = ORIENTED_EDGE('',*,*,#8025,.T.);
#8025 = EDGE_CURVE('',#8017,#8026,#8028,.T.);
#8026 = VERTEX_POINT('',#8027);
#8027 = CARTESIAN_POINT('',(166.033,-121.157819,1.585));
#8028 = LINE('',#8029,#8030);
#8029 = CARTESIAN_POINT('',(165.822286,-121.157819,1.585));
#8030 = VECTOR('',#8031,1.);
#8031 = DIRECTION('',(1.,0.,0.));
#8032 = ORIENTED_EDGE('',*,*,#8033,.T.);
#8033 = EDGE_CURVE('',#8026,#8034,#8036,.T.);
#8034 = VERTEX_POINT('',#8035);
#8035 = CARTESIAN_POINT('',(166.033,-120.461504,1.585));
#8036 = LINE('',#8037,#8038);
#8037 = CARTESIAN_POINT('',(166.033,-121.157819,1.585));
#8038 = VECTOR('',#8039,1.);
#8039 = DIRECTION('',(0.,1.,0.));
#8040 = ORIENTED_EDGE('',*,*,#8041,.T.);
#8041 = EDGE_CURVE('',#8034,#8042,#8044,.T.);
#8042 = VERTEX_POINT('',#8043);
#8043 = CARTESIAN_POINT('',(165.957364,-120.534031,1.585));
#8044 = LINE('',#8045,#8046);
#8045 = CARTESIAN_POINT('',(166.033,-120.461504,1.585));
#8046 = VECTOR('',#8047,1.);
#8047 = DIRECTION('',(-0.721785571396,-0.692116745156,0.));
#8048 = ORIENTED_EDGE('',*,*,#8049,.T.);
#8049 = EDGE_CURVE('',#8042,#8050,#8052,.T.);
#8050 = VERTEX_POINT('',#8051);
#8051 = CARTESIAN_POINT('',(165.842095,-120.59087,1.585));
#8052 = LINE('',#8053,#8054);
#8053 = CARTESIAN_POINT('',(165.957364,-120.534031,1.585));
#8054 = VECTOR('',#8055,1.);
#8055 = DIRECTION('',(-0.896889346494,-0.442255017094,0.));
#8056 = ORIENTED_EDGE('',*,*,#8057,.T.);
#8057 = EDGE_CURVE('',#8050,#8058,#8060,.T.);
#8058 = VERTEX_POINT('',#8059);
#8059 = CARTESIAN_POINT('',(165.788745,-120.451451,1.585));
#8060 = CIRCLE('',#8061,7.500005272362E-02);
#8061 = AXIS2_PLACEMENT_3D('',#8062,#8063,#8064);
#8062 = CARTESIAN_POINT('',(165.82228555676,-120.5185333297,1.585));
#8063 = DIRECTION('',(0.,0.,-1.));
#8064 = DIRECTION('',(0.264125724195,-0.964488259036,0.));
#8065 = ORIENTED_EDGE('',*,*,#8066,.T.);
#8066 = EDGE_CURVE('',#8058,#8067,#8069,.T.);
#8067 = VERTEX_POINT('',#8068);
#8068 = CARTESIAN_POINT('',(165.873097,-120.409275,1.585));
#8069 = LINE('',#8070,#8071);
#8070 = CARTESIAN_POINT('',(165.788745,-120.451451,1.585));
#8071 = VECTOR('',#8072,1.);
#8072 = DIRECTION('',(0.894427191,0.4472135955,0.));
#8073 = ORIENTED_EDGE('',*,*,#8074,.T.);
#8074 = EDGE_CURVE('',#8067,#8075,#8077,.T.);
#8075 = VERTEX_POINT('',#8076);
#8076 = CARTESIAN_POINT('',(165.954476,-120.327896,1.585));
#8077 = LINE('',#8078,#8079);
#8078 = CARTESIAN_POINT('',(165.873097,-120.409275,1.585));
#8079 = VECTOR('',#8080,1.);
#8080 = DIRECTION('',(0.707106781187,0.707106781187,0.));
#8081 = ORIENTED_EDGE('',*,*,#8082,.T.);
#8082 = EDGE_CURVE('',#8075,#7957,#8083,.T.);
#8083 = LINE('',#8084,#8085);
#8084 = CARTESIAN_POINT('',(165.954476,-120.327896,1.585));
#8085 = VECTOR('',#8086,1.);
#8086 = DIRECTION('',(0.561387006404,0.82755339951,0.));
#8087 = PLANE('',#8088);
#8088 = AXIS2_PLACEMENT_3D('',#8089,#8090,#8091);
#8089 = CARTESIAN_POINT('',(0.,0.,1.585));
#8090 = DIRECTION('',(0.,0.,1.));
#8091 = DIRECTION('',(1.,0.,-0.));
#8092 = SHELL_BASED_SURFACE_MODEL('',(#8093));
#8093 = OPEN_SHELL('',(#8094));
#8094 = ADVANCED_FACE('',(#8095,#8206),#8258,.T.);
#8095 = FACE_BOUND('',#8096,.F.);
#8096 = EDGE_LOOP('',(#8097,#8108,#8116,#8125,#8133,#8142,#8150,#8158,
    #8167,#8175,#8183,#8191,#8200));
#8097 = ORIENTED_EDGE('',*,*,#8098,.T.);
#8098 = EDGE_CURVE('',#8099,#8101,#8103,.T.);
#8099 = VERTEX_POINT('',#8100);
#8100 = CARTESIAN_POINT('',(148.032346,-120.218187,1.585));
#8101 = VERTEX_POINT('',#8102);
#8102 = CARTESIAN_POINT('',(148.105905,-120.157819,1.585));
#8103 = CIRCLE('',#8104,7.500074938988E-02);
#8104 = AXIS2_PLACEMENT_3D('',#8105,#8106,#8107);
#8105 = CARTESIAN_POINT('',(148.10590546611,-120.2328197493,1.585));
#8106 = DIRECTION('',(0.,0.,-1.));
#8107 = DIRECTION('',(-0.980783081614,0.195101375752,0.));
#8108 = ORIENTED_EDGE('',*,*,#8109,.T.);
#8109 = EDGE_CURVE('',#8101,#8110,#8112,.T.);
#8110 = VERTEX_POINT('',#8111);
#8111 = CARTESIAN_POINT('',(148.501489,-120.15926,1.585));
#8112 = LINE('',#8113,#8114);
#8113 = CARTESIAN_POINT('',(148.105905,-120.157819,1.585));
#8114 = VECTOR('',#8115,1.);
#8115 = DIRECTION('',(0.999993365378,-3.642691411961E-03,0.));
#8116 = ORIENTED_EDGE('',*,*,#8117,.T.);
#8117 = EDGE_CURVE('',#8110,#8118,#8120,.T.);
#8118 = VERTEX_POINT('',#8119);
#8119 = CARTESIAN_POINT('',(148.750892,-120.408663,1.585));
#8120 = CIRCLE('',#8121,0.347870264855);
#8121 = AXIS2_PLACEMENT_3D('',#8122,#8123,#8124);
#8122 = CARTESIAN_POINT('',(148.41416126502,-120.4959907349,1.585));
#8123 = DIRECTION('',(0.,0.,-1.));
#8124 = DIRECTION('',(0.251035353678,0.967977918758,0.));
#8125 = ORIENTED_EDGE('',*,*,#8126,.T.);
#8126 = EDGE_CURVE('',#8118,#8127,#8129,.T.);
#8127 = VERTEX_POINT('',#8128);
#8128 = CARTESIAN_POINT('',(148.74967,-120.585962,1.585));
#8129 = LINE('',#8130,#8131);
#8130 = CARTESIAN_POINT('',(148.750892,-120.408663,1.585));
#8131 = VECTOR('',#8132,1.);
#8132 = DIRECTION('',(-6.892148157052E-03,-0.999976248865,0.));
#8133 = ORIENTED_EDGE('',*,*,#8134,.T.);
#8134 = EDGE_CURVE('',#8127,#8135,#8137,.T.);
#8135 = VERTEX_POINT('',#8136);
#8136 = CARTESIAN_POINT('',(148.501489,-120.830187,1.585));
#8137 = CIRCLE('',#8138,0.348632345849);
#8138 = AXIS2_PLACEMENT_3D('',#8139,#8140,#8141);
#8139 = CARTESIAN_POINT('',(148.41372019403,-120.4927834593,1.585));
#8140 = DIRECTION('',(0.,0.,-1.));
#8141 = DIRECTION('',(0.963622021775,-0.267268776985,0.));
#8142 = ORIENTED_EDGE('',*,*,#8143,.T.);
#8143 = EDGE_CURVE('',#8135,#8144,#8146,.T.);
#8144 = VERTEX_POINT('',#8145);
#8145 = CARTESIAN_POINT('',(148.487972,-120.831518,1.585));
#8146 = LINE('',#8147,#8148);
#8147 = CARTESIAN_POINT('',(148.501489,-120.830187,1.585));
#8148 = VECTOR('',#8149,1.);
#8149 = DIRECTION('',(-0.995186940545,-9.799465990048E-02,0.));
#8150 = ORIENTED_EDGE('',*,*,#8151,.T.);
#8151 = EDGE_CURVE('',#8144,#8152,#8154,.T.);
#8152 = VERTEX_POINT('',#8153);
#8153 = CARTESIAN_POINT('',(148.745986,-121.202623,1.585));
#8154 = LINE('',#8155,#8156);
#8155 = CARTESIAN_POINT('',(148.487972,-120.831518,1.585));
#8156 = VECTOR('',#8157,1.);
#8157 = DIRECTION('',(0.570846789809,-0.821056601316,0.));
#8158 = ORIENTED_EDGE('',*,*,#8159,.T.);
#8159 = EDGE_CURVE('',#8152,#8160,#8162,.T.);
#8160 = VERTEX_POINT('',#8161);
#8161 = CARTESIAN_POINT('',(148.615891,-121.275829,1.585));
#8162 = CIRCLE('',#8163,7.500005951702E-02);
#8163 = AXIS2_PLACEMENT_3D('',#8164,#8165,#8166);
#8164 = CARTESIAN_POINT('',(148.67733306294,-121.2328187473,1.585));
#8165 = DIRECTION('',(0.,0.,-1.));
#8166 = DIRECTION('',(0.915371767707,0.402609645791,0.));
#8167 = ORIENTED_EDGE('',*,*,#8168,.T.);
#8168 = EDGE_CURVE('',#8160,#8169,#8171,.T.);
#8169 = VERTEX_POINT('',#8170);
#8170 = CARTESIAN_POINT('',(148.304951,-120.831628,1.585));
#8171 = LINE('',#8172,#8173);
#8172 = CARTESIAN_POINT('',(148.615891,-121.275829,1.585));
#8173 = VECTOR('',#8174,1.);
#8174 = DIRECTION('',(-0.573461477921,0.819232527028,0.));
#8175 = ORIENTED_EDGE('',*,*,#8176,.T.);
#8176 = EDGE_CURVE('',#8169,#8177,#8179,.T.);
#8177 = VERTEX_POINT('',#8178);
#8178 = CARTESIAN_POINT('',(148.180905,-120.831628,1.585));
#8179 = LINE('',#8180,#8181);
#8180 = CARTESIAN_POINT('',(148.304951,-120.831628,1.585));
#8181 = VECTOR('',#8182,1.);
#8182 = DIRECTION('',(-1.,0.,0.));
#8183 = ORIENTED_EDGE('',*,*,#8184,.T.);
#8184 = EDGE_CURVE('',#8177,#8185,#8187,.T.);
#8185 = VERTEX_POINT('',#8186);
#8186 = CARTESIAN_POINT('',(148.179464,-121.247451,1.585));
#8187 = LINE('',#8188,#8189);
#8188 = CARTESIAN_POINT('',(148.180905,-120.831628,1.585));
#8189 = VECTOR('',#8190,1.);
#8190 = DIRECTION('',(-3.465395967783E-03,-0.999993995497,0.));
#8191 = ORIENTED_EDGE('',*,*,#8192,.T.);
#8192 = EDGE_CURVE('',#8185,#8193,#8195,.T.);
#8193 = VERTEX_POINT('',#8194);
#8194 = CARTESIAN_POINT('',(148.030905,-121.232819,1.585));
#8195 = CIRCLE('',#8196,7.500006711464E-02);
#8196 = AXIS2_PLACEMENT_3D('',#8197,#8198,#8199);
#8197 = CARTESIAN_POINT('',(148.10590506711,-121.2328190671,1.585));
#8198 = DIRECTION('',(-0.,0.,-1.));
#8199 = DIRECTION('',(0.980784894138,-0.195092263891,-0.));
#8200 = ORIENTED_EDGE('',*,*,#8201,.T.);
#8201 = EDGE_CURVE('',#8193,#8099,#8202,.T.);
#8202 = LINE('',#8203,#8204);
#8203 = CARTESIAN_POINT('',(148.030905,-121.232819,1.585));
#8204 = VECTOR('',#8205,1.);
#8205 = DIRECTION('',(1.420217918158E-03,0.99999899149,0.));
#8206 = FACE_BOUND('',#8207,.F.);
#8207 = EDGE_LOOP('',(#8208,#8219,#8227,#8235,#8243,#8252));
#8208 = ORIENTED_EDGE('',*,*,#8209,.T.);
#8209 = EDGE_CURVE('',#8210,#8212,#8214,.T.);
#8210 = VERTEX_POINT('',#8211);
#8211 = CARTESIAN_POINT('',(148.602333,-120.441,1.585));
#8212 = VERTEX_POINT('',#8213);
#8213 = CARTESIAN_POINT('',(148.469152,-120.307819,1.585));
#8214 = CIRCLE('',#8215,0.18686440374);
#8215 = AXIS2_PLACEMENT_3D('',#8216,#8217,#8218);
#8216 = CARTESIAN_POINT('',(148.421616,-120.488536,1.585));
#8217 = DIRECTION('',(0.,0.,1.));
#8218 = DIRECTION('',(0.967102328658,0.254387668537,-0.));
#8219 = ORIENTED_EDGE('',*,*,#8220,.T.);
#8220 = EDGE_CURVE('',#8212,#8221,#8223,.T.);
#8221 = VERTEX_POINT('',#8222);
#8222 = CARTESIAN_POINT('',(148.180905,-120.307819,1.585));
#8223 = LINE('',#8224,#8225);
#8224 = CARTESIAN_POINT('',(148.469152,-120.307819,1.585));
#8225 = VECTOR('',#8226,1.);
#8226 = DIRECTION('',(-1.,0.,0.));
#8227 = ORIENTED_EDGE('',*,*,#8228,.T.);
#8228 = EDGE_CURVE('',#8221,#8229,#8231,.T.);
#8229 = VERTEX_POINT('',#8230);
#8230 = CARTESIAN_POINT('',(148.180905,-120.681628,1.585));
#8231 = LINE('',#8232,#8233);
#8232 = CARTESIAN_POINT('',(148.180905,-120.307819,1.585));
#8233 = VECTOR('',#8234,1.);
#8234 = DIRECTION('',(0.,-1.,0.));
#8235 = ORIENTED_EDGE('',*,*,#8236,.T.);
#8236 = EDGE_CURVE('',#8229,#8237,#8239,.T.);
#8237 = VERTEX_POINT('',#8238);
#8238 = CARTESIAN_POINT('',(148.469152,-120.681628,1.585));
#8239 = LINE('',#8240,#8241);
#8240 = CARTESIAN_POINT('',(148.180905,-120.681628,1.585));
#8241 = VECTOR('',#8242,1.);
#8242 = DIRECTION('',(1.,0.,0.));
#8243 = ORIENTED_EDGE('',*,*,#8244,.T.);
#8244 = EDGE_CURVE('',#8237,#8245,#8247,.T.);
#8245 = VERTEX_POINT('',#8246);
#8246 = CARTESIAN_POINT('',(148.602333,-120.548447,1.585));
#8247 = CIRCLE('',#8248,0.18686440374);
#8248 = AXIS2_PLACEMENT_3D('',#8249,#8250,#8251);
#8249 = CARTESIAN_POINT('',(148.421616,-120.500911,1.585));
#8250 = DIRECTION('',(0.,0.,1.));
#8251 = DIRECTION('',(0.254387668538,-0.967102328658,0.));
#8252 = ORIENTED_EDGE('',*,*,#8253,.T.);
#8253 = EDGE_CURVE('',#8245,#8210,#8254,.T.);
#8254 = LINE('',#8255,#8256);
#8255 = CARTESIAN_POINT('',(148.602333,-120.548447,1.585));
#8256 = VECTOR('',#8257,1.);
#8257 = DIRECTION('',(0.,1.,0.));
#8258 = PLANE('',#8259);
#8259 = AXIS2_PLACEMENT_3D('',#8260,#8261,#8262);
#8260 = CARTESIAN_POINT('',(0.,0.,1.585));
#8261 = DIRECTION('',(0.,0.,1.));
#8262 = DIRECTION('',(1.,0.,-0.));
#8263 = SHELL_BASED_SURFACE_MODEL('',(#8264));
#8264 = OPEN_SHELL('',(#8265));
#8265 = ADVANCED_FACE('',(#8266,#8377),#8429,.T.);
#8266 = FACE_BOUND('',#8267,.F.);
#8267 = EDGE_LOOP('',(#8268,#8279,#8287,#8296,#8304,#8313,#8321,#8329,
    #8338,#8346,#8354,#8362,#8371));
#8268 = ORIENTED_EDGE('',*,*,#8269,.T.);
#8269 = EDGE_CURVE('',#8270,#8272,#8274,.T.);
#8270 = VERTEX_POINT('',#8271);
#8271 = CARTESIAN_POINT('',(153.607012,-120.218187,1.585));
#8272 = VERTEX_POINT('',#8273);
#8273 = CARTESIAN_POINT('',(153.680571,-120.157819,1.585));
#8274 = CIRCLE('',#8275,7.500074938985E-02);
#8275 = AXIS2_PLACEMENT_3D('',#8276,#8277,#8278);
#8276 = CARTESIAN_POINT('',(153.68057146611,-120.2328197493,1.585));
#8277 = DIRECTION('',(0.,0.,-1.));
#8278 = DIRECTION('',(-0.980783081614,0.195101375752,0.));
#8279 = ORIENTED_EDGE('',*,*,#8280,.T.);
#8280 = EDGE_CURVE('',#8272,#8281,#8283,.T.);
#8281 = VERTEX_POINT('',#8282);
#8282 = CARTESIAN_POINT('',(154.076155,-120.15926,1.585));
#8283 = LINE('',#8284,#8285);
#8284 = CARTESIAN_POINT('',(153.680571,-120.157819,1.585));
#8285 = VECTOR('',#8286,1.);
#8286 = DIRECTION('',(0.999993365378,-3.64269141196E-03,0.));
#8287 = ORIENTED_EDGE('',*,*,#8288,.T.);
#8288 = EDGE_CURVE('',#8281,#8289,#8291,.T.);
#8289 = VERTEX_POINT('',#8290);
#8290 = CARTESIAN_POINT('',(154.325558,-120.408663,1.585));
#8291 = CIRCLE('',#8292,0.347870264855);
#8292 = AXIS2_PLACEMENT_3D('',#8293,#8294,#8295);
#8293 = CARTESIAN_POINT('',(153.98882726502,-120.4959907349,1.585));
#8294 = DIRECTION('',(0.,0.,-1.));
#8295 = DIRECTION('',(0.251035353678,0.967977918758,0.));
#8296 = ORIENTED_EDGE('',*,*,#8297,.T.);
#8297 = EDGE_CURVE('',#8289,#8298,#8300,.T.);
#8298 = VERTEX_POINT('',#8299);
#8299 = CARTESIAN_POINT('',(154.324336,-120.585962,1.585));
#8300 = LINE('',#8301,#8302);
#8301 = CARTESIAN_POINT('',(154.325558,-120.408663,1.585));
#8302 = VECTOR('',#8303,1.);
#8303 = DIRECTION('',(-6.892148157212E-03,-0.999976248865,0.));
#8304 = ORIENTED_EDGE('',*,*,#8305,.T.);
#8305 = EDGE_CURVE('',#8298,#8306,#8308,.T.);
#8306 = VERTEX_POINT('',#8307);
#8307 = CARTESIAN_POINT('',(154.076155,-120.830187,1.585));
#8308 = CIRCLE('',#8309,0.348632345848);
#8309 = AXIS2_PLACEMENT_3D('',#8310,#8311,#8312);
#8310 = CARTESIAN_POINT('',(153.98838619403,-120.4927834593,1.585));
#8311 = DIRECTION('',(0.,0.,-1.));
#8312 = DIRECTION('',(0.963622021775,-0.267268776985,0.));
#8313 = ORIENTED_EDGE('',*,*,#8314,.T.);
#8314 = EDGE_CURVE('',#8306,#8315,#8317,.T.);
#8315 = VERTEX_POINT('',#8316);
#8316 = CARTESIAN_POINT('',(154.062638,-120.831518,1.585));
#8317 = LINE('',#8318,#8319);
#8318 = CARTESIAN_POINT('',(154.076155,-120.830187,1.585));
#8319 = VECTOR('',#8320,1.);
#8320 = DIRECTION('',(-0.995186940545,-9.799465990027E-02,0.));
#8321 = ORIENTED_EDGE('',*,*,#8322,.T.);
#8322 = EDGE_CURVE('',#8315,#8323,#8325,.T.);
#8323 = VERTEX_POINT('',#8324);
#8324 = CARTESIAN_POINT('',(154.320652,-121.202623,1.585));
#8325 = LINE('',#8326,#8327);
#8326 = CARTESIAN_POINT('',(154.062638,-120.831518,1.585));
#8327 = VECTOR('',#8328,1.);
#8328 = DIRECTION('',(0.570846789809,-0.821056601316,0.));
#8329 = ORIENTED_EDGE('',*,*,#8330,.T.);
#8330 = EDGE_CURVE('',#8323,#8331,#8333,.T.);
#8331 = VERTEX_POINT('',#8332);
#8332 = CARTESIAN_POINT('',(154.190557,-121.275829,1.585));
#8333 = CIRCLE('',#8334,7.500005951702E-02);
#8334 = AXIS2_PLACEMENT_3D('',#8335,#8336,#8337);
#8335 = CARTESIAN_POINT('',(154.25199906294,-121.2328187473,1.585));
#8336 = DIRECTION('',(0.,0.,-1.));
#8337 = DIRECTION('',(0.915371767707,0.402609645791,0.));
#8338 = ORIENTED_EDGE('',*,*,#8339,.T.);
#8339 = EDGE_CURVE('',#8331,#8340,#8342,.T.);
#8340 = VERTEX_POINT('',#8341);
#8341 = CARTESIAN_POINT('',(153.879617,-120.831628,1.585));
#8342 = LINE('',#8343,#8344);
#8343 = CARTESIAN_POINT('',(154.190557,-121.275829,1.585));
#8344 = VECTOR('',#8345,1.);
#8345 = DIRECTION('',(-0.573461477921,0.819232527028,0.));
#8346 = ORIENTED_EDGE('',*,*,#8347,.T.);
#8347 = EDGE_CURVE('',#8340,#8348,#8350,.T.);
#8348 = VERTEX_POINT('',#8349);
#8349 = CARTESIAN_POINT('',(153.755571,-120.831628,1.585));
#8350 = LINE('',#8351,#8352);
#8351 = CARTESIAN_POINT('',(153.879617,-120.831628,1.585));
#8352 = VECTOR('',#8353,1.);
#8353 = DIRECTION('',(-1.,0.,0.));
#8354 = ORIENTED_EDGE('',*,*,#8355,.T.);
#8355 = EDGE_CURVE('',#8348,#8356,#8358,.T.);
#8356 = VERTEX_POINT('',#8357);
#8357 = CARTESIAN_POINT('',(153.75413,-121.247451,1.585));
#8358 = LINE('',#8359,#8360);
#8359 = CARTESIAN_POINT('',(153.755571,-120.831628,1.585));
#8360 = VECTOR('',#8361,1.);
#8361 = DIRECTION('',(-3.465395967783E-03,-0.999993995497,0.));
#8362 = ORIENTED_EDGE('',*,*,#8363,.T.);
#8363 = EDGE_CURVE('',#8356,#8364,#8366,.T.);
#8364 = VERTEX_POINT('',#8365);
#8365 = CARTESIAN_POINT('',(153.605571,-121.232819,1.585));
#8366 = CIRCLE('',#8367,7.500006711464E-02);
#8367 = AXIS2_PLACEMENT_3D('',#8368,#8369,#8370);
#8368 = CARTESIAN_POINT('',(153.68057106711,-121.2328190671,1.585));
#8369 = DIRECTION('',(-0.,0.,-1.));
#8370 = DIRECTION('',(0.980784894138,-0.195092263891,-0.));
#8371 = ORIENTED_EDGE('',*,*,#8372,.T.);
#8372 = EDGE_CURVE('',#8364,#8270,#8373,.T.);
#8373 = LINE('',#8374,#8375);
#8374 = CARTESIAN_POINT('',(153.605571,-121.232819,1.585));
#8375 = VECTOR('',#8376,1.);
#8376 = DIRECTION('',(1.420217918158E-03,0.99999899149,0.));
#8377 = FACE_BOUND('',#8378,.F.);
#8378 = EDGE_LOOP('',(#8379,#8390,#8398,#8406,#8414,#8423));
#8379 = ORIENTED_EDGE('',*,*,#8380,.T.);
#8380 = EDGE_CURVE('',#8381,#8383,#8385,.T.);
#8381 = VERTEX_POINT('',#8382);
#8382 = CARTESIAN_POINT('',(154.176999,-120.441,1.585));
#8383 = VERTEX_POINT('',#8384);
#8384 = CARTESIAN_POINT('',(154.043818,-120.307819,1.585));
#8385 = CIRCLE('',#8386,0.18686440374);
#8386 = AXIS2_PLACEMENT_3D('',#8387,#8388,#8389);
#8387 = CARTESIAN_POINT('',(153.996282,-120.488536,1.585));
#8388 = DIRECTION('',(0.,0.,1.));
#8389 = DIRECTION('',(0.967102328658,0.254387668537,-0.));
#8390 = ORIENTED_EDGE('',*,*,#8391,.T.);
#8391 = EDGE_CURVE('',#8383,#8392,#8394,.T.);
#8392 = VERTEX_POINT('',#8393);
#8393 = CARTESIAN_POINT('',(153.755571,-120.307819,1.585));
#8394 = LINE('',#8395,#8396);
#8395 = CARTESIAN_POINT('',(154.043818,-120.307819,1.585));
#8396 = VECTOR('',#8397,1.);
#8397 = DIRECTION('',(-1.,0.,0.));
#8398 = ORIENTED_EDGE('',*,*,#8399,.T.);
#8399 = EDGE_CURVE('',#8392,#8400,#8402,.T.);
#8400 = VERTEX_POINT('',#8401);
#8401 = CARTESIAN_POINT('',(153.755571,-120.681628,1.585));
#8402 = LINE('',#8403,#8404);
#8403 = CARTESIAN_POINT('',(153.755571,-120.307819,1.585));
#8404 = VECTOR('',#8405,1.);
#8405 = DIRECTION('',(0.,-1.,0.));
#8406 = ORIENTED_EDGE('',*,*,#8407,.T.);
#8407 = EDGE_CURVE('',#8400,#8408,#8410,.T.);
#8408 = VERTEX_POINT('',#8409);
#8409 = CARTESIAN_POINT('',(154.043818,-120.681628,1.585));
#8410 = LINE('',#8411,#8412);
#8411 = CARTESIAN_POINT('',(153.755571,-120.681628,1.585));
#8412 = VECTOR('',#8413,1.);
#8413 = DIRECTION('',(1.,0.,0.));
#8414 = ORIENTED_EDGE('',*,*,#8415,.T.);
#8415 = EDGE_CURVE('',#8408,#8416,#8418,.T.);
#8416 = VERTEX_POINT('',#8417);
#8417 = CARTESIAN_POINT('',(154.176999,-120.548447,1.585));
#8418 = CIRCLE('',#8419,0.18686440374);
#8419 = AXIS2_PLACEMENT_3D('',#8420,#8421,#8422);
#8420 = CARTESIAN_POINT('',(153.996282,-120.500911,1.585));
#8421 = DIRECTION('',(0.,0.,1.));
#8422 = DIRECTION('',(0.254387668537,-0.967102328658,0.));
#8423 = ORIENTED_EDGE('',*,*,#8424,.T.);
#8424 = EDGE_CURVE('',#8416,#8381,#8425,.T.);
#8425 = LINE('',#8426,#8427);
#8426 = CARTESIAN_POINT('',(154.176999,-120.548447,1.585));
#8427 = VECTOR('',#8428,1.);
#8428 = DIRECTION('',(0.,1.,0.));
#8429 = PLANE('',#8430);
#8430 = AXIS2_PLACEMENT_3D('',#8431,#8432,#8433);
#8431 = CARTESIAN_POINT('',(0.,0.,1.585));
#8432 = DIRECTION('',(0.,0.,1.));
#8433 = DIRECTION('',(1.,0.,-0.));
#8434 = SHELL_BASED_SURFACE_MODEL('',(#8435));
#8435 = OPEN_SHELL('',(#8436));
#8436 = ADVANCED_FACE('',(#8437,#8548),#8600,.T.);
#8437 = FACE_BOUND('',#8438,.F.);
#8438 = EDGE_LOOP('',(#8439,#8450,#8458,#8467,#8475,#8484,#8492,#8500,
    #8509,#8517,#8525,#8533,#8542));
#8439 = ORIENTED_EDGE('',*,*,#8440,.T.);
#8440 = EDGE_CURVE('',#8441,#8443,#8445,.T.);
#8441 = VERTEX_POINT('',#8442);
#8442 = CARTESIAN_POINT('',(159.181678,-120.218187,1.585));
#8443 = VERTEX_POINT('',#8444);
#8444 = CARTESIAN_POINT('',(159.255237,-120.157819,1.585));
#8445 = CIRCLE('',#8446,7.500074938989E-02);
#8446 = AXIS2_PLACEMENT_3D('',#8447,#8448,#8449);
#8447 = CARTESIAN_POINT('',(159.25523746611,-120.2328197493,1.585));
#8448 = DIRECTION('',(0.,0.,-1.));
#8449 = DIRECTION('',(-0.980783081614,0.195101375753,0.));
#8450 = ORIENTED_EDGE('',*,*,#8451,.T.);
#8451 = EDGE_CURVE('',#8443,#8452,#8454,.T.);
#8452 = VERTEX_POINT('',#8453);
#8453 = CARTESIAN_POINT('',(159.650821,-120.15926,1.585));
#8454 = LINE('',#8455,#8456);
#8455 = CARTESIAN_POINT('',(159.255237,-120.157819,1.585));
#8456 = VECTOR('',#8457,1.);
#8457 = DIRECTION('',(0.999993365378,-3.64269141196E-03,0.));
#8458 = ORIENTED_EDGE('',*,*,#8459,.T.);
#8459 = EDGE_CURVE('',#8452,#8460,#8462,.T.);
#8460 = VERTEX_POINT('',#8461);
#8461 = CARTESIAN_POINT('',(159.900224,-120.408663,1.585));
#8462 = CIRCLE('',#8463,0.347870264855);
#8463 = AXIS2_PLACEMENT_3D('',#8464,#8465,#8466);
#8464 = CARTESIAN_POINT('',(159.56349326502,-120.4959907349,1.585));
#8465 = DIRECTION('',(0.,0.,-1.));
#8466 = DIRECTION('',(0.251035353678,0.967977918758,0.));
#8467 = ORIENTED_EDGE('',*,*,#8468,.T.);
#8468 = EDGE_CURVE('',#8460,#8469,#8471,.T.);
#8469 = VERTEX_POINT('',#8470);
#8470 = CARTESIAN_POINT('',(159.899002,-120.585962,1.585));
#8471 = LINE('',#8472,#8473);
#8472 = CARTESIAN_POINT('',(159.900224,-120.408663,1.585));
#8473 = VECTOR('',#8474,1.);
#8474 = DIRECTION('',(-6.892148157212E-03,-0.999976248865,0.));
#8475 = ORIENTED_EDGE('',*,*,#8476,.T.);
#8476 = EDGE_CURVE('',#8469,#8477,#8479,.T.);
#8477 = VERTEX_POINT('',#8478);
#8478 = CARTESIAN_POINT('',(159.650821,-120.830187,1.585));
#8479 = CIRCLE('',#8480,0.348632345849);
#8480 = AXIS2_PLACEMENT_3D('',#8481,#8482,#8483);
#8481 = CARTESIAN_POINT('',(159.56305219403,-120.4927834593,1.585));
#8482 = DIRECTION('',(0.,0.,-1.));
#8483 = DIRECTION('',(0.963622021775,-0.267268776985,0.));
#8484 = ORIENTED_EDGE('',*,*,#8485,.T.);
#8485 = EDGE_CURVE('',#8477,#8486,#8488,.T.);
#8486 = VERTEX_POINT('',#8487);
#8487 = CARTESIAN_POINT('',(159.637304,-120.831518,1.585));
#8488 = LINE('',#8489,#8490);
#8489 = CARTESIAN_POINT('',(159.650821,-120.830187,1.585));
#8490 = VECTOR('',#8491,1.);
#8491 = DIRECTION('',(-0.995186940545,-9.799465990027E-02,0.));
#8492 = ORIENTED_EDGE('',*,*,#8493,.T.);
#8493 = EDGE_CURVE('',#8486,#8494,#8496,.T.);
#8494 = VERTEX_POINT('',#8495);
#8495 = CARTESIAN_POINT('',(159.895318,-121.202623,1.585));
#8496 = LINE('',#8497,#8498);
#8497 = CARTESIAN_POINT('',(159.637304,-120.831518,1.585));
#8498 = VECTOR('',#8499,1.);
#8499 = DIRECTION('',(0.570846789809,-0.821056601316,0.));
#8500 = ORIENTED_EDGE('',*,*,#8501,.T.);
#8501 = EDGE_CURVE('',#8494,#8502,#8504,.T.);
#8502 = VERTEX_POINT('',#8503);
#8503 = CARTESIAN_POINT('',(159.765223,-121.275829,1.585));
#8504 = CIRCLE('',#8505,7.500005951703E-02);
#8505 = AXIS2_PLACEMENT_3D('',#8506,#8507,#8508);
#8506 = CARTESIAN_POINT('',(159.82666506294,-121.2328187473,1.585));
#8507 = DIRECTION('',(0.,0.,-1.));
#8508 = DIRECTION('',(0.915371767708,0.402609645791,0.));
#8509 = ORIENTED_EDGE('',*,*,#8510,.T.);
#8510 = EDGE_CURVE('',#8502,#8511,#8513,.T.);
#8511 = VERTEX_POINT('',#8512);
#8512 = CARTESIAN_POINT('',(159.454283,-120.831628,1.585));
#8513 = LINE('',#8514,#8515);
#8514 = CARTESIAN_POINT('',(159.765223,-121.275829,1.585));
#8515 = VECTOR('',#8516,1.);
#8516 = DIRECTION('',(-0.573461477921,0.819232527028,0.));
#8517 = ORIENTED_EDGE('',*,*,#8518,.T.);
#8518 = EDGE_CURVE('',#8511,#8519,#8521,.T.);
#8519 = VERTEX_POINT('',#8520);
#8520 = CARTESIAN_POINT('',(159.330237,-120.831628,1.585));
#8521 = LINE('',#8522,#8523);
#8522 = CARTESIAN_POINT('',(159.454283,-120.831628,1.585));
#8523 = VECTOR('',#8524,1.);
#8524 = DIRECTION('',(-1.,0.,0.));
#8525 = ORIENTED_EDGE('',*,*,#8526,.T.);
#8526 = EDGE_CURVE('',#8519,#8527,#8529,.T.);
#8527 = VERTEX_POINT('',#8528);
#8528 = CARTESIAN_POINT('',(159.328796,-121.247451,1.585));
#8529 = LINE('',#8530,#8531);
#8530 = CARTESIAN_POINT('',(159.330237,-120.831628,1.585));
#8531 = VECTOR('',#8532,1.);
#8532 = DIRECTION('',(-3.465395967783E-03,-0.999993995497,0.));
#8533 = ORIENTED_EDGE('',*,*,#8534,.T.);
#8534 = EDGE_CURVE('',#8527,#8535,#8537,.T.);
#8535 = VERTEX_POINT('',#8536);
#8536 = CARTESIAN_POINT('',(159.180237,-121.232819,1.585));
#8537 = CIRCLE('',#8538,7.500006711464E-02);
#8538 = AXIS2_PLACEMENT_3D('',#8539,#8540,#8541);
#8539 = CARTESIAN_POINT('',(159.25523706711,-121.2328190671,1.585));
#8540 = DIRECTION('',(-0.,0.,-1.));
#8541 = DIRECTION('',(0.980784894138,-0.195092263891,-0.));
#8542 = ORIENTED_EDGE('',*,*,#8543,.T.);
#8543 = EDGE_CURVE('',#8535,#8441,#8544,.T.);
#8544 = LINE('',#8545,#8546);
#8545 = CARTESIAN_POINT('',(159.180237,-121.232819,1.585));
#8546 = VECTOR('',#8547,1.);
#8547 = DIRECTION('',(1.420217918158E-03,0.99999899149,0.));
#8548 = FACE_BOUND('',#8549,.F.);
#8549 = EDGE_LOOP('',(#8550,#8561,#8569,#8577,#8585,#8594));
#8550 = ORIENTED_EDGE('',*,*,#8551,.T.);
#8551 = EDGE_CURVE('',#8552,#8554,#8556,.T.);
#8552 = VERTEX_POINT('',#8553);
#8553 = CARTESIAN_POINT('',(159.751665,-120.441,1.585));
#8554 = VERTEX_POINT('',#8555);
#8555 = CARTESIAN_POINT('',(159.618484,-120.307819,1.585));
#8556 = CIRCLE('',#8557,0.18686440374);
#8557 = AXIS2_PLACEMENT_3D('',#8558,#8559,#8560);
#8558 = CARTESIAN_POINT('',(159.570948,-120.488536,1.585));
#8559 = DIRECTION('',(0.,0.,1.));
#8560 = DIRECTION('',(0.967102328658,0.254387668537,-0.));
#8561 = ORIENTED_EDGE('',*,*,#8562,.T.);
#8562 = EDGE_CURVE('',#8554,#8563,#8565,.T.);
#8563 = VERTEX_POINT('',#8564);
#8564 = CARTESIAN_POINT('',(159.330237,-120.307819,1.585));
#8565 = LINE('',#8566,#8567);
#8566 = CARTESIAN_POINT('',(159.618484,-120.307819,1.585));
#8567 = VECTOR('',#8568,1.);
#8568 = DIRECTION('',(-1.,0.,0.));
#8569 = ORIENTED_EDGE('',*,*,#8570,.T.);
#8570 = EDGE_CURVE('',#8563,#8571,#8573,.T.);
#8571 = VERTEX_POINT('',#8572);
#8572 = CARTESIAN_POINT('',(159.330237,-120.681628,1.585));
#8573 = LINE('',#8574,#8575);
#8574 = CARTESIAN_POINT('',(159.330237,-120.307819,1.585));
#8575 = VECTOR('',#8576,1.);
#8576 = DIRECTION('',(0.,-1.,0.));
#8577 = ORIENTED_EDGE('',*,*,#8578,.T.);
#8578 = EDGE_CURVE('',#8571,#8579,#8581,.T.);
#8579 = VERTEX_POINT('',#8580);
#8580 = CARTESIAN_POINT('',(159.618484,-120.681628,1.585));
#8581 = LINE('',#8582,#8583);
#8582 = CARTESIAN_POINT('',(159.330237,-120.681628,1.585));
#8583 = VECTOR('',#8584,1.);
#8584 = DIRECTION('',(1.,0.,0.));
#8585 = ORIENTED_EDGE('',*,*,#8586,.T.);
#8586 = EDGE_CURVE('',#8579,#8587,#8589,.T.);
#8587 = VERTEX_POINT('',#8588);
#8588 = CARTESIAN_POINT('',(159.751665,-120.548447,1.585));
#8589 = CIRCLE('',#8590,0.18686440374);
#8590 = AXIS2_PLACEMENT_3D('',#8591,#8592,#8593);
#8591 = CARTESIAN_POINT('',(159.570948,-120.500911,1.585));
#8592 = DIRECTION('',(0.,0.,1.));
#8593 = DIRECTION('',(0.254387668538,-0.967102328658,0.));
#8594 = ORIENTED_EDGE('',*,*,#8595,.T.);
#8595 = EDGE_CURVE('',#8587,#8552,#8596,.T.);
#8596 = LINE('',#8597,#8598);
#8597 = CARTESIAN_POINT('',(159.751665,-120.548447,1.585));
#8598 = VECTOR('',#8599,1.);
#8599 = DIRECTION('',(0.,1.,0.));
#8600 = PLANE('',#8601);
#8601 = AXIS2_PLACEMENT_3D('',#8602,#8603,#8604);
#8602 = CARTESIAN_POINT('',(0.,0.,1.585));
#8603 = DIRECTION('',(0.,0.,1.));
#8604 = DIRECTION('',(1.,0.,-0.));
#8605 = SHELL_BASED_SURFACE_MODEL('',(#8606));
#8606 = OPEN_SHELL('',(#8607));
#8607 = ADVANCED_FACE('',(#8608,#8724),#8807,.T.);
#8608 = FACE_BOUND('',#8609,.F.);
#8609 = EDGE_LOOP('',(#8610,#8621,#8629,#8637,#8645,#8653,#8661,#8669,
    #8677,#8685,#8693,#8701,#8709,#8718));
#8610 = ORIENTED_EDGE('',*,*,#8611,.T.);
#8611 = EDGE_CURVE('',#8612,#8614,#8616,.T.);
#8612 = VERTEX_POINT('',#8613);
#8613 = CARTESIAN_POINT('',(164.796346,-120.218187,1.585));
#8614 = VERTEX_POINT('',#8615);
#8615 = CARTESIAN_POINT('',(164.869905,-120.157819,1.585));
#8616 = CIRCLE('',#8617,7.500074938989E-02);
#8617 = AXIS2_PLACEMENT_3D('',#8618,#8619,#8620);
#8618 = CARTESIAN_POINT('',(164.86990546611,-120.2328197493,1.585));
#8619 = DIRECTION('',(0.,0.,-1.));
#8620 = DIRECTION('',(-0.980783081614,0.195101375753,0.));
#8621 = ORIENTED_EDGE('',*,*,#8622,.T.);
#8622 = EDGE_CURVE('',#8614,#8623,#8625,.T.);
#8623 = VERTEX_POINT('',#8624);
#8624 = CARTESIAN_POINT('',(165.115405,-120.158548,1.585));
#8625 = LINE('',#8626,#8627);
#8626 = CARTESIAN_POINT('',(164.869905,-120.157819,1.585));
#8627 = VECTOR('',#8628,1.);
#8628 = DIRECTION('',(0.999995591212,-2.969437010127E-03,0.));
#8629 = ORIENTED_EDGE('',*,*,#8630,.T.);
#8630 = EDGE_CURVE('',#8623,#8631,#8633,.T.);
#8631 = VERTEX_POINT('',#8632);
#8632 = CARTESIAN_POINT('',(165.292525,-120.218078,1.585));
#8633 = LINE('',#8634,#8635);
#8634 = CARTESIAN_POINT('',(165.115405,-120.158548,1.585));
#8635 = VECTOR('',#8636,1.);
#8636 = DIRECTION('',(0.947893661994,-0.318586888542,0.));
#8637 = ORIENTED_EDGE('',*,*,#8638,.T.);
#8638 = EDGE_CURVE('',#8631,#8639,#8641,.T.);
#8639 = VERTEX_POINT('',#8640);
#8640 = CARTESIAN_POINT('',(165.409214,-120.33584,1.585));
#8641 = LINE('',#8642,#8643);
#8642 = CARTESIAN_POINT('',(165.292525,-120.218078,1.585));
#8643 = VECTOR('',#8644,1.);
#8644 = DIRECTION('',(0.703863230025,-0.710335521722,0.));
#8645 = ORIENTED_EDGE('',*,*,#8646,.T.);
#8646 = EDGE_CURVE('',#8639,#8647,#8649,.T.);
#8647 = VERTEX_POINT('',#8648);
#8648 = CARTESIAN_POINT('',(165.466475,-120.452724,1.585));
#8649 = LINE('',#8650,#8651);
#8650 = CARTESIAN_POINT('',(165.409214,-120.33584,1.585));
#8651 = VECTOR('',#8652,1.);
#8652 = DIRECTION('',(0.439939908708,-0.8980272138,0.));
#8653 = ORIENTED_EDGE('',*,*,#8654,.T.);
#8654 = EDGE_CURVE('',#8647,#8655,#8657,.T.);
#8655 = VERTEX_POINT('',#8656);
#8656 = CARTESIAN_POINT('',(165.516333,-120.66139,1.585));
#8657 = LINE('',#8658,#8659);
#8658 = CARTESIAN_POINT('',(165.466475,-120.452724,1.585));
#8659 = VECTOR('',#8660,1.);
#8660 = DIRECTION('',(0.232395123349,-0.972621461126,0.));
#8661 = ORIENTED_EDGE('',*,*,#8662,.T.);
#8662 = EDGE_CURVE('',#8655,#8663,#8665,.T.);
#8663 = VERTEX_POINT('',#8664);
#8664 = CARTESIAN_POINT('',(165.514094,-120.822437,1.585));
#8665 = LINE('',#8666,#8667);
#8666 = CARTESIAN_POINT('',(165.516333,-120.66139,1.585));
#8667 = VECTOR('',#8668,1.);
#8668 = DIRECTION('',(-1.390143030568E-02,-0.999903370449,0.));
#8669 = ORIENTED_EDGE('',*,*,#8670,.T.);
#8670 = EDGE_CURVE('',#8663,#8671,#8673,.T.);
#8671 = VERTEX_POINT('',#8672);
#8672 = CARTESIAN_POINT('',(165.460796,-121.028264,1.585));
#8673 = LINE('',#8674,#8675);
#8674 = CARTESIAN_POINT('',(165.514094,-120.822437,1.585));
#8675 = VECTOR('',#8676,1.);
#8676 = DIRECTION('',(-0.250677645339,-0.968070616292,0.));
#8677 = ORIENTED_EDGE('',*,*,#8678,.T.);
#8678 = EDGE_CURVE('',#8671,#8679,#8681,.T.);
#8679 = VERTEX_POINT('',#8680);
#8680 = CARTESIAN_POINT('',(165.403846,-121.137244,1.585));
#8681 = LINE('',#8682,#8683);
#8682 = CARTESIAN_POINT('',(165.460796,-121.028264,1.585));
#8683 = VECTOR('',#8684,1.);
#8684 = DIRECTION('',(-0.463146784147,-0.886281589752,0.));
#8685 = ORIENTED_EDGE('',*,*,#8686,.T.);
#8686 = EDGE_CURVE('',#8679,#8687,#8689,.T.);
#8687 = VERTEX_POINT('',#8688);
#8688 = CARTESIAN_POINT('',(165.287999,-121.250357,1.585));
#8689 = LINE('',#8690,#8691);
#8690 = CARTESIAN_POINT('',(165.403846,-121.137244,1.585));
#8691 = VECTOR('',#8692,1.);
#8692 = DIRECTION('',(-0.715499299798,-0.698613449619,0.));
#8693 = ORIENTED_EDGE('',*,*,#8694,.T.);
#8694 = EDGE_CURVE('',#8687,#8695,#8697,.T.);
#8695 = VERTEX_POINT('',#8696);
#8696 = CARTESIAN_POINT('',(165.115405,-121.307089,1.585));
#8697 = LINE('',#8698,#8699);
#8698 = CARTESIAN_POINT('',(165.287999,-121.250357,1.585));
#8699 = VECTOR('',#8700,1.);
#8700 = DIRECTION('',(-0.949994945594,-0.312265277202,0.));
#8701 = ORIENTED_EDGE('',*,*,#8702,.T.);
#8702 = EDGE_CURVE('',#8695,#8703,#8705,.T.);
#8703 = VERTEX_POINT('',#8704);
#8704 = CARTESIAN_POINT('',(164.855273,-121.306378,1.585));
#8705 = LINE('',#8706,#8707);
#8706 = CARTESIAN_POINT('',(165.115405,-121.307089,1.585));
#8707 = VECTOR('',#8708,1.);
#8708 = DIRECTION('',(-0.999996264754,2.733217536673E-03,0.));
#8709 = ORIENTED_EDGE('',*,*,#8710,.T.);
#8710 = EDGE_CURVE('',#8703,#8711,#8713,.T.);
#8711 = VERTEX_POINT('',#8712);
#8712 = CARTESIAN_POINT('',(164.794905,-121.232819,1.585));
#8713 = CIRCLE('',#8714,7.50007493898E-02);
#8714 = AXIS2_PLACEMENT_3D('',#8715,#8716,#8717);
#8715 = CARTESIAN_POINT('',(164.86990574938,-121.2328185338,1.585));
#8716 = DIRECTION('',(0.,0.,-1.));
#8717 = DIRECTION('',(-0.195101375751,-0.980783081614,-0.));
#8718 = ORIENTED_EDGE('',*,*,#8719,.T.);
#8719 = EDGE_CURVE('',#8711,#8612,#8720,.T.);
#8720 = LINE('',#8721,#8722);
#8721 = CARTESIAN_POINT('',(164.794905,-121.232819,1.585));
#8722 = VECTOR('',#8723,1.);
#8723 = DIRECTION('',(1.420217918158E-03,0.99999899149,0.));
#8724 = FACE_BOUND('',#8725,.F.);
#8725 = EDGE_LOOP('',(#8726,#8736,#8744,#8752,#8760,#8768,#8776,#8785,
    #8793,#8801));
#8726 = ORIENTED_EDGE('',*,*,#8727,.T.);
#8727 = EDGE_CURVE('',#8728,#8730,#8732,.T.);
#8728 = VERTEX_POINT('',#8729);
#8729 = CARTESIAN_POINT('',(165.210343,-120.34599,1.585));
#8730 = VERTEX_POINT('',#8731);
#8731 = CARTESIAN_POINT('',(165.09583,-120.307819,1.585));
#8732 = LINE('',#8733,#8734);
#8733 = CARTESIAN_POINT('',(165.210343,-120.34599,1.585));
#8734 = VECTOR('',#8735,1.);
#8735 = DIRECTION('',(-0.94868329805,0.316227766017,0.));
#8736 = ORIENTED_EDGE('',*,*,#8737,.T.);
#8737 = EDGE_CURVE('',#8730,#8738,#8740,.T.);
#8738 = VERTEX_POINT('',#8739);
#8739 = CARTESIAN_POINT('',(164.944905,-120.307819,1.585));
#8740 = LINE('',#8741,#8742);
#8741 = CARTESIAN_POINT('',(165.09583,-120.307819,1.585));
#8742 = VECTOR('',#8743,1.);
#8743 = DIRECTION('',(-1.,0.,0.));
#8744 = ORIENTED_EDGE('',*,*,#8745,.T.);
#8745 = EDGE_CURVE('',#8738,#8746,#8748,.T.);
#8746 = VERTEX_POINT('',#8747);
#8747 = CARTESIAN_POINT('',(164.944905,-121.157819,1.585));
#8748 = LINE('',#8749,#8750);
#8749 = CARTESIAN_POINT('',(164.944905,-120.307819,1.585));
#8750 = VECTOR('',#8751,1.);
#8751 = DIRECTION('',(0.,-1.,0.));
#8752 = ORIENTED_EDGE('',*,*,#8753,.T.);
#8753 = EDGE_CURVE('',#8746,#8754,#8756,.T.);
#8754 = VERTEX_POINT('',#8755);
#8755 = CARTESIAN_POINT('',(165.09583,-121.157819,1.585));
#8756 = LINE('',#8757,#8758);
#8757 = CARTESIAN_POINT('',(164.944905,-121.157819,1.585));
#8758 = VECTOR('',#8759,1.);
#8759 = DIRECTION('',(1.,0.,0.));
#8760 = ORIENTED_EDGE('',*,*,#8761,.T.);
#8761 = EDGE_CURVE('',#8754,#8762,#8764,.T.);
#8762 = VERTEX_POINT('',#8763);
#8763 = CARTESIAN_POINT('',(165.210343,-121.119647,1.585));
#8764 = LINE('',#8765,#8766);
#8765 = CARTESIAN_POINT('',(165.09583,-121.157819,1.585));
#8766 = VECTOR('',#8767,1.);
#8767 = DIRECTION('',(0.948680812677,0.31623522204,0.));
#8768 = ORIENTED_EDGE('',*,*,#8769,.T.);
#8769 = EDGE_CURVE('',#8762,#8770,#8772,.T.);
#8770 = VERTEX_POINT('',#8771);
#8771 = CARTESIAN_POINT('',(165.284455,-121.045534,1.585));
#8772 = LINE('',#8773,#8774);
#8773 = CARTESIAN_POINT('',(165.210343,-121.119647,1.585));
#8774 = VECTOR('',#8775,1.);
#8775 = DIRECTION('',(0.707102010674,0.707111551666,0.));
#8776 = ORIENTED_EDGE('',*,*,#8777,.T.);
#8777 = EDGE_CURVE('',#8770,#8778,#8780,.T.);
#8778 = VERTEX_POINT('',#8779);
#8779 = CARTESIAN_POINT('',(165.366333,-120.670624,1.585));
#8780 = CIRCLE('',#8781,0.611719141131);
#8781 = AXIS2_PLACEMENT_3D('',#8782,#8783,#8784);
#8782 = CARTESIAN_POINT('',(164.75792096224,-120.7341464364,1.585));
#8783 = DIRECTION('',(0.,0.,1.));
#8784 = DIRECTION('',(0.860744747637,-0.509036815383,0.));
#8785 = ORIENTED_EDGE('',*,*,#8786,.T.);
#8786 = EDGE_CURVE('',#8778,#8787,#8789,.T.);
#8787 = VERTEX_POINT('',#8788);
#8788 = CARTESIAN_POINT('',(165.322949,-120.49709,1.585));
#8789 = LINE('',#8790,#8791);
#8790 = CARTESIAN_POINT('',(165.366333,-120.670624,1.585));
#8791 = VECTOR('',#8792,1.);
#8792 = DIRECTION('',(-0.242538255859,0.970141842436,0.));
#8793 = ORIENTED_EDGE('',*,*,#8794,.T.);
#8794 = EDGE_CURVE('',#8787,#8795,#8797,.T.);
#8795 = VERTEX_POINT('',#8796);
#8796 = CARTESIAN_POINT('',(165.284456,-120.420103,1.585));
#8797 = LINE('',#8798,#8799);
#8798 = CARTESIAN_POINT('',(165.322949,-120.49709,1.585));
#8799 = VECTOR('',#8800,1.);
#8800 = DIRECTION('',(-0.447208948322,0.894429514574,0.));
#8801 = ORIENTED_EDGE('',*,*,#8802,.T.);
#8802 = EDGE_CURVE('',#8795,#8728,#8803,.T.);
#8803 = LINE('',#8804,#8805);
#8804 = CARTESIAN_POINT('',(165.284456,-120.420103,1.585));
#8805 = VECTOR('',#8806,1.);
#8806 = DIRECTION('',(-0.707106781187,0.707106781186,0.));
#8807 = PLANE('',#8808);
#8808 = AXIS2_PLACEMENT_3D('',#8809,#8810,#8811);
#8809 = CARTESIAN_POINT('',(0.,0.,1.585));
#8810 = DIRECTION('',(0.,0.,1.));
#8811 = DIRECTION('',(1.,0.,-0.));
#8812 = SHELL_BASED_SURFACE_MODEL('',(#8813));
#8813 = OPEN_SHELL('',(#8814));
#8814 = ADVANCED_FACE('',(#8815),#9001,.T.);
#8815 = FACE_BOUND('',#8816,.F.);
#8816 = EDGE_LOOP('',(#8817,#8828,#8836,#8845,#8853,#8861,#8870,#8878,
    #8887,#8895,#8903,#8911,#8920,#8928,#8937,#8945,#8954,#8962,#8970,
    #8978,#8987,#8995));
#8817 = ORIENTED_EDGE('',*,*,#8818,.T.);
#8818 = EDGE_CURVE('',#8819,#8821,#8823,.T.);
#8819 = VERTEX_POINT('',#8820);
#8820 = CARTESIAN_POINT('',(160.145367,-120.306378,1.585));
#8821 = VERTEX_POINT('',#8822);
#8822 = CARTESIAN_POINT('',(160.159999,-120.157819,1.585));
#8823 = CIRCLE('',#8824,7.500006711464E-02);
#8824 = AXIS2_PLACEMENT_3D('',#8825,#8826,#8827);
#8825 = CARTESIAN_POINT('',(160.15999893288,-120.2328190671,1.585));
#8826 = DIRECTION('',(0.,0.,-1.));
#8827 = DIRECTION('',(-0.195092263892,-0.980784894138,-0.));
#8828 = ORIENTED_EDGE('',*,*,#8829,.T.);
#8829 = EDGE_CURVE('',#8821,#8830,#8832,.T.);
#8830 = VERTEX_POINT('',#8831);
#8831 = CARTESIAN_POINT('',(160.786784,-120.158581,1.585));
#8832 = LINE('',#8833,#8834);
#8833 = CARTESIAN_POINT('',(160.159999,-120.157819,1.585));
#8834 = VECTOR('',#8835,1.);
#8835 = DIRECTION('',(0.999999261004,-1.215726982744E-03,0.));
#8836 = ORIENTED_EDGE('',*,*,#8837,.T.);
#8837 = EDGE_CURVE('',#8830,#8838,#8840,.T.);
#8838 = VERTEX_POINT('',#8839);
#8839 = CARTESIAN_POINT('',(160.852605,-120.247451,1.585));
#8840 = CIRCLE('',#8841,7.447391611627E-02);
#8841 = AXIS2_PLACEMENT_3D('',#8842,#8843,#8844);
#8842 = CARTESIAN_POINT('',(160.77960492664,-120.2327080874,1.585));
#8843 = DIRECTION('',(0.,0.,-1.));
#8844 = DIRECTION('',(9.639715124812E-02,0.995342950561,0.));
#8845 = ORIENTED_EDGE('',*,*,#8846,.T.);
#8846 = EDGE_CURVE('',#8838,#8847,#8849,.T.);
#8847 = VERTEX_POINT('',#8848);
#8848 = CARTESIAN_POINT('',(160.835489,-120.282207,1.585));
#8849 = LINE('',#8850,#8851);
#8850 = CARTESIAN_POINT('',(160.852605,-120.247451,1.585));
#8851 = VECTOR('',#8852,1.);
#8852 = DIRECTION('',(-0.441795255027,-0.897115908139,0.));
#8853 = ORIENTED_EDGE('',*,*,#8854,.T.);
#8854 = EDGE_CURVE('',#8847,#8855,#8857,.T.);
#8855 = VERTEX_POINT('',#8856);
#8856 = CARTESIAN_POINT('',(160.608593,-120.541516,1.585));
#8857 = LINE('',#8858,#8859);
#8858 = CARTESIAN_POINT('',(160.835489,-120.282207,1.585));
#8859 = VECTOR('',#8860,1.);
#8860 = DIRECTION('',(-0.658505635208,-0.752575795784,0.));
#8861 = ORIENTED_EDGE('',*,*,#8862,.T.);
#8862 = EDGE_CURVE('',#8855,#8863,#8865,.T.);
#8863 = VERTEX_POINT('',#8864);
#8864 = CARTESIAN_POINT('',(160.852605,-120.789615,1.585));
#8865 = CIRCLE('',#8866,0.348520834816);
#8866 = AXIS2_PLACEMENT_3D('',#8867,#8868,#8869);
#8867 = CARTESIAN_POINT('',(160.5152996174,-120.8773181993,1.585));
#8868 = DIRECTION('',(0.,0.,-1.));
#8869 = DIRECTION('',(0.267683803321,0.963506814423,0.));
#8870 = ORIENTED_EDGE('',*,*,#8871,.T.);
#8871 = EDGE_CURVE('',#8863,#8872,#8874,.T.);
#8872 = VERTEX_POINT('',#8873);
#8873 = CARTESIAN_POINT('',(160.851383,-121.062152,1.585));
#8874 = LINE('',#8875,#8876);
#8875 = CARTESIAN_POINT('',(160.852605,-120.789615,1.585));
#8876 = VECTOR('',#8877,1.);
#8877 = DIRECTION('',(-4.483749789568E-03,-0.999989947943,0.));
#8878 = ORIENTED_EDGE('',*,*,#8879,.T.);
#8879 = EDGE_CURVE('',#8872,#8880,#8882,.T.);
#8880 = VERTEX_POINT('',#8881);
#8881 = CARTESIAN_POINT('',(160.603202,-121.306378,1.585));
#8882 = CIRCLE('',#8883,0.348635327447);
#8883 = AXIS2_PLACEMENT_3D('',#8884,#8885,#8886);
#8884 = CARTESIAN_POINT('',(160.51543048129,-120.9689720841,1.585));
#8885 = DIRECTION('',(0.,0.,-1.));
#8886 = DIRECTION('',(0.963621561732,-0.267270435638,0.));
#8887 = ORIENTED_EDGE('',*,*,#8888,.T.);
#8888 = EDGE_CURVE('',#8880,#8889,#8891,.T.);
#8889 = VERTEX_POINT('',#8890);
#8890 = CARTESIAN_POINT('',(160.283046,-121.305156,1.585));
#8891 = LINE('',#8892,#8893);
#8892 = CARTESIAN_POINT('',(160.603202,-121.306378,1.585));
#8893 = VECTOR('',#8894,1.);
#8894 = DIRECTION('',(-0.999992715758,3.816861463332E-03,0.));
#8895 = ORIENTED_EDGE('',*,*,#8896,.T.);
#8896 = EDGE_CURVE('',#8889,#8897,#8899,.T.);
#8897 = VERTEX_POINT('',#8898);
#8898 = CARTESIAN_POINT('',(160.160333,-121.24295,1.585));
#8899 = LINE('',#8900,#8901);
#8900 = CARTESIAN_POINT('',(160.283046,-121.305156,1.585));
#8901 = VECTOR('',#8902,1.);
#8902 = DIRECTION('',(-0.891943702445,0.452146471477,0.));
#8903 = ORIENTED_EDGE('',*,*,#8904,.T.);
#8904 = EDGE_CURVE('',#8897,#8905,#8907,.T.);
#8905 = VERTEX_POINT('',#8906);
#8906 = CARTESIAN_POINT('',(160.097638,-121.179247,1.585));
#8907 = LINE('',#8908,#8909);
#8908 = CARTESIAN_POINT('',(160.160333,-121.24295,1.585));
#8909 = VECTOR('',#8910,1.);
#8910 = DIRECTION('',(-0.701445434384,0.712723159846,0.));
#8911 = ORIENTED_EDGE('',*,*,#8912,.T.);
#8912 = EDGE_CURVE('',#8905,#8913,#8915,.T.);
#8913 = VERTEX_POINT('',#8914);
#8914 = CARTESIAN_POINT('',(160.213033,-121.084548,1.585));
#8915 = CIRCLE('',#8916,7.50001266804E-02);
#8916 = AXIS2_PLACEMENT_3D('',#8917,#8918,#8919);
#8917 = CARTESIAN_POINT('',(160.15999905199,-121.1375802483,1.585));
#8918 = DIRECTION('',(0.,0.,-1.));
#8919 = DIRECTION('',(-0.831479288827,-0.555555750804,-0.));
#8920 = ORIENTED_EDGE('',*,*,#8921,.T.);
#8921 = EDGE_CURVE('',#8913,#8922,#8924,.T.);
#8922 = VERTEX_POINT('',#8923);
#8923 = CARTESIAN_POINT('',(160.252045,-121.123561,1.585));
#8924 = LINE('',#8925,#8926);
#8925 = CARTESIAN_POINT('',(160.213033,-121.084548,1.585));
#8926 = VECTOR('',#8927,1.);
#8927 = DIRECTION('',(0.707097718562,-0.707115843695,0.));
#8928 = ORIENTED_EDGE('',*,*,#8929,.T.);
#8929 = EDGE_CURVE('',#8922,#8930,#8932,.T.);
#8930 = VERTEX_POINT('',#8931);
#8931 = CARTESIAN_POINT('',(160.63938,-121.123561,1.585));
#8932 = CIRCLE('',#8933,0.358502380266);
#8933 = AXIS2_PLACEMENT_3D('',#8934,#8935,#8936);
#8934 = CARTESIAN_POINT('',(160.4457125,-120.821871,1.585));
#8935 = DIRECTION('',(0.,0.,1.));
#8936 = DIRECTION('',(-0.540212591773,-0.841528582812,0.));
#8937 = ORIENTED_EDGE('',*,*,#8938,.T.);
#8938 = EDGE_CURVE('',#8930,#8939,#8941,.T.);
#8939 = VERTEX_POINT('',#8940);
#8940 = CARTESIAN_POINT('',(160.669787,-121.093153,1.585));
#8941 = LINE('',#8942,#8943);
#8942 = CARTESIAN_POINT('',(160.63938,-121.123561,1.585));
#8943 = VECTOR('',#8944,1.);
#8944 = DIRECTION('',(0.707095153914,0.707118408268,0.));
#8945 = ORIENTED_EDGE('',*,*,#8946,.T.);
#8946 = EDGE_CURVE('',#8939,#8947,#8949,.T.);
#8947 = VERTEX_POINT('',#8948);
#8948 = CARTESIAN_POINT('',(160.669788,-120.753436,1.585));
#8949 = CIRCLE('',#8950,0.305616146029);
#8950 = AXIS2_PLACEMENT_3D('',#8951,#8952,#8953);
#8951 = CARTESIAN_POINT('',(160.41572192049,-120.9232937521,1.585));
#8952 = DIRECTION('',(0.,-0.,1.));
#8953 = DIRECTION('',(0.831320867071,-0.555792781505,-0.));
#8954 = ORIENTED_EDGE('',*,*,#8955,.T.);
#8955 = EDGE_CURVE('',#8947,#8956,#8958,.T.);
#8956 = VERTEX_POINT('',#8957);
#8957 = CARTESIAN_POINT('',(160.639381,-120.723029,1.585));
#8958 = LINE('',#8959,#8960);
#8959 = CARTESIAN_POINT('',(160.669788,-120.753436,1.585));
#8960 = VECTOR('',#8961,1.);
#8961 = DIRECTION('',(-0.707106781187,0.707106781186,0.));
#8962 = ORIENTED_EDGE('',*,*,#8963,.T.);
#8963 = EDGE_CURVE('',#8956,#8964,#8966,.T.);
#8964 = VERTEX_POINT('',#8965);
#8965 = CARTESIAN_POINT('',(160.570865,-120.688771,1.585));
#8966 = LINE('',#8967,#8968);
#8967 = CARTESIAN_POINT('',(160.639381,-120.723029,1.585));
#8968 = VECTOR('',#8969,1.);
#8969 = DIRECTION('',(-0.894427191,0.4472135955,0.));
#8970 = ORIENTED_EDGE('',*,*,#8971,.T.);
#8971 = EDGE_CURVE('',#8964,#8972,#8974,.T.);
#8972 = VERTEX_POINT('',#8973);
#8973 = CARTESIAN_POINT('',(160.431081,-120.68733,1.585));
#8974 = LINE('',#8975,#8976);
#8975 = CARTESIAN_POINT('',(160.570865,-120.688771,1.585));
#8976 = VECTOR('',#8977,1.);
#8977 = DIRECTION('',(-0.999946868947,1.030821437469E-02,0.));
#8978 = ORIENTED_EDGE('',*,*,#8979,.T.);
#8979 = EDGE_CURVE('',#8972,#8980,#8982,.T.);
#8980 = VERTEX_POINT('',#8981);
#8981 = CARTESIAN_POINT('',(160.38927,-120.564383,1.585));
#8982 = CIRCLE('',#8983,7.500015628753E-02);
#8983 = AXIS2_PLACEMENT_3D('',#8984,#8985,#8986);
#8984 = CARTESIAN_POINT('',(160.44571328432,-120.6137710461,1.585));
#8985 = DIRECTION('',(0.,0.,-1.));
#8986 = DIRECTION('',(-0.195096717784,-0.980784008184,-0.));
#8987 = ORIENTED_EDGE('',*,*,#8988,.T.);
#8988 = EDGE_CURVE('',#8980,#8989,#8991,.T.);
#8989 = VERTEX_POINT('',#8990);
#8990 = CARTESIAN_POINT('',(160.613764,-120.307819,1.585));
#8991 = LINE('',#8992,#8993);
#8992 = CARTESIAN_POINT('',(160.38927,-120.564383,1.585));
#8993 = VECTOR('',#8994,1.);
#8994 = DIRECTION('',(0.658505438534,0.752575967874,0.));
#8995 = ORIENTED_EDGE('',*,*,#8996,.T.);
#8996 = EDGE_CURVE('',#8989,#8819,#8997,.T.);
#8997 = LINE('',#8998,#8999);
#8998 = CARTESIAN_POINT('',(160.613764,-120.307819,1.585));
#8999 = VECTOR('',#9000,1.);
#9000 = DIRECTION('',(-0.999995267761,3.076435546862E-03,0.));
#9001 = PLANE('',#9002);
#9002 = AXIS2_PLACEMENT_3D('',#9003,#9004,#9005);
#9003 = CARTESIAN_POINT('',(0.,0.,1.585));
#9004 = DIRECTION('',(0.,0.,1.));
#9005 = DIRECTION('',(1.,0.,-0.));
#9006 = SHELL_BASED_SURFACE_MODEL('',(#9007));
#9007 = OPEN_SHELL('',(#9008));
#9008 = ADVANCED_FACE('',(#9009),#9078,.T.);
#9009 = FACE_BOUND('',#9010,.F.);
#9010 = EDGE_LOOP('',(#9011,#9022,#9030,#9038,#9047,#9055,#9064,#9072));
#9011 = ORIENTED_EDGE('',*,*,#9012,.T.);
#9012 = EDGE_CURVE('',#9013,#9015,#9017,.T.);
#9013 = VERTEX_POINT('',#9014);
#9014 = CARTESIAN_POINT('',(146.569567,-118.087039,1.585));
#9015 = VERTEX_POINT('',#9016);
#9016 = CARTESIAN_POINT('',(146.685,-118.11,1.585));
#9017 = CIRCLE('',#9018,6.000007318647E-02);
#9018 = AXIS2_PLACEMENT_3D('',#9019,#9020,#9021);
#9019 = CARTESIAN_POINT('',(146.62499992681,-118.1099998233,1.585));
#9020 = DIRECTION('',(0.,0.,-1.));
#9021 = DIRECTION('',(-0.923880986637,0.382679921777,0.));
#9022 = ORIENTED_EDGE('',*,*,#9023,.T.);
#9023 = EDGE_CURVE('',#9015,#9024,#9026,.T.);
#9024 = VERTEX_POINT('',#9025);
#9025 = CARTESIAN_POINT('',(146.685,-119.38,1.585));
#9026 = LINE('',#9027,#9028);
#9027 = CARTESIAN_POINT('',(146.685,-118.11,1.585));
#9028 = VECTOR('',#9029,1.);
#9029 = DIRECTION('',(0.,-1.,0.));
#9030 = ORIENTED_EDGE('',*,*,#9031,.T.);
#9031 = EDGE_CURVE('',#9024,#9032,#9034,.T.);
#9032 = VERTEX_POINT('',#9033);
#9033 = CARTESIAN_POINT('',(147.955,-119.38,1.585));
#9034 = LINE('',#9035,#9036);
#9035 = CARTESIAN_POINT('',(146.685,-119.38,1.585));
#9036 = VECTOR('',#9037,1.);
#9037 = DIRECTION('',(1.,0.,0.));
#9038 = ORIENTED_EDGE('',*,*,#9039,.T.);
#9039 = EDGE_CURVE('',#9032,#9040,#9042,.T.);
#9040 = VERTEX_POINT('',#9041);
#9041 = CARTESIAN_POINT('',(147.955,-119.5,1.585));
#9042 = CIRCLE('',#9043,6.000000000043E-02);
#9043 = AXIS2_PLACEMENT_3D('',#9044,#9045,#9046);
#9044 = CARTESIAN_POINT('',(147.95500022558,-119.44,1.585));
#9045 = DIRECTION('',(0.,0.,-1.));
#9046 = DIRECTION('',(-3.759793779989E-06,0.999999999993,-0.));
#9047 = ORIENTED_EDGE('',*,*,#9048,.T.);
#9048 = EDGE_CURVE('',#9040,#9049,#9051,.T.);
#9049 = VERTEX_POINT('',#9050);
#9050 = CARTESIAN_POINT('',(146.625,-119.5,1.585));
#9051 = LINE('',#9052,#9053);
#9052 = CARTESIAN_POINT('',(147.955,-119.5,1.585));
#9053 = VECTOR('',#9054,1.);
#9054 = DIRECTION('',(-1.,0.,0.));
#9055 = ORIENTED_EDGE('',*,*,#9056,.T.);
#9056 = EDGE_CURVE('',#9049,#9057,#9059,.T.);
#9057 = VERTEX_POINT('',#9058);
#9058 = CARTESIAN_POINT('',(146.565,-119.44,1.585));
#9059 = CIRCLE('',#9060,5.999932016257E-02);
#9060 = AXIS2_PLACEMENT_3D('',#9061,#9062,#9063);
#9061 = CARTESIAN_POINT('',(146.62499932015,-119.4400006798,1.585));
#9062 = DIRECTION('',(0.,0.,-1.));
#9063 = DIRECTION('',(1.133081659513E-05,-0.999999999936,0.));
#9064 = ORIENTED_EDGE('',*,*,#9065,.T.);
#9065 = EDGE_CURVE('',#9057,#9066,#9068,.T.);
#9066 = VERTEX_POINT('',#9067);
#9067 = CARTESIAN_POINT('',(146.565,-118.11,1.585));
#9068 = LINE('',#9069,#9070);
#9069 = CARTESIAN_POINT('',(146.565,-119.44,1.585));
#9070 = VECTOR('',#9071,1.);
#9071 = DIRECTION('',(0.,1.,0.));
#9072 = ORIENTED_EDGE('',*,*,#9073,.T.);
#9073 = EDGE_CURVE('',#9066,#9013,#9074,.T.);
#9074 = LINE('',#9075,#9076);
#9075 = CARTESIAN_POINT('',(146.565,-118.11,1.585));
#9076 = VECTOR('',#9077,1.);
#9077 = DIRECTION('',(0.195081000118,0.980787134598,0.));
#9078 = PLANE('',#9079);
#9079 = AXIS2_PLACEMENT_3D('',#9080,#9081,#9082);
#9080 = CARTESIAN_POINT('',(0.,0.,1.585));
#9081 = DIRECTION('',(0.,0.,1.));
#9082 = DIRECTION('',(1.,0.,-0.));
#9083 = SHELL_BASED_SURFACE_MODEL('',(#9084));
#9084 = OPEN_SHELL('',(#9085));
#9085 = ADVANCED_FACE('',(#9086,#9181),#9240,.T.);
#9086 = FACE_BOUND('',#9087,.F.);
#9087 = EDGE_LOOP('',(#9088,#9099,#9107,#9116,#9124,#9133,#9141,#9150,
    #9158,#9166,#9175));
#9088 = ORIENTED_EDGE('',*,*,#9089,.T.);
#9089 = EDGE_CURVE('',#9090,#9092,#9094,.T.);
#9090 = VERTEX_POINT('',#9091);
#9091 = CARTESIAN_POINT('',(146.565,-114.24,1.585));
#9092 = VERTEX_POINT('',#9093);
#9093 = CARTESIAN_POINT('',(146.625,-114.18,1.585));
#9094 = CIRCLE('',#9095,5.999932016262E-02);
#9095 = AXIS2_PLACEMENT_3D('',#9096,#9097,#9098);
#9096 = CARTESIAN_POINT('',(146.62499932015,-114.2399993201,1.585));
#9097 = DIRECTION('',(0.,0.,-1.));
#9098 = DIRECTION('',(-0.999999999936,-1.133081541087E-05,-0.));
#9099 = ORIENTED_EDGE('',*,*,#9100,.T.);
#9100 = EDGE_CURVE('',#9092,#9101,#9103,.T.);
#9101 = VERTEX_POINT('',#9102);
#9102 = CARTESIAN_POINT('',(167.065,-114.18,1.585));
#9103 = LINE('',#9104,#9105);
#9104 = CARTESIAN_POINT('',(146.625,-114.18,1.585));
#9105 = VECTOR('',#9106,1.);
#9106 = DIRECTION('',(1.,0.,0.));
#9107 = ORIENTED_EDGE('',*,*,#9108,.T.);
#9108 = EDGE_CURVE('',#9101,#9109,#9111,.T.);
#9109 = VERTEX_POINT('',#9110);
#9110 = CARTESIAN_POINT('',(167.125,-114.24,1.585));
#9111 = CIRCLE('',#9112,5.999932016257E-02);
#9112 = AXIS2_PLACEMENT_3D('',#9113,#9114,#9115);
#9113 = CARTESIAN_POINT('',(167.06500067984,-114.2399993201,1.585));
#9114 = DIRECTION('',(0.,0.,-1.));
#9115 = DIRECTION('',(-1.133081659513E-05,0.999999999936,0.));
#9116 = ORIENTED_EDGE('',*,*,#9117,.T.);
#9117 = EDGE_CURVE('',#9109,#9118,#9120,.T.);
#9118 = VERTEX_POINT('',#9119);
#9119 = CARTESIAN_POINT('',(167.125,-119.44,1.585));
#9120 = LINE('',#9121,#9122);
#9121 = CARTESIAN_POINT('',(167.125,-114.24,1.585));
#9122 = VECTOR('',#9123,1.);
#9123 = DIRECTION('',(0.,-1.,0.));
#9124 = ORIENTED_EDGE('',*,*,#9125,.T.);
#9125 = EDGE_CURVE('',#9118,#9126,#9128,.T.);
#9126 = VERTEX_POINT('',#9127);
#9127 = CARTESIAN_POINT('',(167.065,-119.5,1.585));
#9128 = CIRCLE('',#9129,5.999932016262E-02);
#9129 = AXIS2_PLACEMENT_3D('',#9130,#9131,#9132);
#9130 = CARTESIAN_POINT('',(167.06500067984,-119.4400006798,1.585));
#9131 = DIRECTION('',(0.,0.,-1.));
#9132 = DIRECTION('',(0.999999999936,1.133081564772E-05,0.));
#9133 = ORIENTED_EDGE('',*,*,#9134,.T.);
#9134 = EDGE_CURVE('',#9126,#9135,#9137,.T.);
#9135 = VERTEX_POINT('',#9136);
#9136 = CARTESIAN_POINT('',(149.225,-119.5,1.585));
#9137 = LINE('',#9138,#9139);
#9138 = CARTESIAN_POINT('',(167.065,-119.5,1.585));
#9139 = VECTOR('',#9140,1.);
#9140 = DIRECTION('',(-1.,0.,0.));
#9141 = ORIENTED_EDGE('',*,*,#9142,.T.);
#9142 = EDGE_CURVE('',#9135,#9143,#9145,.T.);
#9143 = VERTEX_POINT('',#9144);
#9144 = CARTESIAN_POINT('',(149.165,-119.44,1.585));
#9145 = CIRCLE('',#9146,5.999932016263E-02);
#9146 = AXIS2_PLACEMENT_3D('',#9147,#9148,#9149);
#9147 = CARTESIAN_POINT('',(149.22499932015,-119.4400006798,1.585));
#9148 = DIRECTION('',(0.,0.,-1.));
#9149 = DIRECTION('',(1.133081564772E-05,-0.999999999936,0.));
#9150 = ORIENTED_EDGE('',*,*,#9151,.T.);
#9151 = EDGE_CURVE('',#9143,#9152,#9154,.T.);
#9152 = VERTEX_POINT('',#9153);
#9153 = CARTESIAN_POINT('',(149.165,-116.9,1.585));
#9154 = LINE('',#9155,#9156);
#9155 = CARTESIAN_POINT('',(149.165,-119.44,1.585));
#9156 = VECTOR('',#9157,1.);
#9157 = DIRECTION('',(0.,1.,0.));
#9158 = ORIENTED_EDGE('',*,*,#9159,.T.);
#9159 = EDGE_CURVE('',#9152,#9160,#9162,.T.);
#9160 = VERTEX_POINT('',#9161);
#9161 = CARTESIAN_POINT('',(146.625,-116.9,1.585));
#9162 = LINE('',#9163,#9164);
#9163 = CARTESIAN_POINT('',(149.165,-116.9,1.585));
#9164 = VECTOR('',#9165,1.);
#9165 = DIRECTION('',(-1.,0.,0.));
#9166 = ORIENTED_EDGE('',*,*,#9167,.T.);
#9167 = EDGE_CURVE('',#9160,#9168,#9170,.T.);
#9168 = VERTEX_POINT('',#9169);
#9169 = CARTESIAN_POINT('',(146.565,-116.84,1.585));
#9170 = CIRCLE('',#9171,5.999932016262E-02);
#9171 = AXIS2_PLACEMENT_3D('',#9172,#9173,#9174);
#9172 = CARTESIAN_POINT('',(146.62499932015,-116.8400006798,1.585));
#9173 = DIRECTION('',(0.,0.,-1.));
#9174 = DIRECTION('',(1.133081564772E-05,-0.999999999936,0.));
#9175 = ORIENTED_EDGE('',*,*,#9176,.T.);
#9176 = EDGE_CURVE('',#9168,#9090,#9177,.T.);
#9177 = LINE('',#9178,#9179);
#9178 = CARTESIAN_POINT('',(146.565,-116.84,1.585));
#9179 = VECTOR('',#9180,1.);
#9180 = DIRECTION('',(0.,1.,0.));
#9181 = FACE_BOUND('',#9182,.F.);
#9182 = EDGE_LOOP('',(#9183,#9193,#9201,#9209,#9217,#9226,#9234));
#9183 = ORIENTED_EDGE('',*,*,#9184,.T.);
#9184 = EDGE_CURVE('',#9185,#9187,#9189,.T.);
#9185 = VERTEX_POINT('',#9186);
#9186 = CARTESIAN_POINT('',(167.005,-119.38,1.585));
#9187 = VERTEX_POINT('',#9188);
#9188 = CARTESIAN_POINT('',(167.005,-114.3,1.585));
#9189 = LINE('',#9190,#9191);
#9190 = CARTESIAN_POINT('',(167.005,-119.38,1.585));
#9191 = VECTOR('',#9192,1.);
#9192 = DIRECTION('',(0.,1.,0.));
#9193 = ORIENTED_EDGE('',*,*,#9194,.T.);
#9194 = EDGE_CURVE('',#9187,#9195,#9197,.T.);
#9195 = VERTEX_POINT('',#9196);
#9196 = CARTESIAN_POINT('',(146.685,-114.3,1.585));
#9197 = LINE('',#9198,#9199);
#9198 = CARTESIAN_POINT('',(167.005,-114.3,1.585));
#9199 = VECTOR('',#9200,1.);
#9200 = DIRECTION('',(-1.,0.,0.));
#9201 = ORIENTED_EDGE('',*,*,#9202,.T.);
#9202 = EDGE_CURVE('',#9195,#9203,#9205,.T.);
#9203 = VERTEX_POINT('',#9204);
#9204 = CARTESIAN_POINT('',(146.685,-116.78,1.585));
#9205 = LINE('',#9206,#9207);
#9206 = CARTESIAN_POINT('',(146.685,-114.3,1.585));
#9207 = VECTOR('',#9208,1.);
#9208 = DIRECTION('',(0.,-1.,0.));
#9209 = ORIENTED_EDGE('',*,*,#9210,.T.);
#9210 = EDGE_CURVE('',#9203,#9211,#9213,.T.);
#9211 = VERTEX_POINT('',#9212);
#9212 = CARTESIAN_POINT('',(149.225,-116.78,1.585));
#9213 = LINE('',#9214,#9215);
#9214 = CARTESIAN_POINT('',(146.685,-116.78,1.585));
#9215 = VECTOR('',#9216,1.);
#9216 = DIRECTION('',(1.,0.,0.));
#9217 = ORIENTED_EDGE('',*,*,#9218,.T.);
#9218 = EDGE_CURVE('',#9211,#9219,#9221,.T.);
#9219 = VERTEX_POINT('',#9220);
#9220 = CARTESIAN_POINT('',(149.285,-116.84,1.585));
#9221 = CIRCLE('',#9222,5.999932016257E-02);
#9222 = AXIS2_PLACEMENT_3D('',#9223,#9224,#9225);
#9223 = CARTESIAN_POINT('',(149.22500067984,-116.8399993201,1.585));
#9224 = DIRECTION('',(0.,0.,-1.));
#9225 = DIRECTION('',(-1.133081659513E-05,0.999999999936,0.));
#9226 = ORIENTED_EDGE('',*,*,#9227,.T.);
#9227 = EDGE_CURVE('',#9219,#9228,#9230,.T.);
#9228 = VERTEX_POINT('',#9229);
#9229 = CARTESIAN_POINT('',(149.285,-119.38,1.585));
#9230 = LINE('',#9231,#9232);
#9231 = CARTESIAN_POINT('',(149.285,-116.84,1.585));
#9232 = VECTOR('',#9233,1.);
#9233 = DIRECTION('',(0.,-1.,0.));
#9234 = ORIENTED_EDGE('',*,*,#9235,.T.);
#9235 = EDGE_CURVE('',#9228,#9185,#9236,.T.);
#9236 = LINE('',#9237,#9238);
#9237 = CARTESIAN_POINT('',(149.285,-119.38,1.585));
#9238 = VECTOR('',#9239,1.);
#9239 = DIRECTION('',(1.,0.,0.));
#9240 = PLANE('',#9241);
#9241 = AXIS2_PLACEMENT_3D('',#9242,#9243,#9244);
#9242 = CARTESIAN_POINT('',(0.,0.,1.585));
#9243 = DIRECTION('',(0.,0.,1.));
#9244 = DIRECTION('',(1.,0.,-0.));
#9245 = SHELL_BASED_SURFACE_MODEL('',(#9246));
#9246 = OPEN_SHELL('',(#9247));
#9247 = ADVANCED_FACE('',(#9248),#9318,.T.);
#9248 = FACE_BOUND('',#9249,.F.);
#9249 = EDGE_LOOP('',(#9250,#9261,#9269,#9278,#9286,#9295,#9303,#9312));
#9250 = ORIENTED_EDGE('',*,*,#9251,.T.);
#9251 = EDGE_CURVE('',#9252,#9254,#9256,.T.);
#9252 = VERTEX_POINT('',#9253);
#9253 = CARTESIAN_POINT('',(145.065187,-117.246892,1.585));
#9254 = VERTEX_POINT('',#9255);
#9255 = CARTESIAN_POINT('',(145.079819,-117.098333,1.585));
#9256 = CIRCLE('',#9257,7.500006711465E-02);
#9257 = AXIS2_PLACEMENT_3D('',#9258,#9259,#9260);
#9258 = CARTESIAN_POINT('',(145.07981893288,-117.1733330671,1.585));
#9259 = DIRECTION('',(0.,0.,-1.));
#9260 = DIRECTION('',(-0.195092263891,-0.980784894138,-0.));
#9261 = ORIENTED_EDGE('',*,*,#9262,.T.);
#9262 = EDGE_CURVE('',#9254,#9263,#9265,.T.);
#9263 = VERTEX_POINT('',#9264);
#9264 = CARTESIAN_POINT('',(145.801509,-117.099062,1.585));
#9265 = LINE('',#9266,#9267);
#9266 = CARTESIAN_POINT('',(145.079819,-117.098333,1.585));
#9267 = VECTOR('',#9268,1.);
#9268 = DIRECTION('',(0.99999948982,-1.010128487419E-03,0.));
#9269 = ORIENTED_EDGE('',*,*,#9270,.T.);
#9270 = EDGE_CURVE('',#9263,#9271,#9273,.T.);
#9271 = VERTEX_POINT('',#9272);
#9272 = CARTESIAN_POINT('',(146.154089,-117.45164,1.585));
#9273 = CIRCLE('',#9274,0.383787726409);
#9274 = AXIS2_PLACEMENT_3D('',#9275,#9276,#9277);
#9275 = CARTESIAN_POINT('',(145.77147818139,-117.4816729889,1.585));
#9276 = DIRECTION('',(0.,0.,-1.));
#9277 = DIRECTION('',(7.824851224122E-02,0.996933884634,0.));
#9278 = ORIENTED_EDGE('',*,*,#9279,.T.);
#9279 = EDGE_CURVE('',#9271,#9280,#9282,.T.);
#9280 = VERTEX_POINT('',#9281);
#9281 = CARTESIAN_POINT('',(146.153378,-117.568917,1.585));
#9282 = LINE('',#9283,#9284);
#9283 = CARTESIAN_POINT('',(146.154089,-117.45164,1.585));
#9284 = VECTOR('',#9285,1.);
#9285 = DIRECTION('',(-6.062458402253E-03,-0.99998162313,0.));
#9286 = ORIENTED_EDGE('',*,*,#9287,.T.);
#9287 = EDGE_CURVE('',#9280,#9288,#9290,.T.);
#9288 = VERTEX_POINT('',#9289);
#9289 = CARTESIAN_POINT('',(146.004819,-117.554285,1.585));
#9290 = CIRCLE('',#9291,7.500006711465E-02);
#9291 = AXIS2_PLACEMENT_3D('',#9292,#9293,#9294);
#9292 = CARTESIAN_POINT('',(146.07981906711,-117.5542850671,1.585));
#9293 = DIRECTION('',(-0.,0.,-1.));
#9294 = DIRECTION('',(0.980784894138,-0.195092263892,-0.));
#9295 = ORIENTED_EDGE('',*,*,#9296,.T.);
#9296 = EDGE_CURVE('',#9288,#9297,#9299,.T.);
#9297 = VERTEX_POINT('',#9298);
#9298 = CARTESIAN_POINT('',(146.004819,-117.471217,1.585));
#9299 = LINE('',#9300,#9301);
#9300 = CARTESIAN_POINT('',(146.004819,-117.554285,1.585));
#9301 = VECTOR('',#9302,1.);
#9302 = DIRECTION('',(0.,1.,0.));
#9303 = ORIENTED_EDGE('',*,*,#9304,.T.);
#9304 = EDGE_CURVE('',#9297,#9305,#9307,.T.);
#9305 = VERTEX_POINT('',#9306);
#9306 = CARTESIAN_POINT('',(145.781934,-117.248333,1.585));
#9307 = CIRCLE('',#9308,0.239434552369);
#9308 = AXIS2_PLACEMENT_3D('',#9309,#9310,#9311);
#9309 = CARTESIAN_POINT('',(145.76592060777,-117.487231464,1.585));
#9310 = DIRECTION('',(0.,0.,1.));
#9311 = DIRECTION('',(0.997760723601,6.68845156944E-02,-0.));
#9312 = ORIENTED_EDGE('',*,*,#9313,.T.);
#9313 = EDGE_CURVE('',#9305,#9252,#9314,.T.);
#9314 = LINE('',#9315,#9316);
#9315 = CARTESIAN_POINT('',(145.781934,-117.248333,1.585));
#9316 = VECTOR('',#9317,1.);
#9317 = DIRECTION('',(-0.999997979007,2.010468251347E-03,0.));
#9318 = PLANE('',#9319);
#9319 = AXIS2_PLACEMENT_3D('',#9320,#9321,#9322);
#9320 = CARTESIAN_POINT('',(0.,0.,1.585));
#9321 = DIRECTION('',(0.,0.,1.));
#9322 = DIRECTION('',(1.,0.,-0.));
#9323 = SHELL_BASED_SURFACE_MODEL('',(#9324));
#9324 = OPEN_SHELL('',(#9325));
#9325 = ADVANCED_FACE('',(#9326),#9460,.T.);
#9326 = FACE_BOUND('',#9327,.F.);
#9327 = EDGE_LOOP('',(#9328,#9339,#9347,#9356,#9364,#9372,#9380,#9388,
    #9397,#9405,#9413,#9421,#9430,#9438,#9446,#9454));
#9328 = ORIENTED_EDGE('',*,*,#9329,.T.);
#9329 = EDGE_CURVE('',#9330,#9332,#9334,.T.);
#9330 = VERTEX_POINT('',#9331);
#9331 = CARTESIAN_POINT('',(146.038151,-116.110973,1.585));
#9332 = VERTEX_POINT('',#9333);
#9333 = CARTESIAN_POINT('',(146.154819,-116.173333,1.585));
#9334 = CIRCLE('',#9335,7.500000000004E-02);
#9335 = AXIS2_PLACEMENT_3D('',#9336,#9337,#9338);
#9336 = CARTESIAN_POINT('',(146.079819,-116.1733330655,1.585));
#9337 = DIRECTION('',(0.,0.,-1.));
#9338 = DIRECTION('',(-0.555573333333,0.831467540731,0.));
#9339 = ORIENTED_EDGE('',*,*,#9340,.T.);
#9340 = EDGE_CURVE('',#9332,#9341,#9343,.T.);
#9341 = VERTEX_POINT('',#9342);
#9342 = CARTESIAN_POINT('',(146.153378,-116.759393,1.585));
#9343 = LINE('',#9344,#9345);
#9344 = CARTESIAN_POINT('',(146.154819,-116.173333,1.585));
#9345 = VECTOR('',#9346,1.);
#9346 = DIRECTION('',(-2.45878518261E-03,-0.999996977183,0.));
#9347 = ORIENTED_EDGE('',*,*,#9348,.T.);
#9348 = EDGE_CURVE('',#9341,#9349,#9351,.T.);
#9349 = VERTEX_POINT('',#9350);
#9350 = CARTESIAN_POINT('',(146.004819,-116.744761,1.585));
#9351 = CIRCLE('',#9352,7.500006711464E-02);
#9352 = AXIS2_PLACEMENT_3D('',#9353,#9354,#9355);
#9353 = CARTESIAN_POINT('',(146.07981906711,-116.7447610671,1.585));
#9354 = DIRECTION('',(-0.,0.,-1.));
#9355 = DIRECTION('',(0.980784894138,-0.195092263891,-0.));
#9356 = ORIENTED_EDGE('',*,*,#9357,.T.);
#9357 = EDGE_CURVE('',#9349,#9358,#9360,.T.);
#9358 = VERTEX_POINT('',#9359);
#9359 = CARTESIAN_POINT('',(146.004819,-116.534047,1.585));
#9360 = LINE('',#9361,#9362);
#9361 = CARTESIAN_POINT('',(146.004819,-116.744761,1.585));
#9362 = VECTOR('',#9363,1.);
#9363 = DIRECTION('',(0.,1.,0.));
#9364 = ORIENTED_EDGE('',*,*,#9365,.T.);
#9365 = EDGE_CURVE('',#9358,#9366,#9368,.T.);
#9366 = VERTEX_POINT('',#9367);
#9367 = CARTESIAN_POINT('',(145.308504,-116.534047,1.585));
#9368 = LINE('',#9369,#9370);
#9369 = CARTESIAN_POINT('',(146.004819,-116.534047,1.585));
#9370 = VECTOR('',#9371,1.);
#9371 = DIRECTION('',(-1.,0.,0.));
#9372 = ORIENTED_EDGE('',*,*,#9373,.T.);
#9373 = EDGE_CURVE('',#9366,#9374,#9376,.T.);
#9374 = VERTEX_POINT('',#9375);
#9375 = CARTESIAN_POINT('',(145.381033,-116.609687,1.585));
#9376 = LINE('',#9377,#9378);
#9377 = CARTESIAN_POINT('',(145.308504,-116.534047,1.585));
#9378 = VECTOR('',#9379,1.);
#9379 = DIRECTION('',(0.692107619701,-0.72179432164,0.));
#9380 = ORIENTED_EDGE('',*,*,#9381,.T.);
#9381 = EDGE_CURVE('',#9374,#9382,#9384,.T.);
#9382 = VERTEX_POINT('',#9383);
#9383 = CARTESIAN_POINT('',(145.43787,-116.724951,1.585));
#9384 = LINE('',#9385,#9386);
#9385 = CARTESIAN_POINT('',(145.381033,-116.609687,1.585));
#9386 = VECTOR('',#9387,1.);
#9387 = DIRECTION('',(0.442257930733,-0.896887909777,0.));
#9388 = ORIENTED_EDGE('',*,*,#9389,.T.);
#9389 = EDGE_CURVE('',#9382,#9390,#9392,.T.);
#9390 = VERTEX_POINT('',#9391);
#9391 = CARTESIAN_POINT('',(145.298451,-116.778302,1.585));
#9392 = CIRCLE('',#9393,7.500029440469E-02);
#9393 = AXIS2_PLACEMENT_3D('',#9394,#9395,#9396);
#9394 = CARTESIAN_POINT('',(145.36553305397,-116.7447603513,1.585));
#9395 = DIRECTION('',(0.,0.,-1.));
#9396 = DIRECTION('',(0.964488827732,0.264123647522,0.));
#9397 = ORIENTED_EDGE('',*,*,#9398,.T.);
#9398 = EDGE_CURVE('',#9390,#9399,#9401,.T.);
#9399 = VERTEX_POINT('',#9400);
#9400 = CARTESIAN_POINT('',(145.256275,-116.69395,1.585));
#9401 = LINE('',#9402,#9403);
#9402 = CARTESIAN_POINT('',(145.298451,-116.778302,1.585));
#9403 = VECTOR('',#9404,1.);
#9404 = DIRECTION('',(-0.4472135955,0.894427191,0.));
#9405 = ORIENTED_EDGE('',*,*,#9406,.T.);
#9406 = EDGE_CURVE('',#9399,#9407,#9409,.T.);
#9407 = VERTEX_POINT('',#9408);
#9408 = CARTESIAN_POINT('',(145.174894,-116.612569,1.585));
#9409 = LINE('',#9410,#9411);
#9410 = CARTESIAN_POINT('',(145.256275,-116.69395,1.585));
#9411 = VECTOR('',#9412,1.);
#9412 = DIRECTION('',(-0.707106781186,0.707106781187,0.));
#9413 = ORIENTED_EDGE('',*,*,#9414,.T.);
#9414 = EDGE_CURVE('',#9407,#9415,#9417,.T.);
#9415 = VERTEX_POINT('',#9416);
#9416 = CARTESIAN_POINT('',(145.026841,-116.512135,1.585));
#9417 = LINE('',#9418,#9419);
#9418 = CARTESIAN_POINT('',(145.174894,-116.612569,1.585));
#9419 = VECTOR('',#9420,1.);
#9420 = DIRECTION('',(-0.827555069925,0.561384544,0.));
#9421 = ORIENTED_EDGE('',*,*,#9422,.T.);
#9422 = EDGE_CURVE('',#9415,#9423,#9425,.T.);
#9423 = VERTEX_POINT('',#9424);
#9424 = CARTESIAN_POINT('',(145.079819,-116.384047,1.585));
#9425 = CIRCLE('',#9426,7.499993751712E-02);
#9426 = AXIS2_PLACEMENT_3D('',#9427,#9428,#9429);
#9427 = CARTESIAN_POINT('',(145.07981880902,-116.4590469375,1.585));
#9428 = DIRECTION('',(0.,0.,-1.));
#9429 = DIRECTION('',(-0.706371375515,-0.707841422815,-0.));
#9430 = ORIENTED_EDGE('',*,*,#9431,.T.);
#9431 = EDGE_CURVE('',#9423,#9432,#9434,.T.);
#9432 = VERTEX_POINT('',#9433);
#9433 = CARTESIAN_POINT('',(146.004819,-116.384047,1.585));
#9434 = LINE('',#9435,#9436);
#9435 = CARTESIAN_POINT('',(145.079819,-116.384047,1.585));
#9436 = VECTOR('',#9437,1.);
#9437 = DIRECTION('',(1.,0.,0.));
#9438 = ORIENTED_EDGE('',*,*,#9439,.T.);
#9439 = EDGE_CURVE('',#9432,#9440,#9442,.T.);
#9440 = VERTEX_POINT('',#9441);
#9441 = CARTESIAN_POINT('',(146.00626,-116.158701,1.585));
#9442 = LINE('',#9443,#9444);
#9443 = CARTESIAN_POINT('',(146.004819,-116.384047,1.585));
#9444 = VECTOR('',#9445,1.);
#9445 = DIRECTION('',(6.394480216655E-03,0.999979555102,0.));
#9446 = ORIENTED_EDGE('',*,*,#9447,.T.);
#9447 = EDGE_CURVE('',#9440,#9448,#9450,.T.);
#9448 = VERTEX_POINT('',#9449);
#9449 = CARTESIAN_POINT('',(146.017459,-116.131665,1.585));
#9450 = LINE('',#9451,#9452);
#9451 = CARTESIAN_POINT('',(146.00626,-116.158701,1.585));
#9452 = VECTOR('',#9453,1.);
#9453 = DIRECTION('',(0.38269282806,0.923875640631,0.));
#9454 = ORIENTED_EDGE('',*,*,#9455,.T.);
#9455 = EDGE_CURVE('',#9448,#9330,#9456,.T.);
#9456 = LINE('',#9457,#9458);
#9457 = CARTESIAN_POINT('',(146.017459,-116.131665,1.585));
#9458 = VECTOR('',#9459,1.);
#9459 = DIRECTION('',(0.707106781187,0.707106781187,0.));
#9460 = PLANE('',#9461);
#9461 = AXIS2_PLACEMENT_3D('',#9462,#9463,#9464);
#9462 = CARTESIAN_POINT('',(0.,0.,1.585));
#9463 = DIRECTION('',(0.,0.,1.));
#9464 = DIRECTION('',(1.,0.,-0.));
#9465 = ( GEOMETRIC_REPRESENTATION_CONTEXT(3) 
GLOBAL_UNCERTAINTY_ASSIGNED_CONTEXT((#9469)) 
GLOBAL_UNIT_ASSIGNED_CONTEXT((#9466,#9467,#9468)) REPRESENTATION_CONTEXT
('Context #1','3D Context with UNIT and UNCERTAINTY') );
#9466 = ( LENGTH_UNIT() NAMED_UNIT(*) SI_UNIT(.MILLI.,.METRE.) );
#9467 = ( NAMED_UNIT(*) PLANE_ANGLE_UNIT() SI_UNIT($,.RADIAN.) );
#9468 = ( NAMED_UNIT(*) SI_UNIT($,.STERADIAN.) SOLID_ANGLE_UNIT() );
#9469 = UNCERTAINTY_MEASURE_WITH_UNIT(LENGTH_MEASURE(1.E-07),#9466,
  'distance_accuracy_value','confusion accuracy');
#9470 = CONTEXT_DEPENDENT_SHAPE_REPRESENTATION(#9471,#9473);
#9471 = ( REPRESENTATION_RELATIONSHIP('','',#40,#10) 
REPRESENTATION_RELATIONSHIP_WITH_TRANSFORMATION(#9472) 
SHAPE_REPRESENTATION_RELATIONSHIP() );
#9472 = ITEM_DEFINED_TRANSFORMATION('','',#11,#15);
#9473 = PRODUCT_DEFINITION_SHAPE('Placement','Placement of an item',
  #9474);
#9474 = NEXT_ASSEMBLY_USAGE_OCCURRENCE('1','=>[0:1:1:2]','',#5,#35,$);
#9475 = PRODUCT_RELATED_PRODUCT_CATEGORY('part',$,(#37));
#9476 = SHAPE_DEFINITION_REPRESENTATION(#9477,#9483);
#9477 = PRODUCT_DEFINITION_SHAPE('','',#9478);
#9478 = PRODUCT_DEFINITION('design','',#9479,#9482);
#9479 = PRODUCT_DEFINITION_FORMATION('','',#9480);
#9480 = PRODUCT('Gpio Hat Pi_silkscreen','Gpio Hat Pi_silkscreen','',(
    #9481));
#9481 = PRODUCT_CONTEXT('',#2,'mechanical');
#9482 = PRODUCT_DEFINITION_CONTEXT('part definition',#2,'design');
#9483 = SHAPE_REPRESENTATION('',(#11,#9484,#9876,#10071,#10161,#10203,
    #10447,#10854,#11246,#11875,#12045),#12549);
#9484 = SHELL_BASED_SURFACE_MODEL('',(#9485));
#9485 = OPEN_SHELL('',(#9486));
#9486 = ADVANCED_FACE('',(#9487,#9692),#9871,.T.);
#9487 = FACE_BOUND('',#9488,.T.);
#9488 = EDGE_LOOP('',(#9489,#9499,#9507,#9516,#9524,#9532,#9541,#9549,
    #9557,#9565,#9573,#9581,#9589,#9597,#9605,#9613,#9621,#9629,#9637,
    #9646,#9654,#9662,#9670,#9678,#9686));
#9489 = ORIENTED_EDGE('',*,*,#9490,.T.);
#9490 = EDGE_CURVE('',#9491,#9493,#9495,.T.);
#9491 = VERTEX_POINT('',#9492);
#9492 = CARTESIAN_POINT('',(145.429095,-128.61213,-7.5E-02));
#9493 = VERTEX_POINT('',#9494);
#9494 = CARTESIAN_POINT('',(145.524095,-128.576506,-7.5E-02));
#9495 = LINE('',#9496,#9497);
#9496 = CARTESIAN_POINT('',(145.429095,-128.61213,-7.5E-02));
#9497 = VECTOR('',#9498,1.);
#9498 = DIRECTION('',(0.936332417901,0.351114800582,0.));
#9499 = ORIENTED_EDGE('',*,*,#9500,.T.);
#9500 = EDGE_CURVE('',#9493,#9501,#9503,.T.);
#9501 = VERTEX_POINT('',#9502);
#9502 = CARTESIAN_POINT('',(145.630537,-128.564218,-7.5E-02));
#9503 = LINE('',#9504,#9505);
#9504 = CARTESIAN_POINT('',(145.524095,-128.576506,-7.5E-02));
#9505 = VECTOR('',#9506,1.);
#9506 = DIRECTION('',(0.993402312691,0.114681494319,0.));
#9507 = ORIENTED_EDGE('',*,*,#9508,.T.);
#9508 = EDGE_CURVE('',#9501,#9509,#9511,.T.);
#9509 = VERTEX_POINT('',#9510);
#9510 = CARTESIAN_POINT('',(145.998825,-128.750087,-7.5E-02));
#9511 = CIRCLE('',#9512,0.447458579703);
#9512 = AXIS2_PLACEMENT_3D('',#9513,#9514,#9515);
#9513 = CARTESIAN_POINT('',(145.63577389482,-129.0116459332,-7.5E-02));
#9514 = DIRECTION('',(0.,0.,-1.));
#9515 = DIRECTION('',(-1.170364154746E-02,0.999931510042,0.));
#9516 = ORIENTED_EDGE('',*,*,#9517,.T.);
#9517 = EDGE_CURVE('',#9509,#9518,#9520,.T.);
#9518 = VERTEX_POINT('',#9519);
#9519 = CARTESIAN_POINT('',(146.061821,-128.84904,-7.5E-02));
#9520 = LINE('',#9521,#9522);
#9521 = CARTESIAN_POINT('',(145.998825,-128.750087,-7.5E-02));
#9522 = VECTOR('',#9523,1.);
#9523 = DIRECTION('',(0.537032691499,-0.843561431232,0.));
#9524 = ORIENTED_EDGE('',*,*,#9525,.T.);
#9525 = EDGE_CURVE('',#9518,#9526,#9528,.T.);
#9526 = VERTEX_POINT('',#9527);
#9527 = CARTESIAN_POINT('',(146.106547,-128.959626,-7.5E-02));
#9528 = LINE('',#9529,#9530);
#9529 = CARTESIAN_POINT('',(146.061821,-128.84904,-7.5E-02));
#9530 = VECTOR('',#9531,1.);
#9531 = DIRECTION('',(0.374940639627,-0.927048821129,0.));
#9532 = ORIENTED_EDGE('',*,*,#9533,.T.);
#9533 = EDGE_CURVE('',#9526,#9534,#9536,.T.);
#9534 = VERTEX_POINT('',#9535);
#9535 = CARTESIAN_POINT('',(146.135222,-129.340737,-7.5E-02));
#9536 = CIRCLE('',#9537,0.910211825739);
#9537 = AXIS2_PLACEMENT_3D('',#9538,#9539,#9540);
#9538 = CARTESIAN_POINT('',(145.23346667354,-129.2169513024,-7.5E-02));
#9539 = DIRECTION('',(0.,0.,-1.));
#9540 = DIRECTION('',(0.959205650561,0.282709249817,0.));
#9541 = ORIENTED_EDGE('',*,*,#9542,.T.);
#9542 = EDGE_CURVE('',#9534,#9543,#9545,.T.);
#9543 = VERTEX_POINT('',#9544);
#9544 = CARTESIAN_POINT('',(146.11084,-129.448011,-7.5E-02));
#9545 = LINE('',#9546,#9547);
#9546 = CARTESIAN_POINT('',(146.135222,-129.340737,-7.5E-02));
#9547 = VECTOR('',#9548,1.);
#9548 = DIRECTION('',(-0.221634461886,-0.975129819719,0.));
#9549 = ORIENTED_EDGE('',*,*,#9550,.T.);
#9550 = EDGE_CURVE('',#9543,#9551,#9553,.T.);
#9551 = VERTEX_POINT('',#9552);
#9552 = CARTESIAN_POINT('',(146.071023,-129.546701,-7.5E-02));
#9553 = LINE('',#9554,#9555);
#9554 = CARTESIAN_POINT('',(146.11084,-129.448011,-7.5E-02));
#9555 = VECTOR('',#9556,1.);
#9556 = DIRECTION('',(-0.374151360303,-0.92736765071,0.));
#9557 = ORIENTED_EDGE('',*,*,#9558,.T.);
#9558 = EDGE_CURVE('',#9551,#9559,#9561,.T.);
#9559 = VERTEX_POINT('',#9560);
#9560 = CARTESIAN_POINT('',(146.016135,-129.634734,-7.5E-02));
#9561 = LINE('',#9562,#9563);
#9562 = CARTESIAN_POINT('',(146.071023,-129.546701,-7.5E-02));
#9563 = VECTOR('',#9564,1.);
#9564 = DIRECTION('',(-0.529079325413,-0.848572370173,0.));
#9565 = ORIENTED_EDGE('',*,*,#9566,.T.);
#9566 = EDGE_CURVE('',#9559,#9567,#9569,.T.);
#9567 = VERTEX_POINT('',#9568);
#9568 = CARTESIAN_POINT('',(146.12,-129.634734,-7.5E-02));
#9569 = LINE('',#9570,#9571);
#9570 = CARTESIAN_POINT('',(146.016135,-129.634734,-7.5E-02));
#9571 = VECTOR('',#9572,1.);
#9572 = DIRECTION('',(1.,0.,0.));
#9573 = ORIENTED_EDGE('',*,*,#9574,.T.);
#9574 = EDGE_CURVE('',#9567,#9575,#9577,.T.);
#9575 = VERTEX_POINT('',#9576);
#9576 = CARTESIAN_POINT('',(146.12,-130.140683,-7.5E-02));
#9577 = LINE('',#9578,#9579);
#9578 = CARTESIAN_POINT('',(146.12,-129.634734,-7.5E-02));
#9579 = VECTOR('',#9580,1.);
#9580 = DIRECTION('',(0.,-1.,0.));
#9581 = ORIENTED_EDGE('',*,*,#9582,.T.);
#9582 = EDGE_CURVE('',#9575,#9583,#9585,.T.);
#9583 = VERTEX_POINT('',#9584);
#9584 = CARTESIAN_POINT('',(145.914836,-130.140683,-7.5E-02));
#9585 = LINE('',#9586,#9587);
#9586 = CARTESIAN_POINT('',(146.12,-130.140683,-7.5E-02));
#9587 = VECTOR('',#9588,1.);
#9588 = DIRECTION('',(-1.,0.,0.));
#9589 = ORIENTED_EDGE('',*,*,#9590,.T.);
#9590 = EDGE_CURVE('',#9583,#9591,#9593,.T.);
#9591 = VERTEX_POINT('',#9592);
#9592 = CARTESIAN_POINT('',(145.914836,-129.958845,-7.5E-02));
#9593 = LINE('',#9594,#9595);
#9594 = CARTESIAN_POINT('',(145.914836,-130.140683,-7.5E-02));
#9595 = VECTOR('',#9596,1.);
#9596 = DIRECTION('',(0.,1.,0.));
#9597 = ORIENTED_EDGE('',*,*,#9598,.T.);
#9598 = EDGE_CURVE('',#9591,#9599,#9601,.T.);
#9599 = VERTEX_POINT('',#9600);
#9600 = CARTESIAN_POINT('',(145.346238,-129.958845,-7.5E-02));
#9601 = LINE('',#9602,#9603);
#9602 = CARTESIAN_POINT('',(145.914836,-129.958845,-7.5E-02));
#9603 = VECTOR('',#9604,1.);
#9604 = DIRECTION('',(-1.,0.,0.));
#9605 = ORIENTED_EDGE('',*,*,#9606,.T.);
#9606 = EDGE_CURVE('',#9599,#9607,#9609,.T.);
#9607 = VERTEX_POINT('',#9608);
#9608 = CARTESIAN_POINT('',(145.346238,-130.140683,-7.5E-02));
#9609 = LINE('',#9610,#9611);
#9610 = CARTESIAN_POINT('',(145.346238,-129.958845,-7.5E-02));
#9611 = VECTOR('',#9612,1.);
#9612 = DIRECTION('',(0.,-1.,0.));
#9613 = ORIENTED_EDGE('',*,*,#9614,.T.);
#9614 = EDGE_CURVE('',#9607,#9615,#9617,.T.);
#9615 = VERTEX_POINT('',#9616);
#9616 = CARTESIAN_POINT('',(145.141074,-130.140683,-7.5E-02));
#9617 = LINE('',#9618,#9619);
#9618 = CARTESIAN_POINT('',(145.346238,-130.140683,-7.5E-02));
#9619 = VECTOR('',#9620,1.);
#9620 = DIRECTION('',(-1.,0.,0.));
#9621 = ORIENTED_EDGE('',*,*,#9622,.T.);
#9622 = EDGE_CURVE('',#9615,#9623,#9625,.T.);
#9623 = VERTEX_POINT('',#9624);
#9624 = CARTESIAN_POINT('',(145.141074,-129.634734,-7.5E-02));
#9625 = LINE('',#9626,#9627);
#9626 = CARTESIAN_POINT('',(145.141074,-130.140683,-7.5E-02));
#9627 = VECTOR('',#9628,1.);
#9628 = DIRECTION('',(0.,1.,0.));
#9629 = ORIENTED_EDGE('',*,*,#9630,.T.);
#9630 = EDGE_CURVE('',#9623,#9631,#9633,.T.);
#9631 = VERTEX_POINT('',#9632);
#9632 = CARTESIAN_POINT('',(145.248053,-129.634734,-7.5E-02));
#9633 = LINE('',#9634,#9635);
#9634 = CARTESIAN_POINT('',(145.141074,-129.634734,-7.5E-02));
#9635 = VECTOR('',#9636,1.);
#9636 = DIRECTION('',(1.,0.,0.));
#9637 = ORIENTED_EDGE('',*,*,#9638,.T.);
#9638 = EDGE_CURVE('',#9631,#9639,#9641,.T.);
#9639 = VERTEX_POINT('',#9640);
#9640 = CARTESIAN_POINT('',(145.117627,-129.225994,-7.5E-02));
#9641 = CIRCLE('',#9642,0.670471519177);
#9642 = AXIS2_PLACEMENT_3D('',#9643,#9644,#9645);
#9643 = CARTESIAN_POINT('',(145.78800385123,-129.237260559,-7.5E-02));
#9644 = DIRECTION('',(0.,0.,-1.));
#9645 = DIRECTION('',(-0.805330033855,-0.592826734022,-0.));
#9646 = ORIENTED_EDGE('',*,*,#9647,.T.);
#9647 = EDGE_CURVE('',#9639,#9648,#9650,.T.);
#9648 = VERTEX_POINT('',#9649);
#9649 = CARTESIAN_POINT('',(145.127202,-129.087383,-7.5E-02));
#9650 = LINE('',#9651,#9652);
#9651 = CARTESIAN_POINT('',(145.117627,-129.225994,-7.5E-02));
#9652 = VECTOR('',#9653,1.);
#9653 = DIRECTION('',(6.891398551152E-02,0.997622605298,0.));
#9654 = ORIENTED_EDGE('',*,*,#9655,.T.);
#9655 = EDGE_CURVE('',#9648,#9656,#9658,.T.);
#9656 = VERTEX_POINT('',#9657);
#9657 = CARTESIAN_POINT('',(145.154963,-128.964227,-7.5E-02));
#9658 = LINE('',#9659,#9660);
#9659 = CARTESIAN_POINT('',(145.127202,-129.087383,-7.5E-02));
#9660 = VECTOR('',#9661,1.);
#9661 = DIRECTION('',(0.219895931455,0.975523336128,0.));
#9662 = ORIENTED_EDGE('',*,*,#9663,.T.);
#9663 = EDGE_CURVE('',#9656,#9664,#9666,.T.);
#9664 = VERTEX_POINT('',#9665);
#9665 = CARTESIAN_POINT('',(145.200608,-128.853449,-7.5E-02));
#9666 = LINE('',#9667,#9668);
#9667 = CARTESIAN_POINT('',(145.154963,-128.964227,-7.5E-02));
#9668 = VECTOR('',#9669,1.);
#9669 = DIRECTION('',(0.380967663205,0.924588362241,0.));
#9670 = ORIENTED_EDGE('',*,*,#9671,.T.);
#9671 = EDGE_CURVE('',#9664,#9672,#9674,.T.);
#9672 = VERTEX_POINT('',#9673);
#9673 = CARTESIAN_POINT('',(145.265363,-128.752896,-7.5E-02));
#9674 = LINE('',#9675,#9676);
#9675 = CARTESIAN_POINT('',(145.200608,-128.853449,-7.5E-02));
#9676 = VECTOR('',#9677,1.);
#9677 = DIRECTION('',(0.541430601757,0.840745445115,0.));
#9678 = ORIENTED_EDGE('',*,*,#9679,.T.);
#9679 = EDGE_CURVE('',#9672,#9680,#9682,.T.);
#9680 = VERTEX_POINT('',#9681);
#9681 = CARTESIAN_POINT('',(145.343378,-128.670529,-7.5E-02));
#9682 = LINE('',#9683,#9684);
#9683 = CARTESIAN_POINT('',(145.265363,-128.752896,-7.5E-02));
#9684 = VECTOR('',#9685,1.);
#9685 = DIRECTION('',(0.687666162336,0.726027030611,0.));
#9686 = ORIENTED_EDGE('',*,*,#9687,.T.);
#9687 = EDGE_CURVE('',#9680,#9491,#9688,.T.);
#9688 = LINE('',#9689,#9690);
#9689 = CARTESIAN_POINT('',(145.343378,-128.670529,-7.5E-02));
#9690 = VECTOR('',#9691,1.);
#9691 = DIRECTION('',(0.826426577158,0.563044503184,0.));
#9692 = FACE_BOUND('',#9693,.T.);
#9693 = EDGE_LOOP('',(#9694,#9704,#9712,#9721,#9729,#9737,#9745,#9753,
    #9761,#9769,#9777,#9785,#9793,#9801,#9809,#9817,#9825,#9833,#9841,
    #9849,#9857,#9865));
#9694 = ORIENTED_EDGE('',*,*,#9695,.T.);
#9695 = EDGE_CURVE('',#9696,#9698,#9700,.T.);
#9696 = VERTEX_POINT('',#9697);
#9697 = CARTESIAN_POINT('',(145.786619,-128.942433,-7.5E-02));
#9698 = VERTEX_POINT('',#9699);
#9699 = CARTESIAN_POINT('',(145.717409,-128.907448,-7.5E-02));
#9700 = LINE('',#9701,#9702);
#9701 = CARTESIAN_POINT('',(145.786619,-128.942433,-7.5E-02));
#9702 = VECTOR('',#9703,1.);
#9703 = DIRECTION('',(-0.892458570232,0.451129361069,0.));
#9704 = ORIENTED_EDGE('',*,*,#9705,.T.);
#9705 = EDGE_CURVE('',#9698,#9706,#9708,.T.);
#9706 = VERTEX_POINT('',#9707);
#9707 = CARTESIAN_POINT('',(145.634475,-128.895167,-7.5E-02));
#9708 = LINE('',#9709,#9710);
#9709 = CARTESIAN_POINT('',(145.717409,-128.907448,-7.5E-02));
#9710 = VECTOR('',#9711,1.);
#9711 = DIRECTION('',(-0.989213002428,0.146484251125,0.));
#9712 = ORIENTED_EDGE('',*,*,#9713,.T.);
#9713 = EDGE_CURVE('',#9706,#9714,#9716,.T.);
#9714 = VERTEX_POINT('',#9715);
#9715 = CARTESIAN_POINT('',(145.42235,-128.999703,-7.5E-02));
#9716 = CIRCLE('',#9717,0.257794658702);
#9717 = AXIS2_PLACEMENT_3D('',#9718,#9719,#9720);
#9718 = CARTESIAN_POINT('',(145.62967478687,-129.1529169641,-7.5E-02));
#9719 = DIRECTION('',(0.,0.,1.));
#9720 = DIRECTION('',(1.86202970761E-02,0.999826627239,-0.));
#9721 = ORIENTED_EDGE('',*,*,#9722,.T.);
#9722 = EDGE_CURVE('',#9714,#9723,#9725,.T.);
#9723 = VERTEX_POINT('',#9724);
#9724 = CARTESIAN_POINT('',(145.377145,-129.075454,-7.5E-02));
#9725 = LINE('',#9726,#9727);
#9726 = CARTESIAN_POINT('',(145.42235,-128.999703,-7.5E-02));
#9727 = VECTOR('',#9728,1.);
#9728 = DIRECTION('',(-0.512447128009,-0.85871877876,0.));
#9729 = ORIENTED_EDGE('',*,*,#9730,.T.);
#9730 = EDGE_CURVE('',#9723,#9731,#9733,.T.);
#9731 = VERTEX_POINT('',#9732);
#9732 = CARTESIAN_POINT('',(145.349879,-129.164155,-7.5E-02));
#9733 = LINE('',#9734,#9735);
#9734 = CARTESIAN_POINT('',(145.377145,-129.075454,-7.5E-02));
#9735 = VECTOR('',#9736,1.);
#9736 = DIRECTION('',(-0.293823830538,-0.955859590425,0.));
#9737 = ORIENTED_EDGE('',*,*,#9738,.T.);
#9738 = EDGE_CURVE('',#9731,#9739,#9741,.T.);
#9739 = VERTEX_POINT('',#9740);
#9740 = CARTESIAN_POINT('',(145.340376,-129.269713,-7.5E-02));
#9741 = LINE('',#9742,#9743);
#9742 = CARTESIAN_POINT('',(145.349879,-129.164155,-7.5E-02));
#9743 = VECTOR('',#9744,1.);
#9744 = DIRECTION('',(-8.966371886057E-02,-0.995972096758,0.));
#9745 = ORIENTED_EDGE('',*,*,#9746,.T.);
#9746 = EDGE_CURVE('',#9739,#9747,#9749,.T.);
#9747 = VERTEX_POINT('',#9748);
#9748 = CARTESIAN_POINT('',(145.349869,-129.37166,-7.5E-02));
#9749 = LINE('',#9750,#9751);
#9750 = CARTESIAN_POINT('',(145.340376,-129.269713,-7.5E-02));
#9751 = VECTOR('',#9752,1.);
#9752 = DIRECTION('',(9.27159197759E-02,-0.995692602272,0.));
#9753 = ORIENTED_EDGE('',*,*,#9754,.T.);
#9754 = EDGE_CURVE('',#9747,#9755,#9757,.T.);
#9755 = VERTEX_POINT('',#9756);
#9756 = CARTESIAN_POINT('',(145.377476,-129.459841,-7.5E-02));
#9757 = LINE('',#9758,#9759);
#9758 = CARTESIAN_POINT('',(145.349869,-129.37166,-7.5E-02));
#9759 = VECTOR('',#9760,1.);
#9760 = DIRECTION('',(0.298772240936,-0.954324445902,0.));
#9761 = ORIENTED_EDGE('',*,*,#9762,.T.);
#9762 = EDGE_CURVE('',#9755,#9763,#9765,.T.);
#9763 = VERTEX_POINT('',#9764);
#9764 = CARTESIAN_POINT('',(145.423907,-129.537648,-7.5E-02));
#9765 = LINE('',#9766,#9767);
#9766 = CARTESIAN_POINT('',(145.377476,-129.459841,-7.5E-02));
#9767 = VECTOR('',#9768,1.);
#9768 = DIRECTION('',(0.512439526492,-0.858723314979,0.));
#9769 = ORIENTED_EDGE('',*,*,#9770,.T.);
#9770 = EDGE_CURVE('',#9763,#9771,#9773,.T.);
#9771 = VERTEX_POINT('',#9772);
#9772 = CARTESIAN_POINT('',(145.483811,-129.597236,-7.5E-02));
#9773 = LINE('',#9774,#9775);
#9774 = CARTESIAN_POINT('',(145.423907,-129.537648,-7.5E-02));
#9775 = VECTOR('',#9776,1.);
#9776 = DIRECTION('',(0.708974266112,-0.705234351114,0.));
#9777 = ORIENTED_EDGE('',*,*,#9778,.T.);
#9778 = EDGE_CURVE('',#9771,#9779,#9781,.T.);
#9779 = VERTEX_POINT('',#9780);
#9780 = CARTESIAN_POINT('',(145.553081,-129.633219,-7.5E-02));
#9781 = LINE('',#9782,#9783);
#9782 = CARTESIAN_POINT('',(145.483811,-129.597236,-7.5E-02));
#9783 = VECTOR('',#9784,1.);
#9784 = DIRECTION('',(0.887412837956,-0.460975547108,0.));
#9785 = ORIENTED_EDGE('',*,*,#9786,.T.);
#9786 = EDGE_CURVE('',#9779,#9787,#9789,.T.);
#9787 = VERTEX_POINT('',#9788);
#9788 = CARTESIAN_POINT('',(145.634475,-129.645725,-7.5E-02));
#9789 = LINE('',#9790,#9791);
#9790 = CARTESIAN_POINT('',(145.553081,-129.633219,-7.5E-02));
#9791 = VECTOR('',#9792,1.);
#9792 = DIRECTION('',(0.988401160198,-0.151865554088,0.));
#9793 = ORIENTED_EDGE('',*,*,#9794,.T.);
#9794 = EDGE_CURVE('',#9787,#9795,#9797,.T.);
#9795 = VERTEX_POINT('',#9796);
#9796 = CARTESIAN_POINT('',(145.715941,-129.633259,-7.5E-02));
#9797 = LINE('',#9798,#9799);
#9798 = CARTESIAN_POINT('',(145.634475,-129.645725,-7.5E-02));
#9799 = VECTOR('',#9800,1.);
#9800 = DIRECTION('',(0.988493977089,0.15126023026,0.));
#9801 = ORIENTED_EDGE('',*,*,#9802,.T.);
#9802 = EDGE_CURVE('',#9795,#9803,#9805,.T.);
#9803 = VERTEX_POINT('',#9804);
#9804 = CARTESIAN_POINT('',(145.784881,-129.597481,-7.5E-02));
#9805 = LINE('',#9806,#9807);
#9806 = CARTESIAN_POINT('',(145.715941,-129.633259,-7.5E-02));
#9807 = VECTOR('',#9808,1.);
#9808 = DIRECTION('',(0.887589621235,0.460635066268,0.));
#9809 = ORIENTED_EDGE('',*,*,#9810,.T.);
#9810 = EDGE_CURVE('',#9803,#9811,#9813,.T.);
#9811 = VERTEX_POINT('',#9812);
#9812 = CARTESIAN_POINT('',(145.844127,-129.538381,-7.5E-02));
#9813 = LINE('',#9814,#9815);
#9814 = CARTESIAN_POINT('',(145.784881,-129.597481,-7.5E-02));
#9815 = VECTOR('',#9816,1.);
#9816 = DIRECTION('',(0.707978579396,0.706233906801,0.));
#9817 = ORIENTED_EDGE('',*,*,#9818,.T.);
#9818 = EDGE_CURVE('',#9811,#9819,#9821,.T.);
#9819 = VERTEX_POINT('',#9820);
#9820 = CARTESIAN_POINT('',(145.889832,-129.461026,-7.5E-02));
#9821 = LINE('',#9822,#9823);
#9822 = CARTESIAN_POINT('',(145.844127,-129.538381,-7.5E-02));
#9823 = VECTOR('',#9824,1.);
#9824 = DIRECTION('',(0.508689939526,0.860949792627,0.));
#9825 = ORIENTED_EDGE('',*,*,#9826,.T.);
#9826 = EDGE_CURVE('',#9819,#9827,#9829,.T.);
#9827 = VERTEX_POINT('',#9828);
#9828 = CARTESIAN_POINT('',(145.917136,-129.372632,-7.5E-02));
#9829 = LINE('',#9830,#9831);
#9830 = CARTESIAN_POINT('',(145.889832,-129.461026,-7.5E-02));
#9831 = VECTOR('',#9832,1.);
#9832 = DIRECTION('',(0.29513082235,0.955456852871,0.));
#9833 = ORIENTED_EDGE('',*,*,#9834,.T.);
#9834 = EDGE_CURVE('',#9827,#9835,#9837,.T.);
#9835 = VERTEX_POINT('',#9836);
#9836 = CARTESIAN_POINT('',(145.926559,-129.269713,-7.5E-02));
#9837 = LINE('',#9838,#9839);
#9838 = CARTESIAN_POINT('',(145.917136,-129.372632,-7.5E-02));
#9839 = VECTOR('',#9840,1.);
#9840 = DIRECTION('',(9.117608209779E-02,0.995834786525,0.));
#9841 = ORIENTED_EDGE('',*,*,#9842,.T.);
#9842 = EDGE_CURVE('',#9835,#9843,#9845,.T.);
#9843 = VERTEX_POINT('',#9844);
#9844 = CARTESIAN_POINT('',(145.917111,-129.164102,-7.5E-02));
#9845 = LINE('',#9846,#9847);
#9846 = CARTESIAN_POINT('',(145.926559,-129.269713,-7.5E-02));
#9847 = VECTOR('',#9848,1.);
#9848 = DIRECTION('',(-8.910452986723E-02,0.996022280251,0.));
#9849 = ORIENTED_EDGE('',*,*,#9850,.T.);
#9850 = EDGE_CURVE('',#9843,#9851,#9853,.T.);
#9851 = VERTEX_POINT('',#9852);
#9852 = CARTESIAN_POINT('',(145.890014,-129.0754,-7.5E-02));
#9853 = LINE('',#9854,#9855);
#9854 = CARTESIAN_POINT('',(145.917111,-129.164102,-7.5E-02));
#9855 = VECTOR('',#9856,1.);
#9856 = DIRECTION('',(-0.292155533102,0.956370819545,0.));
#9857 = ORIENTED_EDGE('',*,*,#9858,.T.);
#9858 = EDGE_CURVE('',#9851,#9859,#9861,.T.);
#9859 = VERTEX_POINT('',#9860);
#9860 = CARTESIAN_POINT('',(145.845135,-128.999703,-7.5E-02));
#9861 = LINE('',#9862,#9863);
#9862 = CARTESIAN_POINT('',(145.890014,-129.0754,-7.5E-02));
#9863 = VECTOR('',#9864,1.);
#9864 = DIRECTION('',(-0.509983353151,0.860184270671,0.));
#9865 = ORIENTED_EDGE('',*,*,#9866,.T.);
#9866 = EDGE_CURVE('',#9859,#9696,#9867,.T.);
#9867 = LINE('',#9868,#9869);
#9868 = CARTESIAN_POINT('',(145.845135,-128.999703,-7.5E-02));
#9869 = VECTOR('',#9870,1.);
#9870 = DIRECTION('',(-0.714674741317,0.699456942294,0.));
#9871 = PLANE('',#9872);
#9872 = AXIS2_PLACEMENT_3D('',#9873,#9874,#9875);
#9873 = CARTESIAN_POINT('',(0.,0.,-7.5E-02));
#9874 = DIRECTION('',(-0.,-0.,-1.));
#9875 = DIRECTION('',(-1.,0.,0.));
#9876 = SHELL_BASED_SURFACE_MODEL('',(#9877));
#9877 = OPEN_SHELL('',(#9878));
#9878 = ADVANCED_FACE('',(#9879),#10066,.T.);
#9879 = FACE_BOUND('',#9880,.T.);
#9880 = EDGE_LOOP('',(#9881,#9891,#9899,#9907,#9915,#9923,#9931,#9939,
    #9947,#9955,#9963,#9971,#9979,#9988,#9996,#10004,#10012,#10020,
    #10028,#10036,#10044,#10052,#10060));
#9881 = ORIENTED_EDGE('',*,*,#9882,.T.);
#9882 = EDGE_CURVE('',#9883,#9885,#9887,.T.);
#9883 = VERTEX_POINT('',#9884);
#9884 = CARTESIAN_POINT('',(145.141074,-127.805844,-7.5E-02));
#9885 = VERTEX_POINT('',#9886);
#9886 = CARTESIAN_POINT('',(145.141074,-127.580286,-7.5E-02));
#9887 = LINE('',#9888,#9889);
#9888 = CARTESIAN_POINT('',(145.141074,-127.805844,-7.5E-02));
#9889 = VECTOR('',#9890,1.);
#9890 = DIRECTION('',(0.,1.,0.));
#9891 = ORIENTED_EDGE('',*,*,#9892,.T.);
#9892 = EDGE_CURVE('',#9885,#9893,#9895,.T.);
#9893 = VERTEX_POINT('',#9894);
#9894 = CARTESIAN_POINT('',(145.346238,-127.580286,-7.5E-02));
#9895 = LINE('',#9896,#9897);
#9896 = CARTESIAN_POINT('',(145.141074,-127.580286,-7.5E-02));
#9897 = VECTOR('',#9898,1.);
#9898 = DIRECTION('',(1.,0.,0.));
#9899 = ORIENTED_EDGE('',*,*,#9900,.T.);
#9900 = EDGE_CURVE('',#9893,#9901,#9903,.T.);
#9901 = VERTEX_POINT('',#9902);
#9902 = CARTESIAN_POINT('',(145.346238,-127.805844,-7.5E-02));
#9903 = LINE('',#9904,#9905);
#9904 = CARTESIAN_POINT('',(145.346238,-127.580286,-7.5E-02));
#9905 = VECTOR('',#9906,1.);
#9906 = DIRECTION('',(0.,-1.,0.));
#9907 = ORIENTED_EDGE('',*,*,#9908,.T.);
#9908 = EDGE_CURVE('',#9901,#9909,#9911,.T.);
#9909 = VERTEX_POINT('',#9910);
#9910 = CARTESIAN_POINT('',(145.863453,-127.805844,-7.5E-02));
#9911 = LINE('',#9912,#9913);
#9912 = CARTESIAN_POINT('',(145.346238,-127.805844,-7.5E-02));
#9913 = VECTOR('',#9914,1.);
#9914 = DIRECTION('',(1.,0.,0.));
#9915 = ORIENTED_EDGE('',*,*,#9916,.T.);
#9916 = EDGE_CURVE('',#9909,#9917,#9919,.T.);
#9917 = VERTEX_POINT('',#9918);
#9918 = CARTESIAN_POINT('',(145.976956,-127.81603,-7.5E-02));
#9919 = LINE('',#9920,#9921);
#9920 = CARTESIAN_POINT('',(145.863453,-127.805844,-7.5E-02));
#9921 = VECTOR('',#9922,1.);
#9922 = DIRECTION('',(0.995997336698,-8.93829138579E-02,0.));
#9923 = ORIENTED_EDGE('',*,*,#9924,.T.);
#9924 = EDGE_CURVE('',#9917,#9925,#9927,.T.);
#9925 = VERTEX_POINT('',#9926);
#9926 = CARTESIAN_POINT('',(146.043606,-127.840461,-7.5E-02));
#9927 = LINE('',#9928,#9929);
#9928 = CARTESIAN_POINT('',(145.976956,-127.81603,-7.5E-02));
#9929 = VECTOR('',#9930,1.);
#9930 = DIRECTION('',(0.93890970123,-0.344163584558,0.));
#9931 = ORIENTED_EDGE('',*,*,#9932,.T.);
#9932 = EDGE_CURVE('',#9925,#9933,#9935,.T.);
#9933 = VERTEX_POINT('',#9934);
#9934 = CARTESIAN_POINT('',(146.079425,-127.872766,-7.5E-02));
#9935 = LINE('',#9936,#9937);
#9936 = CARTESIAN_POINT('',(146.043606,-127.840461,-7.5E-02));
#9937 = VECTOR('',#9938,1.);
#9938 = DIRECTION('',(0.742593782045,-0.669742095786,0.));
#9939 = ORIENTED_EDGE('',*,*,#9940,.T.);
#9940 = EDGE_CURVE('',#9933,#9941,#9943,.T.);
#9941 = VERTEX_POINT('',#9942);
#9942 = CARTESIAN_POINT('',(146.102171,-127.922577,-7.5E-02));
#9943 = LINE('',#9944,#9945);
#9944 = CARTESIAN_POINT('',(146.079425,-127.872766,-7.5E-02));
#9945 = VECTOR('',#9946,1.);
#9946 = DIRECTION('',(0.415385978196,-0.909645254546,0.));
#9947 = ORIENTED_EDGE('',*,*,#9948,.T.);
#9948 = EDGE_CURVE('',#9941,#9949,#9951,.T.);
#9949 = VERTEX_POINT('',#9950);
#9950 = CARTESIAN_POINT('',(146.118997,-128.008646,-7.5E-02));
#9951 = LINE('',#9952,#9953);
#9952 = CARTESIAN_POINT('',(146.102171,-127.922577,-7.5E-02));
#9953 = VECTOR('',#9954,1.);
#9954 = DIRECTION('',(0.1918623877,-0.981421838042,0.));
#9955 = ORIENTED_EDGE('',*,*,#9956,.T.);
#9956 = EDGE_CURVE('',#9949,#9957,#9959,.T.);
#9957 = VERTEX_POINT('',#9958);
#9958 = CARTESIAN_POINT('',(146.125861,-128.147662,-7.5E-02));
#9959 = LINE('',#9960,#9961);
#9960 = CARTESIAN_POINT('',(146.118997,-128.008646,-7.5E-02));
#9961 = VECTOR('',#9962,1.);
#9962 = DIRECTION('',(4.931553360731E-02,-0.998783248831,0.));
#9963 = ORIENTED_EDGE('',*,*,#9964,.T.);
#9964 = EDGE_CURVE('',#9957,#9965,#9967,.T.);
#9965 = VERTEX_POINT('',#9966);
#9966 = CARTESIAN_POINT('',(146.12,-128.366381,-7.5E-02));
#9967 = LINE('',#9968,#9969);
#9968 = CARTESIAN_POINT('',(146.125861,-128.147662,-7.5E-02));
#9969 = VECTOR('',#9970,1.);
#9970 = DIRECTION('',(-2.67873244247E-02,-0.99964115524,0.));
#9971 = ORIENTED_EDGE('',*,*,#9972,.T.);
#9972 = EDGE_CURVE('',#9965,#9973,#9975,.T.);
#9973 = VERTEX_POINT('',#9974);
#9974 = CARTESIAN_POINT('',(145.922529,-128.366381,-7.5E-02));
#9975 = LINE('',#9976,#9977);
#9976 = CARTESIAN_POINT('',(146.12,-128.366381,-7.5E-02));
#9977 = VECTOR('',#9978,1.);
#9978 = DIRECTION('',(-1.,0.,0.));
#9979 = ORIENTED_EDGE('',*,*,#9980,.T.);
#9980 = EDGE_CURVE('',#9973,#9981,#9983,.T.);
#9981 = VERTEX_POINT('',#9982);
#9982 = CARTESIAN_POINT('',(145.911655,-128.178642,-7.5E-02));
#9983 = CIRCLE('',#9984,0.489531920875);
#9984 = AXIS2_PLACEMENT_3D('',#9985,#9986,#9987);
#9985 = CARTESIAN_POINT('',(145.43747887285,-128.3002910937,-7.5E-02));
#9986 = DIRECTION('',(0.,-0.,1.));
#9987 = DIRECTION('',(0.990844736493,-0.135006326383,-0.));
#9988 = ORIENTED_EDGE('',*,*,#9989,.T.);
#9989 = EDGE_CURVE('',#9981,#9990,#9992,.T.);
#9990 = VERTEX_POINT('',#9991);
#9991 = CARTESIAN_POINT('',(145.898624,-128.155844,-7.5E-02));
#9992 = LINE('',#9993,#9994);
#9993 = CARTESIAN_POINT('',(145.911655,-128.178642,-7.5E-02));
#9994 = VECTOR('',#9995,1.);
#9995 = DIRECTION('',(-0.496241462309,0.868184548979,0.));
#9996 = ORIENTED_EDGE('',*,*,#9997,.T.);
#9997 = EDGE_CURVE('',#9990,#9998,#10000,.T.);
#9998 = VERTEX_POINT('',#9999);
#9999 = CARTESIAN_POINT('',(145.85796,-128.137821,-7.5E-02));
#10000 = LINE('',#10001,#10002);
#10001 = CARTESIAN_POINT('',(145.898624,-128.155844,-7.5E-02));
#10002 = VECTOR('',#10003,1.);
#10003 = DIRECTION('',(-0.914227342071,0.405201637471,0.));
#10004 = ORIENTED_EDGE('',*,*,#10005,.T.);
#10005 = EDGE_CURVE('',#9998,#10006,#10008,.T.);
#10006 = VERTEX_POINT('',#10007);
#10007 = CARTESIAN_POINT('',(145.742278,-128.128489,-7.5E-02));
#10008 = LINE('',#10009,#10010);
#10009 = CARTESIAN_POINT('',(145.85796,-128.137821,-7.5E-02));
#10010 = VECTOR('',#10011,1.);
#10011 = DIRECTION('',(-0.996762017202,8.040821514611E-02,0.));
#10012 = ORIENTED_EDGE('',*,*,#10013,.T.);
#10013 = EDGE_CURVE('',#10006,#10014,#10016,.T.);
#10014 = VERTEX_POINT('',#10015);
#10015 = CARTESIAN_POINT('',(145.346238,-128.128489,-7.5E-02));
#10016 = LINE('',#10017,#10018);
#10017 = CARTESIAN_POINT('',(145.742278,-128.128489,-7.5E-02));
#10018 = VECTOR('',#10019,1.);
#10019 = DIRECTION('',(-1.,0.,0.));
#10020 = ORIENTED_EDGE('',*,*,#10021,.T.);
#10021 = EDGE_CURVE('',#10014,#10022,#10024,.T.);
#10022 = VERTEX_POINT('',#10023);
#10023 = CARTESIAN_POINT('',(145.346238,-128.366381,-7.5E-02));
#10024 = LINE('',#10025,#10026);
#10025 = CARTESIAN_POINT('',(145.346238,-128.128489,-7.5E-02));
#10026 = VECTOR('',#10027,1.);
#10027 = DIRECTION('',(0.,-1.,0.));
#10028 = ORIENTED_EDGE('',*,*,#10029,.T.);
#10029 = EDGE_CURVE('',#10022,#10030,#10032,.T.);
#10030 = VERTEX_POINT('',#10031);
#10031 = CARTESIAN_POINT('',(145.141074,-128.366381,-7.5E-02));
#10032 = LINE('',#10033,#10034);
#10033 = CARTESIAN_POINT('',(145.346238,-128.366381,-7.5E-02));
#10034 = VECTOR('',#10035,1.);
#10035 = DIRECTION('',(-1.,0.,0.));
#10036 = ORIENTED_EDGE('',*,*,#10037,.T.);
#10037 = EDGE_CURVE('',#10030,#10038,#10040,.T.);
#10038 = VERTEX_POINT('',#10039);
#10039 = CARTESIAN_POINT('',(145.141074,-128.128489,-7.5E-02));
#10040 = LINE('',#10041,#10042);
#10041 = CARTESIAN_POINT('',(145.141074,-128.366381,-7.5E-02));
#10042 = VECTOR('',#10043,1.);
#10043 = DIRECTION('',(0.,1.,0.));
#10044 = ORIENTED_EDGE('',*,*,#10045,.T.);
#10045 = EDGE_CURVE('',#10038,#10046,#10048,.T.);
#10046 = VERTEX_POINT('',#10047);
#10047 = CARTESIAN_POINT('',(144.801088,-128.128489,-7.5E-02));
#10048 = LINE('',#10049,#10050);
#10049 = CARTESIAN_POINT('',(145.141074,-128.128489,-7.5E-02));
#10050 = VECTOR('',#10051,1.);
#10051 = DIRECTION('',(-1.,0.,0.));
#10052 = ORIENTED_EDGE('',*,*,#10053,.T.);
#10053 = EDGE_CURVE('',#10046,#10054,#10056,.T.);
#10054 = VERTEX_POINT('',#10055);
#10055 = CARTESIAN_POINT('',(144.801088,-127.805844,-7.5E-02));
#10056 = LINE('',#10057,#10058);
#10057 = CARTESIAN_POINT('',(144.801088,-128.128489,-7.5E-02));
#10058 = VECTOR('',#10059,1.);
#10059 = DIRECTION('',(0.,1.,0.));
#10060 = ORIENTED_EDGE('',*,*,#10061,.T.);
#10061 = EDGE_CURVE('',#10054,#9883,#10062,.T.);
#10062 = LINE('',#10063,#10064);
#10063 = CARTESIAN_POINT('',(144.801088,-127.805844,-7.5E-02));
#10064 = VECTOR('',#10065,1.);
#10065 = DIRECTION('',(1.,0.,0.));
#10066 = PLANE('',#10067);
#10067 = AXIS2_PLACEMENT_3D('',#10068,#10069,#10070);
#10068 = CARTESIAN_POINT('',(0.,0.,-7.5E-02));
#10069 = DIRECTION('',(-0.,-0.,-1.));
#10070 = DIRECTION('',(-1.,0.,0.));
#10071 = SHELL_BASED_SURFACE_MODEL('',(#10072));
#10072 = OPEN_SHELL('',(#10073));
#10073 = ADVANCED_FACE('',(#10074),#10156,.T.);
#10074 = FACE_BOUND('',#10075,.T.);
#10075 = EDGE_LOOP('',(#10076,#10086,#10094,#10102,#10110,#10118,#10126,
    #10134,#10142,#10150));
#10076 = ORIENTED_EDGE('',*,*,#10077,.T.);
#10077 = EDGE_CURVE('',#10078,#10080,#10082,.T.);
#10078 = VERTEX_POINT('',#10079);
#10079 = CARTESIAN_POINT('',(145.914836,-126.989096,-7.5E-02));
#10080 = VERTEX_POINT('',#10081);
#10081 = CARTESIAN_POINT('',(145.914836,-126.790893,-7.5E-02));
#10082 = LINE('',#10083,#10084);
#10083 = CARTESIAN_POINT('',(145.914836,-126.989096,-7.5E-02));
#10084 = VECTOR('',#10085,1.);
#10085 = DIRECTION('',(0.,1.,0.));
#10086 = ORIENTED_EDGE('',*,*,#10087,.T.);
#10087 = EDGE_CURVE('',#10080,#10088,#10090,.T.);
#10088 = VERTEX_POINT('',#10089);
#10089 = CARTESIAN_POINT('',(146.12,-126.790893,-7.5E-02));
#10090 = LINE('',#10091,#10092);
#10091 = CARTESIAN_POINT('',(145.914836,-126.790893,-7.5E-02));
#10092 = VECTOR('',#10093,1.);
#10093 = DIRECTION('',(1.,0.,0.));
#10094 = ORIENTED_EDGE('',*,*,#10095,.T.);
#10095 = EDGE_CURVE('',#10088,#10096,#10098,.T.);
#10096 = VERTEX_POINT('',#10097);
#10097 = CARTESIAN_POINT('',(146.12,-127.501762,-7.5E-02));
#10098 = LINE('',#10099,#10100);
#10099 = CARTESIAN_POINT('',(146.12,-126.790893,-7.5E-02));
#10100 = VECTOR('',#10101,1.);
#10101 = DIRECTION('',(0.,-1.,0.));
#10102 = ORIENTED_EDGE('',*,*,#10103,.T.);
#10103 = EDGE_CURVE('',#10096,#10104,#10106,.T.);
#10104 = VERTEX_POINT('',#10105);
#10105 = CARTESIAN_POINT('',(145.914836,-127.501762,-7.5E-02));
#10106 = LINE('',#10107,#10108);
#10107 = CARTESIAN_POINT('',(146.12,-127.501762,-7.5E-02));
#10108 = VECTOR('',#10109,1.);
#10109 = DIRECTION('',(-1.,0.,0.));
#10110 = ORIENTED_EDGE('',*,*,#10111,.T.);
#10111 = EDGE_CURVE('',#10104,#10112,#10114,.T.);
#10112 = VERTEX_POINT('',#10113);
#10113 = CARTESIAN_POINT('',(145.914836,-127.314549,-7.5E-02));
#10114 = LINE('',#10115,#10116);
#10115 = CARTESIAN_POINT('',(145.914836,-127.501762,-7.5E-02));
#10116 = VECTOR('',#10117,1.);
#10117 = DIRECTION('',(0.,1.,0.));
#10118 = ORIENTED_EDGE('',*,*,#10119,.T.);
#10119 = EDGE_CURVE('',#10112,#10120,#10122,.T.);
#10120 = VERTEX_POINT('',#10121);
#10121 = CARTESIAN_POINT('',(145.141074,-127.314549,-7.5E-02));
#10122 = LINE('',#10123,#10124);
#10123 = CARTESIAN_POINT('',(145.914836,-127.314549,-7.5E-02));
#10124 = VECTOR('',#10125,1.);
#10125 = DIRECTION('',(-1.,0.,0.));
#10126 = ORIENTED_EDGE('',*,*,#10127,.T.);
#10127 = EDGE_CURVE('',#10120,#10128,#10130,.T.);
#10128 = VERTEX_POINT('',#10129);
#10129 = CARTESIAN_POINT('',(145.141074,-126.793579,-7.5E-02));
#10130 = LINE('',#10131,#10132);
#10131 = CARTESIAN_POINT('',(145.141074,-127.314549,-7.5E-02));
#10132 = VECTOR('',#10133,1.);
#10133 = DIRECTION('',(0.,1.,0.));
#10134 = ORIENTED_EDGE('',*,*,#10135,.T.);
#10135 = EDGE_CURVE('',#10128,#10136,#10138,.T.);
#10136 = VERTEX_POINT('',#10137);
#10137 = CARTESIAN_POINT('',(145.346238,-126.793579,-7.5E-02));
#10138 = LINE('',#10139,#10140);
#10139 = CARTESIAN_POINT('',(145.141074,-126.793579,-7.5E-02));
#10140 = VECTOR('',#10141,1.);
#10141 = DIRECTION('',(1.,0.,0.));
#10142 = ORIENTED_EDGE('',*,*,#10143,.T.);
#10143 = EDGE_CURVE('',#10136,#10144,#10146,.T.);
#10144 = VERTEX_POINT('',#10145);
#10145 = CARTESIAN_POINT('',(145.346238,-126.989096,-7.5E-02));
#10146 = LINE('',#10147,#10148);
#10147 = CARTESIAN_POINT('',(145.346238,-126.793579,-7.5E-02));
#10148 = VECTOR('',#10149,1.);
#10149 = DIRECTION('',(0.,-1.,0.));
#10150 = ORIENTED_EDGE('',*,*,#10151,.T.);
#10151 = EDGE_CURVE('',#10144,#10078,#10152,.T.);
#10152 = LINE('',#10153,#10154);
#10153 = CARTESIAN_POINT('',(145.346238,-126.989096,-7.5E-02));
#10154 = VECTOR('',#10155,1.);
#10155 = DIRECTION('',(1.,0.,0.));
#10156 = PLANE('',#10157);
#10157 = AXIS2_PLACEMENT_3D('',#10158,#10159,#10160);
#10158 = CARTESIAN_POINT('',(0.,0.,-7.5E-02));
#10159 = DIRECTION('',(-0.,-0.,-1.));
#10160 = DIRECTION('',(-1.,0.,0.));
#10161 = SHELL_BASED_SURFACE_MODEL('',(#10162));
#10162 = OPEN_SHELL('',(#10163));
#10163 = ADVANCED_FACE('',(#10164),#10198,.T.);
#10164 = FACE_BOUND('',#10165,.T.);
#10165 = EDGE_LOOP('',(#10166,#10176,#10184,#10192));
#10166 = ORIENTED_EDGE('',*,*,#10167,.T.);
#10167 = EDGE_CURVE('',#10168,#10170,#10172,.T.);
#10168 = VERTEX_POINT('',#10169);
#10169 = CARTESIAN_POINT('',(144.724884,-127.314549,-7.5E-02));
#10170 = VERTEX_POINT('',#10171);
#10171 = CARTESIAN_POINT('',(144.724884,-126.883827,-7.5E-02));
#10172 = LINE('',#10173,#10174);
#10173 = CARTESIAN_POINT('',(144.724884,-127.314549,-7.5E-02));
#10174 = VECTOR('',#10175,1.);
#10175 = DIRECTION('',(0.,1.,0.));
#10176 = ORIENTED_EDGE('',*,*,#10177,.T.);
#10177 = EDGE_CURVE('',#10170,#10178,#10180,.T.);
#10178 = VERTEX_POINT('',#10179);
#10179 = CARTESIAN_POINT('',(144.982805,-126.883827,-7.5E-02));
#10180 = LINE('',#10181,#10182);
#10181 = CARTESIAN_POINT('',(144.724884,-126.883827,-7.5E-02));
#10182 = VECTOR('',#10183,1.);
#10183 = DIRECTION('',(1.,0.,0.));
#10184 = ORIENTED_EDGE('',*,*,#10185,.T.);
#10185 = EDGE_CURVE('',#10178,#10186,#10188,.T.);
#10186 = VERTEX_POINT('',#10187);
#10187 = CARTESIAN_POINT('',(144.982805,-127.314549,-7.5E-02));
#10188 = LINE('',#10189,#10190);
#10189 = CARTESIAN_POINT('',(144.982805,-126.883827,-7.5E-02));
#10190 = VECTOR('',#10191,1.);
#10191 = DIRECTION('',(0.,-1.,0.));
#10192 = ORIENTED_EDGE('',*,*,#10193,.T.);
#10193 = EDGE_CURVE('',#10186,#10168,#10194,.T.);
#10194 = LINE('',#10195,#10196);
#10195 = CARTESIAN_POINT('',(144.982805,-127.314549,-7.5E-02));
#10196 = VECTOR('',#10197,1.);
#10197 = DIRECTION('',(-1.,0.,0.));
#10198 = PLANE('',#10199);
#10199 = AXIS2_PLACEMENT_3D('',#10200,#10201,#10202);
#10200 = CARTESIAN_POINT('',(0.,0.,-7.5E-02));
#10201 = DIRECTION('',(-0.,-0.,-1.));
#10202 = DIRECTION('',(-1.,0.,0.));
#10203 = SHELL_BASED_SURFACE_MODEL('',(#10204));
#10204 = OPEN_SHELL('',(#10205));
#10205 = ADVANCED_FACE('',(#10206),#10442,.T.);
#10206 = FACE_BOUND('',#10207,.T.);
#10207 = EDGE_LOOP('',(#10208,#10218,#10226,#10234,#10242,#10250,#10258,
    #10266,#10274,#10282,#10290,#10298,#10307,#10315,#10323,#10331,
    #10339,#10347,#10355,#10363,#10371,#10379,#10387,#10395,#10403,
    #10411,#10419,#10428,#10436));
#10208 = ORIENTED_EDGE('',*,*,#10209,.T.);
#10209 = EDGE_CURVE('',#10210,#10212,#10214,.T.);
#10210 = VERTEX_POINT('',#10211);
#10211 = CARTESIAN_POINT('',(145.141074,-126.187124,-7.5E-02));
#10212 = VERTEX_POINT('',#10213);
#10213 = CARTESIAN_POINT('',(145.141074,-125.679832,-7.5E-02));
#10214 = LINE('',#10215,#10216);
#10215 = CARTESIAN_POINT('',(145.141074,-126.187124,-7.5E-02));
#10216 = VECTOR('',#10217,1.);
#10217 = DIRECTION('',(0.,1.,0.));
#10218 = ORIENTED_EDGE('',*,*,#10219,.T.);
#10219 = EDGE_CURVE('',#10212,#10220,#10222,.T.);
#10220 = VERTEX_POINT('',#10221);
#10221 = CARTESIAN_POINT('',(145.346238,-125.679832,-7.5E-02));
#10222 = LINE('',#10223,#10224);
#10223 = CARTESIAN_POINT('',(145.141074,-125.679832,-7.5E-02));
#10224 = VECTOR('',#10225,1.);
#10225 = DIRECTION('',(1.,0.,0.));
#10226 = ORIENTED_EDGE('',*,*,#10227,.T.);
#10227 = EDGE_CURVE('',#10220,#10228,#10230,.T.);
#10228 = VERTEX_POINT('',#10229);
#10229 = CARTESIAN_POINT('',(145.346238,-125.861671,-7.5E-02));
#10230 = LINE('',#10231,#10232);
#10231 = CARTESIAN_POINT('',(145.346238,-125.679832,-7.5E-02));
#10232 = VECTOR('',#10233,1.);
#10233 = DIRECTION('',(0.,-1.,0.));
#10234 = ORIENTED_EDGE('',*,*,#10235,.T.);
#10235 = EDGE_CURVE('',#10228,#10236,#10238,.T.);
#10236 = VERTEX_POINT('',#10237);
#10237 = CARTESIAN_POINT('',(145.914836,-125.861671,-7.5E-02));
#10238 = LINE('',#10239,#10240);
#10239 = CARTESIAN_POINT('',(145.346238,-125.861671,-7.5E-02));
#10240 = VECTOR('',#10241,1.);
#10241 = DIRECTION('',(1.,0.,0.));
#10242 = ORIENTED_EDGE('',*,*,#10243,.T.);
#10243 = EDGE_CURVE('',#10236,#10244,#10246,.T.);
#10244 = VERTEX_POINT('',#10245);
#10245 = CARTESIAN_POINT('',(145.914836,-125.679832,-7.5E-02));
#10246 = LINE('',#10247,#10248);
#10247 = CARTESIAN_POINT('',(145.914836,-125.861671,-7.5E-02));
#10248 = VECTOR('',#10249,1.);
#10249 = DIRECTION('',(0.,1.,0.));
#10250 = ORIENTED_EDGE('',*,*,#10251,.T.);
#10251 = EDGE_CURVE('',#10244,#10252,#10254,.T.);
#10252 = VERTEX_POINT('',#10253);
#10253 = CARTESIAN_POINT('',(146.12,-125.679832,-7.5E-02));
#10254 = LINE('',#10255,#10256);
#10255 = CARTESIAN_POINT('',(145.914836,-125.679832,-7.5E-02));
#10256 = VECTOR('',#10257,1.);
#10257 = DIRECTION('',(1.,0.,0.));
#10258 = ORIENTED_EDGE('',*,*,#10259,.T.);
#10259 = EDGE_CURVE('',#10252,#10260,#10262,.T.);
#10260 = VERTEX_POINT('',#10261);
#10261 = CARTESIAN_POINT('',(146.12,-126.368963,-7.5E-02));
#10262 = LINE('',#10263,#10264);
#10263 = CARTESIAN_POINT('',(146.12,-125.679832,-7.5E-02));
#10264 = VECTOR('',#10265,1.);
#10265 = DIRECTION('',(0.,-1.,0.));
#10266 = ORIENTED_EDGE('',*,*,#10267,.T.);
#10267 = EDGE_CURVE('',#10260,#10268,#10270,.T.);
#10268 = VERTEX_POINT('',#10269);
#10269 = CARTESIAN_POINT('',(145.914836,-126.368963,-7.5E-02));
#10270 = LINE('',#10271,#10272);
#10271 = CARTESIAN_POINT('',(146.12,-126.368963,-7.5E-02));
#10272 = VECTOR('',#10273,1.);
#10273 = DIRECTION('',(-1.,0.,0.));
#10274 = ORIENTED_EDGE('',*,*,#10275,.T.);
#10275 = EDGE_CURVE('',#10268,#10276,#10278,.T.);
#10276 = VERTEX_POINT('',#10277);
#10277 = CARTESIAN_POINT('',(145.914836,-126.187124,-7.5E-02));
#10278 = LINE('',#10279,#10280);
#10279 = CARTESIAN_POINT('',(145.914836,-126.368963,-7.5E-02));
#10280 = VECTOR('',#10281,1.);
#10281 = DIRECTION('',(0.,1.,0.));
#10282 = ORIENTED_EDGE('',*,*,#10283,.T.);
#10283 = EDGE_CURVE('',#10276,#10284,#10286,.T.);
#10284 = VERTEX_POINT('',#10285);
#10285 = CARTESIAN_POINT('',(145.344132,-126.187124,-7.5E-02));
#10286 = LINE('',#10287,#10288);
#10287 = CARTESIAN_POINT('',(145.914836,-126.187124,-7.5E-02));
#10288 = VECTOR('',#10289,1.);
#10289 = DIRECTION('',(-1.,0.,0.));
#10290 = ORIENTED_EDGE('',*,*,#10291,.T.);
#10291 = EDGE_CURVE('',#10284,#10292,#10294,.T.);
#10292 = VERTEX_POINT('',#10293);
#10293 = CARTESIAN_POINT('',(145.337903,-126.206175,-7.5E-02));
#10294 = LINE('',#10295,#10296);
#10295 = CARTESIAN_POINT('',(145.344132,-126.187124,-7.5E-02));
#10296 = VECTOR('',#10297,1.);
#10297 = DIRECTION('',(-0.310774395268,-0.950483705934,0.));
#10298 = ORIENTED_EDGE('',*,*,#10299,.T.);
#10299 = EDGE_CURVE('',#10292,#10300,#10302,.T.);
#10300 = VERTEX_POINT('',#10301);
#10301 = CARTESIAN_POINT('',(145.460837,-126.364879,-7.5E-02));
#10302 = CIRCLE('',#10303,0.24484803494);
#10303 = AXIS2_PLACEMENT_3D('',#10304,#10305,#10306);
#10304 = CARTESIAN_POINT('',(145.2228146,-126.422288906,-7.5E-02));
#10305 = DIRECTION('',(0.,0.,-1.));
#10306 = DIRECTION('',(0.470040121089,0.882645050157,0.));
#10307 = ORIENTED_EDGE('',*,*,#10308,.T.);
#10308 = EDGE_CURVE('',#10300,#10309,#10311,.T.);
#10309 = VERTEX_POINT('',#10310);
#10310 = CARTESIAN_POINT('',(145.469337,-126.438572,-7.5E-02));
#10311 = LINE('',#10312,#10313);
#10312 = CARTESIAN_POINT('',(145.460837,-126.364879,-7.5E-02));
#10313 = VECTOR('',#10314,1.);
#10314 = DIRECTION('',(0.114583686269,-0.993413599082,0.));
#10315 = ORIENTED_EDGE('',*,*,#10316,.T.);
#10316 = EDGE_CURVE('',#10309,#10317,#10319,.T.);
#10317 = VERTEX_POINT('',#10318);
#10318 = CARTESIAN_POINT('',(145.463678,-126.505203,-7.5E-02));
#10319 = LINE('',#10320,#10321);
#10320 = CARTESIAN_POINT('',(145.469337,-126.438572,-7.5E-02));
#10321 = VECTOR('',#10322,1.);
#10322 = DIRECTION('',(-8.462577574731E-02,-0.996412805056,0.));
#10323 = ORIENTED_EDGE('',*,*,#10324,.T.);
#10324 = EDGE_CURVE('',#10317,#10325,#10327,.T.);
#10325 = VERTEX_POINT('',#10326);
#10326 = CARTESIAN_POINT('',(145.447588,-126.560405,-7.5E-02));
#10327 = LINE('',#10328,#10329);
#10328 = CARTESIAN_POINT('',(145.463678,-126.505203,-7.5E-02));
#10329 = VECTOR('',#10330,1.);
#10330 = DIRECTION('',(-0.279830365209,-0.960049460552,0.));
#10331 = ORIENTED_EDGE('',*,*,#10332,.T.);
#10332 = EDGE_CURVE('',#10325,#10333,#10335,.T.);
#10333 = VERTEX_POINT('',#10334);
#10334 = CARTESIAN_POINT('',(145.421251,-126.606734,-7.5E-02));
#10335 = LINE('',#10336,#10337);
#10336 = CARTESIAN_POINT('',(145.447588,-126.560405,-7.5E-02));
#10337 = VECTOR('',#10338,1.);
#10338 = DIRECTION('',(-0.494203797017,-0.869346080116,0.));
#10339 = ORIENTED_EDGE('',*,*,#10340,.T.);
#10340 = EDGE_CURVE('',#10333,#10341,#10343,.T.);
#10341 = VERTEX_POINT('',#10342);
#10342 = CARTESIAN_POINT('',(145.386595,-126.642132,-7.5E-02));
#10343 = LINE('',#10344,#10345);
#10344 = CARTESIAN_POINT('',(145.421251,-126.606734,-7.5E-02));
#10345 = VECTOR('',#10346,1.);
#10346 = DIRECTION('',(-0.699577986339,-0.714556254629,0.));
#10347 = ORIENTED_EDGE('',*,*,#10348,.T.);
#10348 = EDGE_CURVE('',#10341,#10349,#10351,.T.);
#10349 = VERTEX_POINT('',#10350);
#10350 = CARTESIAN_POINT('',(145.345908,-126.663593,-7.5E-02));
#10351 = LINE('',#10352,#10353);
#10352 = CARTESIAN_POINT('',(145.386595,-126.642132,-7.5E-02));
#10353 = VECTOR('',#10354,1.);
#10354 = DIRECTION('',(-0.884498643575,-0.466542762793,0.));
#10355 = ORIENTED_EDGE('',*,*,#10356,.T.);
#10356 = EDGE_CURVE('',#10349,#10357,#10359,.T.);
#10357 = VERTEX_POINT('',#10358);
#10358 = CARTESIAN_POINT('',(145.29742,-126.671092,-7.5E-02));
#10359 = LINE('',#10360,#10361);
#10360 = CARTESIAN_POINT('',(145.345908,-126.663593,-7.5E-02));
#10361 = VECTOR('',#10362,1.);
#10362 = DIRECTION('',(-0.98825098467,-0.15283975693,0.));
#10363 = ORIENTED_EDGE('',*,*,#10364,.T.);
#10364 = EDGE_CURVE('',#10357,#10365,#10367,.T.);
#10365 = VERTEX_POINT('',#10366);
#10366 = CARTESIAN_POINT('',(145.248936,-126.663562,-7.5E-02));
#10367 = LINE('',#10368,#10369);
#10368 = CARTESIAN_POINT('',(145.29742,-126.671092,-7.5E-02));
#10369 = VECTOR('',#10370,1.);
#10370 = DIRECTION('',(-0.988153448476,0.153469092216,0.));
#10371 = ORIENTED_EDGE('',*,*,#10372,.T.);
#10372 = EDGE_CURVE('',#10365,#10373,#10375,.T.);
#10373 = VERTEX_POINT('',#10374);
#10374 = CARTESIAN_POINT('',(145.20789,-126.64193,-7.5E-02));
#10375 = LINE('',#10376,#10377);
#10376 = CARTESIAN_POINT('',(145.248936,-126.663562,-7.5E-02));
#10377 = VECTOR('',#10378,1.);
#10378 = DIRECTION('',(-0.884661884373,0.466233150191,0.));
#10379 = ORIENTED_EDGE('',*,*,#10380,.T.);
#10380 = EDGE_CURVE('',#10373,#10381,#10383,.T.);
#10381 = VERTEX_POINT('',#10382);
#10382 = CARTESIAN_POINT('',(145.172581,-126.606123,-7.5E-02));
#10383 = LINE('',#10384,#10385);
#10384 = CARTESIAN_POINT('',(145.20789,-126.64193,-7.5E-02));
#10385 = VECTOR('',#10386,1.);
#10386 = DIRECTION('',(-0.702137949269,0.712040939972,0.));
#10387 = ORIENTED_EDGE('',*,*,#10388,.T.);
#10388 = EDGE_CURVE('',#10381,#10389,#10391,.T.);
#10389 = VERTEX_POINT('',#10390);
#10390 = CARTESIAN_POINT('',(145.145476,-126.559336,-7.5E-02));
#10391 = LINE('',#10392,#10393);
#10392 = CARTESIAN_POINT('',(145.172581,-126.606123,-7.5E-02));
#10393 = VECTOR('',#10394,1.);
#10394 = DIRECTION('',(-0.501282659214,0.86528359257,0.));
#10395 = ORIENTED_EDGE('',*,*,#10396,.T.);
#10396 = EDGE_CURVE('',#10389,#10397,#10399,.T.);
#10397 = VERTEX_POINT('',#10398);
#10398 = CARTESIAN_POINT('',(145.129156,-126.505165,-7.5E-02));
#10399 = LINE('',#10400,#10401);
#10400 = CARTESIAN_POINT('',(145.145476,-126.559336,-7.5E-02));
#10401 = VECTOR('',#10402,1.);
#10402 = DIRECTION('',(-0.288461724786,0.95749142729,0.));
#10403 = ORIENTED_EDGE('',*,*,#10404,.T.);
#10404 = EDGE_CURVE('',#10397,#10405,#10407,.T.);
#10405 = VERTEX_POINT('',#10406);
#10406 = CARTESIAN_POINT('',(145.123489,-126.441381,-7.5E-02));
#10407 = LINE('',#10408,#10409);
#10408 = CARTESIAN_POINT('',(145.129156,-126.505165,-7.5E-02));
#10409 = VECTOR('',#10410,1.);
#10410 = DIRECTION('',(-8.849812862448E-02,0.996076343073,0.));
#10411 = ORIENTED_EDGE('',*,*,#10412,.T.);
#10412 = EDGE_CURVE('',#10405,#10413,#10415,.T.);
#10413 = VERTEX_POINT('',#10414);
#10414 = CARTESIAN_POINT('',(145.133759,-126.359781,-7.5E-02));
#10415 = LINE('',#10416,#10417);
#10416 = CARTESIAN_POINT('',(145.123489,-126.441381,-7.5E-02));
#10417 = VECTOR('',#10418,1.);
#10418 = DIRECTION('',(0.124872724668,0.992172768541,0.));
#10419 = ORIENTED_EDGE('',*,*,#10420,.T.);
#10420 = EDGE_CURVE('',#10413,#10421,#10423,.T.);
#10421 = VERTEX_POINT('',#10422);
#10422 = CARTESIAN_POINT('',(145.278919,-126.203489,-7.5E-02));
#10423 = CIRCLE('',#10424,0.225555239089);
#10424 = AXIS2_PLACEMENT_3D('',#10425,#10426,#10427);
#10425 = CARTESIAN_POINT('',(145.35196503477,-126.4168887251,-7.5E-02));
#10426 = DIRECTION('',(0.,0.,-1.));
#10427 = DIRECTION('',(-0.96741727505,0.253187313929,0.));
#10428 = ORIENTED_EDGE('',*,*,#10429,.T.);
#10429 = EDGE_CURVE('',#10421,#10430,#10432,.T.);
#10430 = VERTEX_POINT('',#10431);
#10431 = CARTESIAN_POINT('',(145.28304,-126.187124,-7.5E-02));
#10432 = LINE('',#10433,#10434);
#10433 = CARTESIAN_POINT('',(145.278919,-126.203489,-7.5E-02));
#10434 = VECTOR('',#10435,1.);
#10435 = DIRECTION('',(0.244194441502,0.969726288568,0.));
#10436 = ORIENTED_EDGE('',*,*,#10437,.T.);
#10437 = EDGE_CURVE('',#10430,#10210,#10438,.T.);
#10438 = LINE('',#10439,#10440);
#10439 = CARTESIAN_POINT('',(145.28304,-126.187124,-7.5E-02));
#10440 = VECTOR('',#10441,1.);
#10441 = DIRECTION('',(-1.,0.,0.));
#10442 = PLANE('',#10443);
#10443 = AXIS2_PLACEMENT_3D('',#10444,#10445,#10446);
#10444 = CARTESIAN_POINT('',(0.,0.,-7.5E-02));
#10445 = DIRECTION('',(-0.,-0.,-1.));
#10446 = DIRECTION('',(-1.,0.,0.));
#10447 = SHELL_BASED_SURFACE_MODEL('',(#10448));
#10448 = OPEN_SHELL('',(#10449));
#10449 = ADVANCED_FACE('',(#10450,#10655),#10849,.T.);
#10450 = FACE_BOUND('',#10451,.T.);
#10451 = EDGE_LOOP('',(#10452,#10462,#10470,#10479,#10487,#10495,#10504,
    #10512,#10520,#10528,#10536,#10544,#10552,#10560,#10568,#10576,
    #10584,#10592,#10600,#10609,#10617,#10625,#10633,#10641,#10649));
#10452 = ORIENTED_EDGE('',*,*,#10453,.T.);
#10453 = EDGE_CURVE('',#10454,#10456,#10458,.T.);
#10454 = VERTEX_POINT('',#10455);
#10455 = CARTESIAN_POINT('',(145.429095,-124.006687,-7.5E-02));
#10456 = VERTEX_POINT('',#10457);
#10457 = CARTESIAN_POINT('',(145.524095,-123.971063,-7.5E-02));
#10458 = LINE('',#10459,#10460);
#10459 = CARTESIAN_POINT('',(145.429095,-124.006687,-7.5E-02));
#10460 = VECTOR('',#10461,1.);
#10461 = DIRECTION('',(0.936332417901,0.351114800582,0.));
#10462 = ORIENTED_EDGE('',*,*,#10463,.T.);
#10463 = EDGE_CURVE('',#10456,#10464,#10466,.T.);
#10464 = VERTEX_POINT('',#10465);
#10465 = CARTESIAN_POINT('',(145.630537,-123.958775,-7.5E-02));
#10466 = LINE('',#10467,#10468);
#10467 = CARTESIAN_POINT('',(145.524095,-123.971063,-7.5E-02));
#10468 = VECTOR('',#10469,1.);
#10469 = DIRECTION('',(0.993402312691,0.114681494319,0.));
#10470 = ORIENTED_EDGE('',*,*,#10471,.T.);
#10471 = EDGE_CURVE('',#10464,#10472,#10474,.T.);
#10472 = VERTEX_POINT('',#10473);
#10473 = CARTESIAN_POINT('',(145.998825,-124.144644,-7.5E-02));
#10474 = CIRCLE('',#10475,0.447458579703);
#10475 = AXIS2_PLACEMENT_3D('',#10476,#10477,#10478);
#10476 = CARTESIAN_POINT('',(145.63577389482,-124.4062029332,-7.5E-02));
#10477 = DIRECTION('',(0.,0.,-1.));
#10478 = DIRECTION('',(-1.170364154752E-02,0.999931510042,0.));
#10479 = ORIENTED_EDGE('',*,*,#10480,.T.);
#10480 = EDGE_CURVE('',#10472,#10481,#10483,.T.);
#10481 = VERTEX_POINT('',#10482);
#10482 = CARTESIAN_POINT('',(146.061821,-124.243597,-7.5E-02));
#10483 = LINE('',#10484,#10485);
#10484 = CARTESIAN_POINT('',(145.998825,-124.144644,-7.5E-02));
#10485 = VECTOR('',#10486,1.);
#10486 = DIRECTION('',(0.537032691499,-0.843561431232,0.));
#10487 = ORIENTED_EDGE('',*,*,#10488,.T.);
#10488 = EDGE_CURVE('',#10481,#10489,#10491,.T.);
#10489 = VERTEX_POINT('',#10490);
#10490 = CARTESIAN_POINT('',(146.106547,-124.354182,-7.5E-02));
#10491 = LINE('',#10492,#10493);
#10492 = CARTESIAN_POINT('',(146.061821,-124.243597,-7.5E-02));
#10493 = VECTOR('',#10494,1.);
#10494 = DIRECTION('',(0.3749435535,-0.927047642621,0.));
#10495 = ORIENTED_EDGE('',*,*,#10496,.T.);
#10496 = EDGE_CURVE('',#10489,#10497,#10499,.T.);
#10497 = VERTEX_POINT('',#10498);
#10498 = CARTESIAN_POINT('',(146.135222,-124.735293,-7.5E-02));
#10499 = CIRCLE('',#10500,0.91021904807);
#10500 = AXIS2_PLACEMENT_3D('',#10501,#10502,#10503);
#10501 = CARTESIAN_POINT('',(145.2334593074,-124.6115078566,-7.5E-02));
#10502 = DIRECTION('',(0.,0.,-1.));
#10503 = DIRECTION('',(0.959206132246,0.282707615499,0.));
#10504 = ORIENTED_EDGE('',*,*,#10505,.T.);
#10505 = EDGE_CURVE('',#10497,#10506,#10508,.T.);
#10506 = VERTEX_POINT('',#10507);
#10507 = CARTESIAN_POINT('',(146.11084,-124.842568,-7.5E-02));
#10508 = LINE('',#10509,#10510);
#10509 = CARTESIAN_POINT('',(146.135222,-124.735293,-7.5E-02));
#10510 = VECTOR('',#10511,1.);
#10511 = DIRECTION('',(-0.221632497332,-0.975130266234,0.));
#10512 = ORIENTED_EDGE('',*,*,#10513,.T.);
#10513 = EDGE_CURVE('',#10506,#10514,#10516,.T.);
#10514 = VERTEX_POINT('',#10515);
#10515 = CARTESIAN_POINT('',(146.071023,-124.941257,-7.5E-02));
#10516 = LINE('',#10517,#10518);
#10517 = CARTESIAN_POINT('',(146.11084,-124.842568,-7.5E-02));
#10518 = VECTOR('',#10519,1.);
#10519 = DIRECTION('',(-0.374154620783,-0.927366335245,0.));
#10520 = ORIENTED_EDGE('',*,*,#10521,.T.);
#10521 = EDGE_CURVE('',#10514,#10522,#10524,.T.);
#10522 = VERTEX_POINT('',#10523);
#10523 = CARTESIAN_POINT('',(146.016135,-125.029291,-7.5E-02));
#10524 = LINE('',#10525,#10526);
#10525 = CARTESIAN_POINT('',(146.071023,-124.941257,-7.5E-02));
#10526 = VECTOR('',#10527,1.);
#10527 = DIRECTION('',(-0.529074997782,-0.848575068407,0.));
#10528 = ORIENTED_EDGE('',*,*,#10529,.T.);
#10529 = EDGE_CURVE('',#10522,#10530,#10532,.T.);
#10530 = VERTEX_POINT('',#10531);
#10531 = CARTESIAN_POINT('',(146.12,-125.029291,-7.5E-02));
#10532 = LINE('',#10533,#10534);
#10533 = CARTESIAN_POINT('',(146.016135,-125.029291,-7.5E-02));
#10534 = VECTOR('',#10535,1.);
#10535 = DIRECTION('',(1.,0.,0.));
#10536 = ORIENTED_EDGE('',*,*,#10537,.T.);
#10537 = EDGE_CURVE('',#10530,#10538,#10540,.T.);
#10538 = VERTEX_POINT('',#10539);
#10539 = CARTESIAN_POINT('',(146.12,-125.53524,-7.5E-02));
#10540 = LINE('',#10541,#10542);
#10541 = CARTESIAN_POINT('',(146.12,-125.029291,-7.5E-02));
#10542 = VECTOR('',#10543,1.);
#10543 = DIRECTION('',(0.,-1.,0.));
#10544 = ORIENTED_EDGE('',*,*,#10545,.T.);
#10545 = EDGE_CURVE('',#10538,#10546,#10548,.T.);
#10546 = VERTEX_POINT('',#10547);
#10547 = CARTESIAN_POINT('',(145.914836,-125.53524,-7.5E-02));
#10548 = LINE('',#10549,#10550);
#10549 = CARTESIAN_POINT('',(146.12,-125.53524,-7.5E-02));
#10550 = VECTOR('',#10551,1.);
#10551 = DIRECTION('',(-1.,0.,0.));
#10552 = ORIENTED_EDGE('',*,*,#10553,.T.);
#10553 = EDGE_CURVE('',#10546,#10554,#10556,.T.);
#10554 = VERTEX_POINT('',#10555);
#10555 = CARTESIAN_POINT('',(145.914836,-125.353401,-7.5E-02));
#10556 = LINE('',#10557,#10558);
#10557 = CARTESIAN_POINT('',(145.914836,-125.53524,-7.5E-02));
#10558 = VECTOR('',#10559,1.);
#10559 = DIRECTION('',(0.,1.,0.));
#10560 = ORIENTED_EDGE('',*,*,#10561,.T.);
#10561 = EDGE_CURVE('',#10554,#10562,#10564,.T.);
#10562 = VERTEX_POINT('',#10563);
#10563 = CARTESIAN_POINT('',(144.607648,-125.353401,-7.5E-02));
#10564 = LINE('',#10565,#10566);
#10565 = CARTESIAN_POINT('',(145.914836,-125.353401,-7.5E-02));
#10566 = VECTOR('',#10567,1.);
#10567 = DIRECTION('',(-1.,0.,0.));
#10568 = ORIENTED_EDGE('',*,*,#10569,.T.);
#10569 = EDGE_CURVE('',#10562,#10570,#10572,.T.);
#10570 = VERTEX_POINT('',#10571);
#10571 = CARTESIAN_POINT('',(144.607648,-124.850261,-7.5E-02));
#10572 = LINE('',#10573,#10574);
#10573 = CARTESIAN_POINT('',(144.607648,-125.353401,-7.5E-02));
#10574 = VECTOR('',#10575,1.);
#10575 = DIRECTION('',(0.,1.,0.));
#10576 = ORIENTED_EDGE('',*,*,#10577,.T.);
#10577 = EDGE_CURVE('',#10570,#10578,#10580,.T.);
#10578 = VERTEX_POINT('',#10579);
#10579 = CARTESIAN_POINT('',(144.812812,-124.850261,-7.5E-02));
#10580 = LINE('',#10581,#10582);
#10581 = CARTESIAN_POINT('',(144.607648,-124.850261,-7.5E-02));
#10582 = VECTOR('',#10583,1.);
#10583 = DIRECTION('',(1.,0.,0.));
#10584 = ORIENTED_EDGE('',*,*,#10585,.T.);
#10585 = EDGE_CURVE('',#10578,#10586,#10588,.T.);
#10586 = VERTEX_POINT('',#10587);
#10587 = CARTESIAN_POINT('',(144.812812,-125.029291,-7.5E-02));
#10588 = LINE('',#10589,#10590);
#10589 = CARTESIAN_POINT('',(144.812812,-124.850261,-7.5E-02));
#10590 = VECTOR('',#10591,1.);
#10591 = DIRECTION('',(0.,-1.,0.));
#10592 = ORIENTED_EDGE('',*,*,#10593,.T.);
#10593 = EDGE_CURVE('',#10586,#10594,#10596,.T.);
#10594 = VERTEX_POINT('',#10595);
#10595 = CARTESIAN_POINT('',(145.249243,-125.029291,-7.5E-02));
#10596 = LINE('',#10597,#10598);
#10597 = CARTESIAN_POINT('',(144.812812,-125.029291,-7.5E-02));
#10598 = VECTOR('',#10599,1.);
#10599 = DIRECTION('',(1.,0.,0.));
#10600 = ORIENTED_EDGE('',*,*,#10601,.T.);
#10601 = EDGE_CURVE('',#10594,#10602,#10604,.T.);
#10602 = VERTEX_POINT('',#10603);
#10603 = CARTESIAN_POINT('',(145.117627,-124.620551,-7.5E-02));
#10604 = CIRCLE('',#10605,0.667571091445);
#10605 = AXIS2_PLACEMENT_3D('',#10606,#10607,#10608);
#10606 = CARTESIAN_POINT('',(145.78511350113,-124.6311779907,-7.5E-02));
#10607 = DIRECTION('',(0.,0.,-1.));
#10608 = DIRECTION('',(-0.80271675632,-0.596360469115,-0.));
#10609 = ORIENTED_EDGE('',*,*,#10610,.T.);
#10610 = EDGE_CURVE('',#10602,#10611,#10613,.T.);
#10611 = VERTEX_POINT('',#10612);
#10612 = CARTESIAN_POINT('',(145.127202,-124.48194,-7.5E-02));
#10613 = LINE('',#10614,#10615);
#10614 = CARTESIAN_POINT('',(145.117627,-124.620551,-7.5E-02));
#10615 = VECTOR('',#10616,1.);
#10616 = DIRECTION('',(6.891398551152E-02,0.997622605298,0.));
#10617 = ORIENTED_EDGE('',*,*,#10618,.T.);
#10618 = EDGE_CURVE('',#10611,#10619,#10621,.T.);
#10619 = VERTEX_POINT('',#10620);
#10620 = CARTESIAN_POINT('',(145.154963,-124.358783,-7.5E-02));
#10621 = LINE('',#10622,#10623);
#10622 = CARTESIAN_POINT('',(145.127202,-124.48194,-7.5E-02));
#10623 = VECTOR('',#10624,1.);
#10624 = DIRECTION('',(0.219894232297,0.975523719139,0.));
#10625 = ORIENTED_EDGE('',*,*,#10626,.T.);
#10626 = EDGE_CURVE('',#10619,#10627,#10629,.T.);
#10627 = VERTEX_POINT('',#10628);
#10628 = CARTESIAN_POINT('',(145.200608,-124.248006,-7.5E-02));
#10629 = LINE('',#10630,#10631);
#10630 = CARTESIAN_POINT('',(145.154963,-124.358783,-7.5E-02));
#10631 = VECTOR('',#10632,1.);
#10632 = DIRECTION('',(0.380970603118,0.924587150873,0.));
#10633 = ORIENTED_EDGE('',*,*,#10634,.T.);
#10634 = EDGE_CURVE('',#10627,#10635,#10637,.T.);
#10635 = VERTEX_POINT('',#10636);
#10636 = CARTESIAN_POINT('',(145.265363,-124.147452,-7.5E-02));
#10637 = LINE('',#10638,#10639);
#10638 = CARTESIAN_POINT('',(145.200608,-124.248006,-7.5E-02));
#10639 = VECTOR('',#10640,1.);
#10640 = DIRECTION('',(0.541426795707,0.840747896156,0.));
#10641 = ORIENTED_EDGE('',*,*,#10642,.T.);
#10642 = EDGE_CURVE('',#10635,#10643,#10645,.T.);
#10643 = VERTEX_POINT('',#10644);
#10644 = CARTESIAN_POINT('',(145.343378,-124.065086,-7.5E-02));
#10645 = LINE('',#10646,#10647);
#10646 = CARTESIAN_POINT('',(145.265363,-124.147452,-7.5E-02));
#10647 = VECTOR('',#10648,1.);
#10648 = DIRECTION('',(0.687670563135,0.726022862311,0.));
#10649 = ORIENTED_EDGE('',*,*,#10650,.T.);
#10650 = EDGE_CURVE('',#10643,#10454,#10651,.T.);
#10651 = LINE('',#10652,#10653);
#10652 = CARTESIAN_POINT('',(145.343378,-124.065086,-7.5E-02));
#10653 = VECTOR('',#10654,1.);
#10654 = DIRECTION('',(0.826426577158,0.563044503185,0.));
#10655 = FACE_BOUND('',#10656,.T.);
#10656 = EDGE_LOOP('',(#10657,#10667,#10675,#10683,#10691,#10699,#10707,
    #10715,#10723,#10731,#10739,#10747,#10755,#10763,#10771,#10779,
    #10787,#10795,#10803,#10811,#10819,#10827,#10835,#10843));
#10657 = ORIENTED_EDGE('',*,*,#10658,.T.);
#10658 = EDGE_CURVE('',#10659,#10661,#10663,.T.);
#10659 = VERTEX_POINT('',#10660);
#10660 = CARTESIAN_POINT('',(145.784016,-124.33787,-7.5E-02));
#10661 = VERTEX_POINT('',#10662);
#10662 = CARTESIAN_POINT('',(145.715224,-124.302138,-7.5E-02));
#10663 = LINE('',#10664,#10665);
#10664 = CARTESIAN_POINT('',(145.784016,-124.33787,-7.5E-02));
#10665 = VECTOR('',#10666,1.);
#10666 = DIRECTION('',(-0.887427075669,0.460948137397,0.));
#10667 = ORIENTED_EDGE('',*,*,#10668,.T.);
#10668 = EDGE_CURVE('',#10661,#10669,#10671,.T.);
#10669 = VERTEX_POINT('',#10670);
#10670 = CARTESIAN_POINT('',(145.634475,-124.289724,-7.5E-02));
#10671 = LINE('',#10672,#10673);
#10672 = CARTESIAN_POINT('',(145.715224,-124.302138,-7.5E-02));
#10673 = VECTOR('',#10674,1.);
#10674 = DIRECTION('',(-0.988388106565,0.151950487992,0.));
#10675 = ORIENTED_EDGE('',*,*,#10676,.T.);
#10676 = EDGE_CURVE('',#10669,#10677,#10679,.T.);
#10677 = VERTEX_POINT('',#10678);
#10678 = CARTESIAN_POINT('',(145.553074,-124.302218,-7.5E-02));
#10679 = LINE('',#10680,#10681);
#10680 = CARTESIAN_POINT('',(145.634475,-124.289724,-7.5E-02));
#10681 = VECTOR('',#10682,1.);
#10682 = DIRECTION('',(-0.988424980326,-0.151710442184,0.));
#10683 = ORIENTED_EDGE('',*,*,#10684,.T.);
#10684 = EDGE_CURVE('',#10677,#10685,#10687,.T.);
#10685 = VERTEX_POINT('',#10686);
#10686 = CARTESIAN_POINT('',(145.483805,-124.338163,-7.5E-02));
#10687 = LINE('',#10688,#10689);
#10688 = CARTESIAN_POINT('',(145.553074,-124.302218,-7.5E-02));
#10689 = VECTOR('',#10690,1.);
#10690 = DIRECTION('',(-0.887609225584,-0.460597289027,0.));
#10691 = ORIENTED_EDGE('',*,*,#10692,.T.);
#10692 = EDGE_CURVE('',#10685,#10693,#10695,.T.);
#10693 = VERTEX_POINT('',#10694);
#10694 = CARTESIAN_POINT('',(145.423907,-124.397679,-7.5E-02));
#10695 = LINE('',#10696,#10697);
#10696 = CARTESIAN_POINT('',(145.483805,-124.338163,-7.5E-02));
#10697 = VECTOR('',#10698,1.);
#10698 = DIRECTION('',(-0.709365154318,-0.704841172066,0.));
#10699 = ORIENTED_EDGE('',*,*,#10700,.T.);
#10700 = EDGE_CURVE('',#10693,#10701,#10703,.T.);
#10701 = VERTEX_POINT('',#10702);
#10702 = CARTESIAN_POINT('',(145.377414,-124.47553,-7.5E-02));
#10703 = LINE('',#10704,#10705);
#10704 = CARTESIAN_POINT('',(145.423907,-124.397679,-7.5E-02));
#10705 = VECTOR('',#10706,1.);
#10706 = DIRECTION('',(-0.512730167704,-0.858549809345,0.));
#10707 = ORIENTED_EDGE('',*,*,#10708,.T.);
#10708 = EDGE_CURVE('',#10701,#10709,#10711,.T.);
#10709 = VERTEX_POINT('',#10710);
#10710 = CARTESIAN_POINT('',(145.349837,-124.56329,-7.5E-02));
#10711 = LINE('',#10712,#10713);
#10712 = CARTESIAN_POINT('',(145.377414,-124.47553,-7.5E-02));
#10713 = VECTOR('',#10714,1.);
#10714 = DIRECTION('',(-0.299779955957,-0.954008374181,0.));
#10715 = ORIENTED_EDGE('',*,*,#10716,.T.);
#10716 = EDGE_CURVE('',#10709,#10717,#10719,.T.);
#10717 = VERTEX_POINT('',#10718);
#10718 = CARTESIAN_POINT('',(145.340376,-124.66427,-7.5E-02));
#10719 = LINE('',#10720,#10721);
#10720 = CARTESIAN_POINT('',(145.349837,-124.56329,-7.5E-02));
#10721 = VECTOR('',#10722,1.);
#10722 = DIRECTION('',(-9.328328706819E-02,-0.995639607666,0.));
#10723 = ORIENTED_EDGE('',*,*,#10724,.T.);
#10724 = EDGE_CURVE('',#10717,#10725,#10727,.T.);
#10725 = VERTEX_POINT('',#10726);
#10726 = CARTESIAN_POINT('',(145.349869,-124.766217,-7.5E-02));
#10727 = LINE('',#10728,#10729);
#10728 = CARTESIAN_POINT('',(145.340376,-124.66427,-7.5E-02));
#10729 = VECTOR('',#10730,1.);
#10730 = DIRECTION('',(9.27159197759E-02,-0.995692602272,0.));
#10731 = ORIENTED_EDGE('',*,*,#10732,.T.);
#10732 = EDGE_CURVE('',#10725,#10733,#10735,.T.);
#10733 = VERTEX_POINT('',#10734);
#10734 = CARTESIAN_POINT('',(145.377476,-124.854398,-7.5E-02));
#10735 = LINE('',#10736,#10737);
#10736 = CARTESIAN_POINT('',(145.349869,-124.766217,-7.5E-02));
#10737 = VECTOR('',#10738,1.);
#10738 = DIRECTION('',(0.298772240936,-0.954324445902,0.));
#10739 = ORIENTED_EDGE('',*,*,#10740,.T.);
#10740 = EDGE_CURVE('',#10733,#10741,#10743,.T.);
#10741 = VERTEX_POINT('',#10742);
#10742 = CARTESIAN_POINT('',(145.423907,-124.932205,-7.5E-02));
#10743 = LINE('',#10744,#10745);
#10744 = CARTESIAN_POINT('',(145.377476,-124.854398,-7.5E-02));
#10745 = VECTOR('',#10746,1.);
#10746 = DIRECTION('',(0.512439526492,-0.858723314979,0.));
#10747 = ORIENTED_EDGE('',*,*,#10748,.T.);
#10748 = EDGE_CURVE('',#10741,#10749,#10751,.T.);
#10749 = VERTEX_POINT('',#10750);
#10750 = CARTESIAN_POINT('',(145.483811,-124.991793,-7.5E-02));
#10751 = LINE('',#10752,#10753);
#10752 = CARTESIAN_POINT('',(145.423907,-124.932205,-7.5E-02));
#10753 = VECTOR('',#10754,1.);
#10754 = DIRECTION('',(0.708974266112,-0.705234351114,0.));
#10755 = ORIENTED_EDGE('',*,*,#10756,.T.);
#10756 = EDGE_CURVE('',#10749,#10757,#10759,.T.);
#10757 = VERTEX_POINT('',#10758);
#10758 = CARTESIAN_POINT('',(145.553081,-125.027776,-7.5E-02));
#10759 = LINE('',#10760,#10761);
#10760 = CARTESIAN_POINT('',(145.483811,-124.991793,-7.5E-02));
#10761 = VECTOR('',#10762,1.);
#10762 = DIRECTION('',(0.887412837956,-0.460975547108,0.));
#10763 = ORIENTED_EDGE('',*,*,#10764,.T.);
#10764 = EDGE_CURVE('',#10757,#10765,#10767,.T.);
#10765 = VERTEX_POINT('',#10766);
#10766 = CARTESIAN_POINT('',(145.634475,-125.040282,-7.5E-02));
#10767 = LINE('',#10768,#10769);
#10768 = CARTESIAN_POINT('',(145.553081,-125.027776,-7.5E-02));
#10769 = VECTOR('',#10770,1.);
#10770 = DIRECTION('',(0.988401160198,-0.151865554088,0.));
#10771 = ORIENTED_EDGE('',*,*,#10772,.T.);
#10772 = EDGE_CURVE('',#10765,#10773,#10775,.T.);
#10773 = VERTEX_POINT('',#10774);
#10774 = CARTESIAN_POINT('',(145.715979,-125.027889,-7.5E-02));
#10775 = LINE('',#10776,#10777);
#10776 = CARTESIAN_POINT('',(145.634475,-125.040282,-7.5E-02));
#10777 = VECTOR('',#10778,1.);
#10778 = DIRECTION('',(0.988636479141,0.15032601941,0.));
#10779 = ORIENTED_EDGE('',*,*,#10780,.T.);
#10780 = EDGE_CURVE('',#10773,#10781,#10783,.T.);
#10781 = VERTEX_POINT('',#10782);
#10782 = CARTESIAN_POINT('',(145.784921,-124.992338,-7.5E-02));
#10783 = LINE('',#10784,#10785);
#10784 = CARTESIAN_POINT('',(145.715979,-125.027889,-7.5E-02));
#10785 = VECTOR('',#10786,1.);
#10786 = DIRECTION('',(0.888788562018,0.458317457693,0.));
#10787 = ORIENTED_EDGE('',*,*,#10788,.T.);
#10788 = EDGE_CURVE('',#10781,#10789,#10791,.T.);
#10789 = VERTEX_POINT('',#10790);
#10790 = CARTESIAN_POINT('',(145.844127,-124.93367,-7.5E-02));
#10791 = LINE('',#10792,#10793);
#10792 = CARTESIAN_POINT('',(145.784921,-124.992338,-7.5E-02));
#10793 = VECTOR('',#10794,1.);
#10794 = DIRECTION('',(0.71032675621,0.703872076028,0.));
#10795 = ORIENTED_EDGE('',*,*,#10796,.T.);
#10796 = EDGE_CURVE('',#10789,#10797,#10799,.T.);
#10797 = VERTEX_POINT('',#10798);
#10798 = CARTESIAN_POINT('',(145.889756,-124.856734,-7.5E-02));
#10799 = LINE('',#10800,#10801);
#10800 = CARTESIAN_POINT('',(145.844127,-124.93367,-7.5E-02));
#10801 = VECTOR('',#10802,1.);
#10802 = DIRECTION('',(0.510110946686,0.860108610625,0.));
#10803 = ORIENTED_EDGE('',*,*,#10804,.T.);
#10804 = EDGE_CURVE('',#10797,#10805,#10807,.T.);
#10805 = VERTEX_POINT('',#10806);
#10806 = CARTESIAN_POINT('',(145.917095,-124.76814,-7.5E-02));
#10807 = LINE('',#10808,#10809);
#10808 = CARTESIAN_POINT('',(145.889756,-124.856734,-7.5E-02));
#10809 = VECTOR('',#10810,1.);
#10810 = DIRECTION('',(0.294867151728,0.955538258173,0.));
#10811 = ORIENTED_EDGE('',*,*,#10812,.T.);
#10812 = EDGE_CURVE('',#10805,#10813,#10815,.T.);
#10813 = VERTEX_POINT('',#10814);
#10814 = CARTESIAN_POINT('',(145.926559,-124.66427,-7.5E-02));
#10815 = LINE('',#10816,#10817);
#10816 = CARTESIAN_POINT('',(145.917095,-124.76814,-7.5E-02));
#10817 = VECTOR('',#10818,1.);
#10818 = DIRECTION('',(9.073802900814E-02,0.995874796393,0.));
#10819 = ORIENTED_EDGE('',*,*,#10820,.T.);
#10820 = EDGE_CURVE('',#10813,#10821,#10823,.T.);
#10821 = VERTEX_POINT('',#10822);
#10822 = CARTESIAN_POINT('',(145.917112,-124.562374,-7.5E-02));
#10823 = LINE('',#10824,#10825);
#10824 = CARTESIAN_POINT('',(145.926559,-124.66427,-7.5E-02));
#10825 = VECTOR('',#10826,1.);
#10826 = DIRECTION('',(-9.231627159558E-02,0.99572973542,0.));
#10827 = ORIENTED_EDGE('',*,*,#10828,.T.);
#10828 = EDGE_CURVE('',#10821,#10829,#10831,.T.);
#10829 = VERTEX_POINT('',#10830);
#10830 = CARTESIAN_POINT('',(145.889669,-124.474445,-7.5E-02));
#10831 = LINE('',#10832,#10833);
#10832 = CARTESIAN_POINT('',(145.917112,-124.562374,-7.5E-02));
#10833 = VECTOR('',#10834,1.);
#10834 = DIRECTION('',(-0.29793066148,0.95458751351,0.));
#10835 = ORIENTED_EDGE('',*,*,#10836,.T.);
#10836 = EDGE_CURVE('',#10829,#10837,#10839,.T.);
#10837 = VERTEX_POINT('',#10838);
#10838 = CARTESIAN_POINT('',(145.843578,-124.397069,-7.5E-02));
#10839 = LINE('',#10840,#10841);
#10840 = CARTESIAN_POINT('',(145.889669,-124.474445,-7.5E-02));
#10841 = VECTOR('',#10842,1.);
#10842 = DIRECTION('',(-0.511761410505,0.85912761492,0.));
#10843 = ORIENTED_EDGE('',*,*,#10844,.T.);
#10844 = EDGE_CURVE('',#10837,#10659,#10845,.T.);
#10845 = LINE('',#10846,#10847);
#10846 = CARTESIAN_POINT('',(145.843578,-124.397069,-7.5E-02));
#10847 = VECTOR('',#10848,1.);
#10848 = DIRECTION('',(-0.709264781598,0.704942174639,0.));
#10849 = PLANE('',#10850);
#10850 = AXIS2_PLACEMENT_3D('',#10851,#10852,#10853);
#10851 = CARTESIAN_POINT('',(0.,0.,-7.5E-02));
#10852 = DIRECTION('',(-0.,-0.,-1.));
#10853 = DIRECTION('',(-1.,0.,0.));
#10854 = SHELL_BASED_SURFACE_MODEL('',(#10855));
#10855 = OPEN_SHELL('',(#10856));
#10856 = ADVANCED_FACE('',(#10857,#11062),#11241,.T.);
#10857 = FACE_BOUND('',#10858,.T.);
#10858 = EDGE_LOOP('',(#10859,#10869,#10877,#10886,#10894,#10902,#10911,
    #10919,#10927,#10935,#10943,#10951,#10959,#10967,#10975,#10983,
    #10991,#10999,#11007,#11016,#11024,#11032,#11040,#11048,#11056));
#10859 = ORIENTED_EDGE('',*,*,#10860,.T.);
#10860 = EDGE_CURVE('',#10861,#10863,#10865,.T.);
#10861 = VERTEX_POINT('',#10862);
#10862 = CARTESIAN_POINT('',(145.429095,-122.271585,-7.5E-02));
#10863 = VERTEX_POINT('',#10864);
#10864 = CARTESIAN_POINT('',(145.524095,-122.235962,-7.5E-02));
#10865 = LINE('',#10866,#10867);
#10866 = CARTESIAN_POINT('',(145.429095,-122.271585,-7.5E-02));
#10867 = VECTOR('',#10868,1.);
#10868 = DIRECTION('',(0.936335658175,0.351106159486,0.));
#10869 = ORIENTED_EDGE('',*,*,#10870,.T.);
#10870 = EDGE_CURVE('',#10863,#10871,#10873,.T.);
#10871 = VERTEX_POINT('',#10872);
#10872 = CARTESIAN_POINT('',(145.630537,-122.223674,-7.5E-02));
#10873 = LINE('',#10874,#10875);
#10874 = CARTESIAN_POINT('',(145.524095,-122.235962,-7.5E-02));
#10875 = VECTOR('',#10876,1.);
#10876 = DIRECTION('',(0.993402312691,0.114681494319,0.));
#10877 = ORIENTED_EDGE('',*,*,#10878,.T.);
#10878 = EDGE_CURVE('',#10871,#10879,#10881,.T.);
#10879 = VERTEX_POINT('',#10880);
#10880 = CARTESIAN_POINT('',(145.998825,-122.409542,-7.5E-02));
#10881 = CIRCLE('',#10882,0.447461170867);
#10882 = AXIS2_PLACEMENT_3D('',#10883,#10884,#10885);
#10883 = CARTESIAN_POINT('',(145.63577329367,-122.6711045316,-7.5E-02));
#10884 = DIRECTION('',(0.,0.,-1.));
#10885 = DIRECTION('',(-1.170223030897E-02,0.999931526559,0.));
#10886 = ORIENTED_EDGE('',*,*,#10887,.T.);
#10887 = EDGE_CURVE('',#10879,#10888,#10890,.T.);
#10888 = VERTEX_POINT('',#10889);
#10889 = CARTESIAN_POINT('',(146.061821,-122.508496,-7.5E-02));
#10890 = LINE('',#10891,#10892);
#10891 = CARTESIAN_POINT('',(145.998825,-122.409542,-7.5E-02));
#10892 = VECTOR('',#10893,1.);
#10893 = DIRECTION('',(0.537028829584,-0.843563889813,0.));
#10894 = ORIENTED_EDGE('',*,*,#10895,.T.);
#10895 = EDGE_CURVE('',#10888,#10896,#10898,.T.);
#10896 = VERTEX_POINT('',#10897);
#10897 = CARTESIAN_POINT('',(146.106547,-122.619081,-7.5E-02));
#10898 = LINE('',#10899,#10900);
#10899 = CARTESIAN_POINT('',(146.061821,-122.508496,-7.5E-02));
#10900 = VECTOR('',#10901,1.);
#10901 = DIRECTION('',(0.3749435535,-0.927047642621,0.));
#10902 = ORIENTED_EDGE('',*,*,#10903,.T.);
#10903 = EDGE_CURVE('',#10896,#10904,#10906,.T.);
#10904 = VERTEX_POINT('',#10905);
#10905 = CARTESIAN_POINT('',(146.135222,-123.000192,-7.5E-02));
#10906 = CIRCLE('',#10907,0.910211825739);
#10907 = AXIS2_PLACEMENT_3D('',#10908,#10909,#10910);
#10908 = CARTESIAN_POINT('',(145.23346667354,-122.8764063024,-7.5E-02));
#10909 = DIRECTION('',(0.,0.,-1.));
#10910 = DIRECTION('',(0.959205650561,0.282709249817,0.));
#10911 = ORIENTED_EDGE('',*,*,#10912,.T.);
#10912 = EDGE_CURVE('',#10904,#10913,#10915,.T.);
#10913 = VERTEX_POINT('',#10914);
#10914 = CARTESIAN_POINT('',(146.11084,-123.107466,-7.5E-02));
#10915 = LINE('',#10916,#10917);
#10916 = CARTESIAN_POINT('',(146.135222,-123.000192,-7.5E-02));
#10917 = VECTOR('',#10918,1.);
#10918 = DIRECTION('',(-0.221634461886,-0.975129819719,0.));
#10919 = ORIENTED_EDGE('',*,*,#10920,.T.);
#10920 = EDGE_CURVE('',#10913,#10921,#10923,.T.);
#10921 = VERTEX_POINT('',#10922);
#10922 = CARTESIAN_POINT('',(146.071023,-123.206156,-7.5E-02));
#10923 = LINE('',#10924,#10925);
#10924 = CARTESIAN_POINT('',(146.11084,-123.107466,-7.5E-02));
#10925 = VECTOR('',#10926,1.);
#10926 = DIRECTION('',(-0.374151360303,-0.92736765071,0.));
#10927 = ORIENTED_EDGE('',*,*,#10928,.T.);
#10928 = EDGE_CURVE('',#10921,#10929,#10931,.T.);
#10929 = VERTEX_POINT('',#10930);
#10930 = CARTESIAN_POINT('',(146.016135,-123.29419,-7.5E-02));
#10931 = LINE('',#10932,#10933);
#10932 = CARTESIAN_POINT('',(146.071023,-123.206156,-7.5E-02));
#10933 = VECTOR('',#10934,1.);
#10934 = DIRECTION('',(-0.529074997782,-0.848575068407,0.));
#10935 = ORIENTED_EDGE('',*,*,#10936,.T.);
#10936 = EDGE_CURVE('',#10929,#10937,#10939,.T.);
#10937 = VERTEX_POINT('',#10938);
#10938 = CARTESIAN_POINT('',(146.12,-123.29419,-7.5E-02));
#10939 = LINE('',#10940,#10941);
#10940 = CARTESIAN_POINT('',(146.016135,-123.29419,-7.5E-02));
#10941 = VECTOR('',#10942,1.);
#10942 = DIRECTION('',(1.,0.,0.));
#10943 = ORIENTED_EDGE('',*,*,#10944,.T.);
#10944 = EDGE_CURVE('',#10937,#10945,#10947,.T.);
#10945 = VERTEX_POINT('',#10946);
#10946 = CARTESIAN_POINT('',(146.12,-123.800139,-7.5E-02));
#10947 = LINE('',#10948,#10949);
#10948 = CARTESIAN_POINT('',(146.12,-123.29419,-7.5E-02));
#10949 = VECTOR('',#10950,1.);
#10950 = DIRECTION('',(0.,-1.,0.));
#10951 = ORIENTED_EDGE('',*,*,#10952,.T.);
#10952 = EDGE_CURVE('',#10945,#10953,#10955,.T.);
#10953 = VERTEX_POINT('',#10954);
#10954 = CARTESIAN_POINT('',(145.914836,-123.800139,-7.5E-02));
#10955 = LINE('',#10956,#10957);
#10956 = CARTESIAN_POINT('',(146.12,-123.800139,-7.5E-02));
#10957 = VECTOR('',#10958,1.);
#10958 = DIRECTION('',(-1.,0.,0.));
#10959 = ORIENTED_EDGE('',*,*,#10960,.T.);
#10960 = EDGE_CURVE('',#10953,#10961,#10963,.T.);
#10961 = VERTEX_POINT('',#10962);
#10962 = CARTESIAN_POINT('',(145.914836,-123.6183,-7.5E-02));
#10963 = LINE('',#10964,#10965);
#10964 = CARTESIAN_POINT('',(145.914836,-123.800139,-7.5E-02));
#10965 = VECTOR('',#10966,1.);
#10966 = DIRECTION('',(0.,1.,0.));
#10967 = ORIENTED_EDGE('',*,*,#10968,.T.);
#10968 = EDGE_CURVE('',#10961,#10969,#10971,.T.);
#10969 = VERTEX_POINT('',#10970);
#10970 = CARTESIAN_POINT('',(145.346238,-123.6183,-7.5E-02));
#10971 = LINE('',#10972,#10973);
#10972 = CARTESIAN_POINT('',(145.914836,-123.6183,-7.5E-02));
#10973 = VECTOR('',#10974,1.);
#10974 = DIRECTION('',(-1.,0.,0.));
#10975 = ORIENTED_EDGE('',*,*,#10976,.T.);
#10976 = EDGE_CURVE('',#10969,#10977,#10979,.T.);
#10977 = VERTEX_POINT('',#10978);
#10978 = CARTESIAN_POINT('',(145.346238,-123.800139,-7.5E-02));
#10979 = LINE('',#10980,#10981);
#10980 = CARTESIAN_POINT('',(145.346238,-123.6183,-7.5E-02));
#10981 = VECTOR('',#10982,1.);
#10982 = DIRECTION('',(0.,-1.,0.));
#10983 = ORIENTED_EDGE('',*,*,#10984,.T.);
#10984 = EDGE_CURVE('',#10977,#10985,#10987,.T.);
#10985 = VERTEX_POINT('',#10986);
#10986 = CARTESIAN_POINT('',(145.141074,-123.800139,-7.5E-02));
#10987 = LINE('',#10988,#10989);
#10988 = CARTESIAN_POINT('',(145.346238,-123.800139,-7.5E-02));
#10989 = VECTOR('',#10990,1.);
#10990 = DIRECTION('',(-1.,0.,0.));
#10991 = ORIENTED_EDGE('',*,*,#10992,.T.);
#10992 = EDGE_CURVE('',#10985,#10993,#10995,.T.);
#10993 = VERTEX_POINT('',#10994);
#10994 = CARTESIAN_POINT('',(145.141074,-123.29419,-7.5E-02));
#10995 = LINE('',#10996,#10997);
#10996 = CARTESIAN_POINT('',(145.141074,-123.800139,-7.5E-02));
#10997 = VECTOR('',#10998,1.);
#10998 = DIRECTION('',(0.,1.,0.));
#10999 = ORIENTED_EDGE('',*,*,#11000,.T.);
#11000 = EDGE_CURVE('',#10993,#11001,#11003,.T.);
#11001 = VERTEX_POINT('',#11002);
#11002 = CARTESIAN_POINT('',(145.248053,-123.29419,-7.5E-02));
#11003 = LINE('',#11004,#11005);
#11004 = CARTESIAN_POINT('',(145.141074,-123.29419,-7.5E-02));
#11005 = VECTOR('',#11006,1.);
#11006 = DIRECTION('',(1.,0.,0.));
#11007 = ORIENTED_EDGE('',*,*,#11008,.T.);
#11008 = EDGE_CURVE('',#11001,#11009,#11011,.T.);
#11009 = VERTEX_POINT('',#11010);
#11010 = CARTESIAN_POINT('',(145.117627,-122.88545,-7.5E-02));
#11011 = CIRCLE('',#11012,0.670471519177);
#11012 = AXIS2_PLACEMENT_3D('',#11013,#11014,#11015);
#11013 = CARTESIAN_POINT('',(145.78800385123,-122.896716559,-7.5E-02));
#11014 = DIRECTION('',(0.,0.,-1.));
#11015 = DIRECTION('',(-0.805330033855,-0.592826734022,-0.));
#11016 = ORIENTED_EDGE('',*,*,#11017,.T.);
#11017 = EDGE_CURVE('',#11009,#11018,#11020,.T.);
#11018 = VERTEX_POINT('',#11019);
#11019 = CARTESIAN_POINT('',(145.127202,-122.746839,-7.5E-02));
#11020 = LINE('',#11021,#11022);
#11021 = CARTESIAN_POINT('',(145.117627,-122.88545,-7.5E-02));
#11022 = VECTOR('',#11023,1.);
#11023 = DIRECTION('',(6.891398551152E-02,0.997622605298,0.));
#11024 = ORIENTED_EDGE('',*,*,#11025,.T.);
#11025 = EDGE_CURVE('',#11018,#11026,#11028,.T.);
#11026 = VERTEX_POINT('',#11027);
#11027 = CARTESIAN_POINT('',(145.154963,-122.623682,-7.5E-02));
#11028 = LINE('',#11029,#11030);
#11029 = CARTESIAN_POINT('',(145.127202,-122.746839,-7.5E-02));
#11030 = VECTOR('',#11031,1.);
#11031 = DIRECTION('',(0.219894232297,0.975523719139,0.));
#11032 = ORIENTED_EDGE('',*,*,#11033,.T.);
#11033 = EDGE_CURVE('',#11026,#11034,#11036,.T.);
#11034 = VERTEX_POINT('',#11035);
#11035 = CARTESIAN_POINT('',(145.200608,-122.512904,-7.5E-02));
#11036 = LINE('',#11037,#11038);
#11037 = CARTESIAN_POINT('',(145.154963,-122.623682,-7.5E-02));
#11038 = VECTOR('',#11039,1.);
#11039 = DIRECTION('',(0.380967663205,0.924588362241,0.));
#11040 = ORIENTED_EDGE('',*,*,#11041,.T.);
#11041 = EDGE_CURVE('',#11034,#11042,#11044,.T.);
#11042 = VERTEX_POINT('',#11043);
#11043 = CARTESIAN_POINT('',(145.265363,-122.412351,-7.5E-02));
#11044 = LINE('',#11045,#11046);
#11045 = CARTESIAN_POINT('',(145.200608,-122.512904,-7.5E-02));
#11046 = VECTOR('',#11047,1.);
#11047 = DIRECTION('',(0.541430601757,0.840745445115,0.));
#11048 = ORIENTED_EDGE('',*,*,#11049,.T.);
#11049 = EDGE_CURVE('',#11042,#11050,#11052,.T.);
#11050 = VERTEX_POINT('',#11051);
#11051 = CARTESIAN_POINT('',(145.343378,-122.329985,-7.5E-02));
#11052 = LINE('',#11053,#11054);
#11053 = CARTESIAN_POINT('',(145.265363,-122.412351,-7.5E-02));
#11054 = VECTOR('',#11055,1.);
#11055 = DIRECTION('',(0.687670563135,0.726022862311,0.));
#11056 = ORIENTED_EDGE('',*,*,#11057,.T.);
#11057 = EDGE_CURVE('',#11050,#10861,#11058,.T.);
#11058 = LINE('',#11059,#11060);
#11059 = CARTESIAN_POINT('',(145.343378,-122.329985,-7.5E-02));
#11060 = VECTOR('',#11061,1.);
#11061 = DIRECTION('',(0.826422090898,0.563051087981,0.));
#11062 = FACE_BOUND('',#11063,.T.);
#11063 = EDGE_LOOP('',(#11064,#11074,#11082,#11091,#11099,#11107,#11115,
    #11123,#11131,#11139,#11147,#11155,#11163,#11171,#11179,#11187,
    #11195,#11203,#11211,#11219,#11227,#11235));
#11064 = ORIENTED_EDGE('',*,*,#11065,.T.);
#11065 = EDGE_CURVE('',#11066,#11068,#11070,.T.);
#11066 = VERTEX_POINT('',#11067);
#11067 = CARTESIAN_POINT('',(145.786619,-122.601889,-7.5E-02));
#11068 = VERTEX_POINT('',#11069);
#11069 = CARTESIAN_POINT('',(145.717409,-122.566904,-7.5E-02));
#11070 = LINE('',#11071,#11072);
#11071 = CARTESIAN_POINT('',(145.786619,-122.601889,-7.5E-02));
#11072 = VECTOR('',#11073,1.);
#11073 = DIRECTION('',(-0.892458570232,0.451129361069,0.));
#11074 = ORIENTED_EDGE('',*,*,#11075,.T.);
#11075 = EDGE_CURVE('',#11068,#11076,#11078,.T.);
#11076 = VERTEX_POINT('',#11077);
#11077 = CARTESIAN_POINT('',(145.634475,-122.554623,-7.5E-02));
#11078 = LINE('',#11079,#11080);
#11079 = CARTESIAN_POINT('',(145.717409,-122.566904,-7.5E-02));
#11080 = VECTOR('',#11081,1.);
#11081 = DIRECTION('',(-0.989213002428,0.146484251125,0.));
#11082 = ORIENTED_EDGE('',*,*,#11083,.T.);
#11083 = EDGE_CURVE('',#11076,#11084,#11086,.T.);
#11084 = VERTEX_POINT('',#11085);
#11085 = CARTESIAN_POINT('',(145.42235,-122.659159,-7.5E-02));
#11086 = CIRCLE('',#11087,0.257794658702);
#11087 = AXIS2_PLACEMENT_3D('',#11088,#11089,#11090);
#11088 = CARTESIAN_POINT('',(145.62967478687,-122.8123729641,-7.5E-02));
#11089 = DIRECTION('',(0.,0.,1.));
#11090 = DIRECTION('',(1.862029707632E-02,0.999826627239,-0.));
#11091 = ORIENTED_EDGE('',*,*,#11092,.T.);
#11092 = EDGE_CURVE('',#11084,#11093,#11095,.T.);
#11093 = VERTEX_POINT('',#11094);
#11094 = CARTESIAN_POINT('',(145.377145,-122.73491,-7.5E-02));
#11095 = LINE('',#11096,#11097);
#11096 = CARTESIAN_POINT('',(145.42235,-122.659159,-7.5E-02));
#11097 = VECTOR('',#11098,1.);
#11098 = DIRECTION('',(-0.512447128009,-0.85871877876,0.));
#11099 = ORIENTED_EDGE('',*,*,#11100,.T.);
#11100 = EDGE_CURVE('',#11093,#11101,#11103,.T.);
#11101 = VERTEX_POINT('',#11102);
#11102 = CARTESIAN_POINT('',(145.349879,-122.82361,-7.5E-02));
#11103 = LINE('',#11104,#11105);
#11104 = CARTESIAN_POINT('',(145.377145,-122.73491,-7.5E-02));
#11105 = VECTOR('',#11106,1.);
#11106 = DIRECTION('',(-0.29382685711,-0.955858660075,0.));
#11107 = ORIENTED_EDGE('',*,*,#11108,.T.);
#11108 = EDGE_CURVE('',#11101,#11109,#11111,.T.);
#11109 = VERTEX_POINT('',#11110);
#11110 = CARTESIAN_POINT('',(145.340376,-122.929169,-7.5E-02));
#11111 = LINE('',#11112,#11113);
#11112 = CARTESIAN_POINT('',(145.349879,-122.82361,-7.5E-02));
#11113 = VECTOR('',#11114,1.);
#11114 = DIRECTION('',(-8.96628762714E-02,-0.995972172613,0.));
#11115 = ORIENTED_EDGE('',*,*,#11116,.T.);
#11116 = EDGE_CURVE('',#11109,#11117,#11119,.T.);
#11117 = VERTEX_POINT('',#11118);
#11118 = CARTESIAN_POINT('',(145.349869,-123.031116,-7.5E-02));
#11119 = LINE('',#11120,#11121);
#11120 = CARTESIAN_POINT('',(145.340376,-122.929169,-7.5E-02));
#11121 = VECTOR('',#11122,1.);
#11122 = DIRECTION('',(9.27159197759E-02,-0.995692602272,0.));
#11123 = ORIENTED_EDGE('',*,*,#11124,.T.);
#11124 = EDGE_CURVE('',#11117,#11125,#11127,.T.);
#11125 = VERTEX_POINT('',#11126);
#11126 = CARTESIAN_POINT('',(145.377476,-123.119297,-7.5E-02));
#11127 = LINE('',#11128,#11129);
#11128 = CARTESIAN_POINT('',(145.349869,-123.031116,-7.5E-02));
#11129 = VECTOR('',#11130,1.);
#11130 = DIRECTION('',(0.298772240936,-0.954324445902,0.));
#11131 = ORIENTED_EDGE('',*,*,#11132,.T.);
#11132 = EDGE_CURVE('',#11125,#11133,#11135,.T.);
#11133 = VERTEX_POINT('',#11134);
#11134 = CARTESIAN_POINT('',(145.423907,-123.197103,-7.5E-02));
#11135 = LINE('',#11136,#11137);
#11136 = CARTESIAN_POINT('',(145.377476,-123.119297,-7.5E-02));
#11137 = VECTOR('',#11138,1.);
#11138 = DIRECTION('',(0.512444383109,-0.858720416795,0.));
#11139 = ORIENTED_EDGE('',*,*,#11140,.T.);
#11140 = EDGE_CURVE('',#11133,#11141,#11143,.T.);
#11141 = VERTEX_POINT('',#11142);
#11142 = CARTESIAN_POINT('',(145.483811,-123.256691,-7.5E-02));
#11143 = LINE('',#11144,#11145);
#11144 = CARTESIAN_POINT('',(145.423907,-123.197103,-7.5E-02));
#11145 = VECTOR('',#11146,1.);
#11146 = DIRECTION('',(0.708974266112,-0.705234351114,0.));
#11147 = ORIENTED_EDGE('',*,*,#11148,.T.);
#11148 = EDGE_CURVE('',#11141,#11149,#11151,.T.);
#11149 = VERTEX_POINT('',#11150);
#11150 = CARTESIAN_POINT('',(145.553081,-123.292674,-7.5E-02));
#11151 = LINE('',#11152,#11153);
#11152 = CARTESIAN_POINT('',(145.483811,-123.256691,-7.5E-02));
#11153 = VECTOR('',#11154,1.);
#11154 = DIRECTION('',(0.887412837956,-0.460975547108,0.));
#11155 = ORIENTED_EDGE('',*,*,#11156,.T.);
#11156 = EDGE_CURVE('',#11149,#11157,#11159,.T.);
#11157 = VERTEX_POINT('',#11158);
#11158 = CARTESIAN_POINT('',(145.634475,-123.305181,-7.5E-02));
#11159 = LINE('',#11160,#11161);
#11160 = CARTESIAN_POINT('',(145.553081,-123.292674,-7.5E-02));
#11161 = VECTOR('',#11162,1.);
#11162 = DIRECTION('',(0.988399337354,-0.151877417405,0.));
#11163 = ORIENTED_EDGE('',*,*,#11164,.T.);
#11164 = EDGE_CURVE('',#11157,#11165,#11167,.T.);
#11165 = VERTEX_POINT('',#11166);
#11166 = CARTESIAN_POINT('',(145.715941,-123.292715,-7.5E-02));
#11167 = LINE('',#11168,#11169);
#11168 = CARTESIAN_POINT('',(145.634475,-123.305181,-7.5E-02));
#11169 = VECTOR('',#11170,1.);
#11170 = DIRECTION('',(0.988493977089,0.15126023026,0.));
#11171 = ORIENTED_EDGE('',*,*,#11172,.T.);
#11172 = EDGE_CURVE('',#11165,#11173,#11175,.T.);
#11173 = VERTEX_POINT('',#11174);
#11174 = CARTESIAN_POINT('',(145.784881,-123.256937,-7.5E-02));
#11175 = LINE('',#11176,#11177);
#11176 = CARTESIAN_POINT('',(145.715941,-123.292715,-7.5E-02));
#11177 = VECTOR('',#11178,1.);
#11178 = DIRECTION('',(0.887589621235,0.460635066268,0.));
#11179 = ORIENTED_EDGE('',*,*,#11180,.T.);
#11180 = EDGE_CURVE('',#11173,#11181,#11183,.T.);
#11181 = VERTEX_POINT('',#11182);
#11182 = CARTESIAN_POINT('',(145.844127,-123.197836,-7.5E-02));
#11183 = LINE('',#11184,#11185);
#11184 = CARTESIAN_POINT('',(145.784881,-123.256937,-7.5E-02));
#11185 = VECTOR('',#11186,1.);
#11186 = DIRECTION('',(0.707972604534,0.706239896374,0.));
#11187 = ORIENTED_EDGE('',*,*,#11188,.T.);
#11188 = EDGE_CURVE('',#11181,#11189,#11191,.T.);
#11189 = VERTEX_POINT('',#11190);
#11190 = CARTESIAN_POINT('',(145.889832,-123.120482,-7.5E-02));
#11191 = LINE('',#11192,#11193);
#11192 = CARTESIAN_POINT('',(145.844127,-123.197836,-7.5E-02));
#11193 = VECTOR('',#11194,1.);
#11194 = DIRECTION('',(0.508694813956,0.860946912564,0.));
#11195 = ORIENTED_EDGE('',*,*,#11196,.T.);
#11196 = EDGE_CURVE('',#11189,#11197,#11199,.T.);
#11197 = VERTEX_POINT('',#11198);
#11198 = CARTESIAN_POINT('',(145.917136,-123.032088,-7.5E-02));
#11199 = LINE('',#11200,#11201);
#11200 = CARTESIAN_POINT('',(145.889832,-123.120482,-7.5E-02));
#11201 = VECTOR('',#11202,1.);
#11202 = DIRECTION('',(0.29513082235,0.955456852871,0.));
#11203 = ORIENTED_EDGE('',*,*,#11204,.T.);
#11204 = EDGE_CURVE('',#11197,#11205,#11207,.T.);
#11205 = VERTEX_POINT('',#11206);
#11206 = CARTESIAN_POINT('',(145.926559,-122.929169,-7.5E-02));
#11207 = LINE('',#11208,#11209);
#11208 = CARTESIAN_POINT('',(145.917136,-123.032088,-7.5E-02));
#11209 = VECTOR('',#11210,1.);
#11210 = DIRECTION('',(9.11760820978E-02,0.995834786525,0.));
#11211 = ORIENTED_EDGE('',*,*,#11212,.T.);
#11212 = EDGE_CURVE('',#11205,#11213,#11215,.T.);
#11213 = VERTEX_POINT('',#11214);
#11214 = CARTESIAN_POINT('',(145.917111,-122.823558,-7.5E-02));
#11215 = LINE('',#11216,#11217);
#11216 = CARTESIAN_POINT('',(145.926559,-122.929169,-7.5E-02));
#11217 = VECTOR('',#11218,1.);
#11218 = DIRECTION('',(-8.910452986722E-02,0.996022280251,0.));
#11219 = ORIENTED_EDGE('',*,*,#11220,.T.);
#11220 = EDGE_CURVE('',#11213,#11221,#11223,.T.);
#11221 = VERTEX_POINT('',#11222);
#11222 = CARTESIAN_POINT('',(145.890014,-122.734856,-7.5E-02));
#11223 = LINE('',#11224,#11225);
#11224 = CARTESIAN_POINT('',(145.917111,-122.823558,-7.5E-02));
#11225 = VECTOR('',#11226,1.);
#11226 = DIRECTION('',(-0.292155533102,0.956370819545,0.));
#11227 = ORIENTED_EDGE('',*,*,#11228,.T.);
#11228 = EDGE_CURVE('',#11221,#11229,#11231,.T.);
#11229 = VERTEX_POINT('',#11230);
#11230 = CARTESIAN_POINT('',(145.845135,-122.659159,-7.5E-02));
#11231 = LINE('',#11232,#11233);
#11232 = CARTESIAN_POINT('',(145.890014,-122.734856,-7.5E-02));
#11233 = VECTOR('',#11234,1.);
#11234 = DIRECTION('',(-0.509983353151,0.860184270671,0.));
#11235 = ORIENTED_EDGE('',*,*,#11236,.T.);
#11236 = EDGE_CURVE('',#11229,#11066,#11237,.T.);
#11237 = LINE('',#11238,#11239);
#11238 = CARTESIAN_POINT('',(145.845135,-122.659159,-7.5E-02));
#11239 = VECTOR('',#11240,1.);
#11240 = DIRECTION('',(-0.714674741317,0.699456942294,0.));
#11241 = PLANE('',#11242);
#11242 = AXIS2_PLACEMENT_3D('',#11243,#11244,#11245);
#11243 = CARTESIAN_POINT('',(0.,0.,-7.5E-02));
#11244 = DIRECTION('',(-0.,-0.,-1.));
#11245 = DIRECTION('',(-1.,0.,0.));
#11246 = SHELL_BASED_SURFACE_MODEL('',(#11247));
#11247 = OPEN_SHELL('',(#11248));
#11248 = ADVANCED_FACE('',(#11249),#11870,.T.);
#11249 = FACE_BOUND('',#11250,.T.);
#11250 = EDGE_LOOP('',(#11251,#11262,#11270,#11278,#11286,#11294,#11302,
    #11310,#11318,#11326,#11334,#11342,#11350,#11358,#11366,#11375,
    #11383,#11391,#11399,#11407,#11415,#11423,#11431,#11439,#11447,
    #11455,#11463,#11471,#11479,#11487,#11495,#11503,#11511,#11519,
    #11527,#11535,#11543,#11551,#11559,#11567,#11575,#11583,#11591,
    #11599,#11607,#11615,#11623,#11631,#11639,#11647,#11655,#11663,
    #11671,#11679,#11687,#11695,#11703,#11711,#11719,#11727,#11735,
    #11743,#11751,#11760,#11768,#11776,#11784,#11792,#11800,#11808,
    #11816,#11824,#11832,#11840,#11848,#11856,#11864));
#11251 = ORIENTED_EDGE('',*,*,#11252,.T.);
#11252 = EDGE_CURVE('',#11253,#11255,#11257,.T.);
#11253 = VERTEX_POINT('',#11254);
#11254 = CARTESIAN_POINT('',(144.767927,-120.674969,-7.5E-02));
#11255 = VERTEX_POINT('',#11256);
#11256 = CARTESIAN_POINT('',(145.009458,-120.577721,-7.5E-02));
#11257 = CIRCLE('',#11258,0.345776237745);
#11258 = AXIS2_PLACEMENT_3D('',#11259,#11260,#11261);
#11259 = CARTESIAN_POINT('',(145.00833463022,-120.9234954129,-7.5E-02));
#11260 = DIRECTION('',(0.,0.,-1.));
#11261 = DIRECTION('',(-0.695269379392,0.718749253968,0.));
#11262 = ORIENTED_EDGE('',*,*,#11263,.T.);
#11263 = EDGE_CURVE('',#11255,#11264,#11266,.T.);
#11264 = VERTEX_POINT('',#11265);
#11265 = CARTESIAN_POINT('',(145.088171,-120.586147,-7.5E-02));
#11266 = LINE('',#11267,#11268);
#11267 = CARTESIAN_POINT('',(145.009458,-120.577721,-7.5E-02));
#11268 = VECTOR('',#11269,1.);
#11269 = DIRECTION('',(0.994319232933,-0.106439010795,0.));
#11270 = ORIENTED_EDGE('',*,*,#11271,.T.);
#11271 = EDGE_CURVE('',#11264,#11272,#11274,.T.);
#11272 = VERTEX_POINT('',#11273);
#11273 = CARTESIAN_POINT('',(145.156438,-120.610226,-7.5E-02));
#11274 = LINE('',#11275,#11276);
#11275 = CARTESIAN_POINT('',(145.088171,-120.586147,-7.5E-02));
#11276 = VECTOR('',#11277,1.);
#11277 = DIRECTION('',(0.943056368307,-0.332632960178,0.));
#11278 = ORIENTED_EDGE('',*,*,#11279,.T.);
#11279 = EDGE_CURVE('',#11272,#11280,#11282,.T.);
#11280 = VERTEX_POINT('',#11281);
#11281 = CARTESIAN_POINT('',(145.216081,-120.649018,-7.5E-02));
#11282 = LINE('',#11283,#11284);
#11283 = CARTESIAN_POINT('',(145.156438,-120.610226,-7.5E-02));
#11284 = VECTOR('',#11285,1.);
#11285 = DIRECTION('',(0.838289124589,-0.545225956458,0.));
#11286 = ORIENTED_EDGE('',*,*,#11287,.T.);
#11287 = EDGE_CURVE('',#11280,#11288,#11290,.T.);
#11288 = VERTEX_POINT('',#11289);
#11289 = CARTESIAN_POINT('',(145.268477,-120.702773,-7.5E-02));
#11290 = LINE('',#11291,#11292);
#11291 = CARTESIAN_POINT('',(145.216081,-120.649018,-7.5E-02));
#11292 = VECTOR('',#11293,1.);
#11293 = DIRECTION('',(0.697996834432,-0.716100844242,0.));
#11294 = ORIENTED_EDGE('',*,*,#11295,.T.);
#11295 = EDGE_CURVE('',#11288,#11296,#11298,.T.);
#11296 = VERTEX_POINT('',#11297);
#11297 = CARTESIAN_POINT('',(145.325769,-120.794154,-7.5E-02));
#11298 = LINE('',#11299,#11300);
#11299 = CARTESIAN_POINT('',(145.268477,-120.702773,-7.5E-02));
#11300 = VECTOR('',#11301,1.);
#11301 = DIRECTION('',(0.53119102012,-0.847252087719,0.));
#11302 = ORIENTED_EDGE('',*,*,#11303,.T.);
#11303 = EDGE_CURVE('',#11296,#11304,#11306,.T.);
#11304 = VERTEX_POINT('',#11305);
#11305 = CARTESIAN_POINT('',(145.378466,-120.924469,-7.5E-02));
#11306 = LINE('',#11307,#11308);
#11307 = CARTESIAN_POINT('',(145.325769,-120.794154,-7.5E-02));
#11308 = VECTOR('',#11309,1.);
#11309 = DIRECTION('',(0.374889871905,-0.927069352283,0.));
#11310 = ORIENTED_EDGE('',*,*,#11311,.T.);
#11311 = EDGE_CURVE('',#11304,#11312,#11314,.T.);
#11312 = VERTEX_POINT('',#11313);
#11313 = CARTESIAN_POINT('',(145.425281,-121.104064,-7.5E-02));
#11314 = LINE('',#11315,#11316);
#11315 = CARTESIAN_POINT('',(145.378466,-120.924469,-7.5E-02));
#11316 = VECTOR('',#11317,1.);
#11317 = DIRECTION('',(0.252240940525,-0.967664460401,0.));
#11318 = ORIENTED_EDGE('',*,*,#11319,.T.);
#11319 = EDGE_CURVE('',#11312,#11320,#11322,.T.);
#11320 = VERTEX_POINT('',#11321);
#11321 = CARTESIAN_POINT('',(145.473641,-121.333775,-7.5E-02));
#11322 = LINE('',#11323,#11324);
#11323 = CARTESIAN_POINT('',(145.425281,-121.104064,-7.5E-02));
#11324 = VECTOR('',#11325,1.);
#11325 = DIRECTION('',(0.206009622286,-0.978549965779,0.));
#11326 = ORIENTED_EDGE('',*,*,#11327,.T.);
#11327 = EDGE_CURVE('',#11320,#11328,#11330,.T.);
#11328 = VERTEX_POINT('',#11329);
#11329 = CARTESIAN_POINT('',(145.505962,-121.461099,-7.5E-02));
#11330 = LINE('',#11331,#11332);
#11331 = CARTESIAN_POINT('',(145.473641,-121.333775,-7.5E-02));
#11332 = VECTOR('',#11333,1.);
#11333 = DIRECTION('',(0.246044759214,-0.969258467316,0.));
#11334 = ORIENTED_EDGE('',*,*,#11335,.T.);
#11335 = EDGE_CURVE('',#11328,#11336,#11338,.T.);
#11336 = VERTEX_POINT('',#11337);
#11337 = CARTESIAN_POINT('',(145.538085,-121.549421,-7.5E-02));
#11338 = LINE('',#11339,#11340);
#11339 = CARTESIAN_POINT('',(145.505962,-121.461099,-7.5E-02));
#11340 = VECTOR('',#11341,1.);
#11341 = DIRECTION('',(0.341798594021,-0.939773228564,0.));
#11342 = ORIENTED_EDGE('',*,*,#11343,.T.);
#11343 = EDGE_CURVE('',#11336,#11344,#11346,.T.);
#11344 = VERTEX_POINT('',#11345);
#11345 = CARTESIAN_POINT('',(145.569446,-121.607815,-7.5E-02));
#11346 = LINE('',#11347,#11348);
#11347 = CARTESIAN_POINT('',(145.538085,-121.549421,-7.5E-02));
#11348 = VECTOR('',#11349,1.);
#11349 = DIRECTION('',(0.473141383493,-0.880986510241,0.));
#11350 = ORIENTED_EDGE('',*,*,#11351,.T.);
#11351 = EDGE_CURVE('',#11344,#11352,#11354,.T.);
#11352 = VERTEX_POINT('',#11353);
#11353 = CARTESIAN_POINT('',(145.609258,-121.65289,-7.5E-02));
#11354 = LINE('',#11355,#11356);
#11355 = CARTESIAN_POINT('',(145.569446,-121.607815,-7.5E-02));
#11356 = VECTOR('',#11357,1.);
#11357 = DIRECTION('',(0.661994973926,-0.749508275136,0.));
#11358 = ORIENTED_EDGE('',*,*,#11359,.T.);
#11359 = EDGE_CURVE('',#11352,#11360,#11362,.T.);
#11360 = VERTEX_POINT('',#11361);
#11361 = CARTESIAN_POINT('',(145.655612,-121.679814,-7.5E-02));
#11362 = LINE('',#11363,#11364);
#11363 = CARTESIAN_POINT('',(145.609258,-121.65289,-7.5E-02));
#11364 = VECTOR('',#11365,1.);
#11365 = DIRECTION('',(0.864717861535,-0.502257921732,0.));
#11366 = ORIENTED_EDGE('',*,*,#11367,.T.);
#11367 = EDGE_CURVE('',#11360,#11368,#11370,.T.);
#11368 = VERTEX_POINT('',#11369);
#11369 = CARTESIAN_POINT('',(145.82465,-121.647528,-7.5E-02));
#11370 = CIRCLE('',#11371,0.173764309662);
#11371 = AXIS2_PLACEMENT_3D('',#11372,#11373,#11374);
#11372 = CARTESIAN_POINT('',(145.71180917111,-121.5153879884,-7.5E-02));
#11373 = DIRECTION('',(0.,0.,1.));
#11374 = DIRECTION('',(-0.323410320722,-0.946258825296,0.));
#11375 = ORIENTED_EDGE('',*,*,#11376,.T.);
#11376 = EDGE_CURVE('',#11368,#11377,#11379,.T.);
#11377 = VERTEX_POINT('',#11378);
#11378 = CARTESIAN_POINT('',(145.872337,-121.594748,-7.5E-02));
#11379 = LINE('',#11380,#11381);
#11380 = CARTESIAN_POINT('',(145.82465,-121.647528,-7.5E-02));
#11381 = VECTOR('',#11382,1.);
#11382 = DIRECTION('',(0.670400384482,0.741999544802,0.));
#11383 = ORIENTED_EDGE('',*,*,#11384,.T.);
#11384 = EDGE_CURVE('',#11377,#11385,#11387,.T.);
#11385 = VERTEX_POINT('',#11386);
#11386 = CARTESIAN_POINT('',(145.908782,-121.527499,-7.5E-02));
#11387 = LINE('',#11388,#11389);
#11388 = CARTESIAN_POINT('',(145.872337,-121.594748,-7.5E-02));
#11389 = VECTOR('',#11390,1.);
#11390 = DIRECTION('',(0.476469713932,0.879190884681,0.));
#11391 = ORIENTED_EDGE('',*,*,#11392,.T.);
#11392 = EDGE_CURVE('',#11385,#11393,#11395,.T.);
#11393 = VERTEX_POINT('',#11394);
#11394 = CARTESIAN_POINT('',(145.930704,-121.450957,-7.5E-02));
#11395 = LINE('',#11396,#11397);
#11396 = CARTESIAN_POINT('',(145.908782,-121.527499,-7.5E-02));
#11397 = VECTOR('',#11398,1.);
#11398 = DIRECTION('',(0.275334840846,0.961348389199,0.));
#11399 = ORIENTED_EDGE('',*,*,#11400,.T.);
#11400 = EDGE_CURVE('',#11393,#11401,#11403,.T.);
#11401 = VERTEX_POINT('',#11402);
#11402 = CARTESIAN_POINT('',(145.938283,-121.362351,-7.5E-02));
#11403 = LINE('',#11404,#11405);
#11404 = CARTESIAN_POINT('',(145.930704,-121.450957,-7.5E-02));
#11405 = VECTOR('',#11406,1.);
#11406 = DIRECTION('',(8.522476707773E-02,0.996361751111,0.));
#11407 = ORIENTED_EDGE('',*,*,#11408,.T.);
#11408 = EDGE_CURVE('',#11401,#11409,#11411,.T.);
#11409 = VERTEX_POINT('',#11410);
#11410 = CARTESIAN_POINT('',(145.928455,-121.246604,-7.5E-02));
#11411 = LINE('',#11412,#11413);
#11412 = CARTESIAN_POINT('',(145.938283,-121.362351,-7.5E-02));
#11413 = VECTOR('',#11414,1.);
#11414 = DIRECTION('',(-8.460489237042E-02,0.99641457847,0.));
#11415 = ORIENTED_EDGE('',*,*,#11416,.T.);
#11416 = EDGE_CURVE('',#11409,#11417,#11419,.T.);
#11417 = VERTEX_POINT('',#11418);
#11418 = CARTESIAN_POINT('',(145.900124,-121.147385,-7.5E-02));
#11419 = LINE('',#11420,#11421);
#11420 = CARTESIAN_POINT('',(145.928455,-121.246604,-7.5E-02));
#11421 = VECTOR('',#11422,1.);
#11422 = DIRECTION('',(-0.274566245246,0.961568186335,0.));
#11423 = ORIENTED_EDGE('',*,*,#11424,.T.);
#11424 = EDGE_CURVE('',#11417,#11425,#11427,.T.);
#11425 = VERTEX_POINT('',#11426);
#11426 = CARTESIAN_POINT('',(145.853195,-121.060956,-7.5E-02));
#11427 = LINE('',#11428,#11429);
#11428 = CARTESIAN_POINT('',(145.900124,-121.147385,-7.5E-02));
#11429 = VECTOR('',#11430,1.);
#11430 = DIRECTION('',(-0.47717353813,0.878809088772,0.));
#11431 = ORIENTED_EDGE('',*,*,#11432,.T.);
#11432 = EDGE_CURVE('',#11425,#11433,#11435,.T.);
#11433 = VERTEX_POINT('',#11434);
#11434 = CARTESIAN_POINT('',(145.791409,-120.990699,-7.5E-02));
#11435 = LINE('',#11436,#11437);
#11436 = CARTESIAN_POINT('',(145.853195,-121.060956,-7.5E-02));
#11437 = VECTOR('',#11438,1.);
#11438 = DIRECTION('',(-0.660385952765,0.750926356835,0.));
#11439 = ORIENTED_EDGE('',*,*,#11440,.T.);
#11440 = EDGE_CURVE('',#11433,#11441,#11443,.T.);
#11441 = VERTEX_POINT('',#11442);
#11442 = CARTESIAN_POINT('',(145.709834,-120.930843,-7.5E-02));
#11443 = LINE('',#11444,#11445);
#11444 = CARTESIAN_POINT('',(145.791409,-120.990699,-7.5E-02));
#11445 = VECTOR('',#11446,1.);
#11446 = DIRECTION('',(-0.806243145452,0.591584305414,0.));
#11447 = ORIENTED_EDGE('',*,*,#11448,.T.);
#11448 = EDGE_CURVE('',#11441,#11449,#11451,.T.);
#11449 = VERTEX_POINT('',#11450);
#11450 = CARTESIAN_POINT('',(145.604159,-120.882536,-7.5E-02));
#11451 = LINE('',#11452,#11453);
#11452 = CARTESIAN_POINT('',(145.709834,-120.930843,-7.5E-02));
#11453 = VECTOR('',#11454,1.);
#11454 = DIRECTION('',(-0.909479589371,0.415748573681,0.));
#11455 = ORIENTED_EDGE('',*,*,#11456,.T.);
#11456 = EDGE_CURVE('',#11449,#11457,#11459,.T.);
#11457 = VERTEX_POINT('',#11458);
#11458 = CARTESIAN_POINT('',(145.604159,-120.591399,-7.5E-02));
#11459 = LINE('',#11460,#11461);
#11460 = CARTESIAN_POINT('',(145.604159,-120.882536,-7.5E-02));
#11461 = VECTOR('',#11462,1.);
#11462 = DIRECTION('',(0.,1.,0.));
#11463 = ORIENTED_EDGE('',*,*,#11464,.T.);
#11464 = EDGE_CURVE('',#11457,#11465,#11467,.T.);
#11465 = VERTEX_POINT('',#11466);
#11466 = CARTESIAN_POINT('',(146.12,-120.591399,-7.5E-02));
#11467 = LINE('',#11468,#11469);
#11468 = CARTESIAN_POINT('',(145.604159,-120.591399,-7.5E-02));
#11469 = VECTOR('',#11470,1.);
#11470 = DIRECTION('',(1.,0.,0.));
#11471 = ORIENTED_EDGE('',*,*,#11472,.T.);
#11472 = EDGE_CURVE('',#11465,#11473,#11475,.T.);
#11473 = VERTEX_POINT('',#11474);
#11474 = CARTESIAN_POINT('',(146.12,-120.882536,-7.5E-02));
#11475 = LINE('',#11476,#11477);
#11476 = CARTESIAN_POINT('',(146.12,-120.591399,-7.5E-02));
#11477 = VECTOR('',#11478,1.);
#11478 = DIRECTION('',(0.,-1.,0.));
#11479 = ORIENTED_EDGE('',*,*,#11480,.T.);
#11480 = EDGE_CURVE('',#11473,#11481,#11483,.T.);
#11481 = VERTEX_POINT('',#11482);
#11482 = CARTESIAN_POINT('',(145.990948,-120.882536,-7.5E-02));
#11483 = LINE('',#11484,#11485);
#11484 = CARTESIAN_POINT('',(146.12,-120.882536,-7.5E-02));
#11485 = VECTOR('',#11486,1.);
#11486 = DIRECTION('',(-1.,0.,0.));
#11487 = ORIENTED_EDGE('',*,*,#11488,.T.);
#11488 = EDGE_CURVE('',#11481,#11489,#11491,.T.);
#11489 = VERTEX_POINT('',#11490);
#11490 = CARTESIAN_POINT('',(146.059572,-120.990857,-7.5E-02));
#11491 = LINE('',#11492,#11493);
#11492 = CARTESIAN_POINT('',(145.990948,-120.882536,-7.5E-02));
#11493 = VECTOR('',#11494,1.);
#11494 = DIRECTION('',(0.535167291813,-0.844746097815,0.));
#11495 = ORIENTED_EDGE('',*,*,#11496,.T.);
#11496 = EDGE_CURVE('',#11489,#11497,#11499,.T.);
#11497 = VERTEX_POINT('',#11498);
#11498 = CARTESIAN_POINT('',(146.109192,-121.116277,-7.5E-02));
#11499 = LINE('',#11500,#11501);
#11500 = CARTESIAN_POINT('',(146.059572,-120.990857,-7.5E-02));
#11501 = VECTOR('',#11502,1.);
#11502 = DIRECTION('',(0.367885530835,-0.929871085798,0.));
#11503 = ORIENTED_EDGE('',*,*,#11504,.T.);
#11504 = EDGE_CURVE('',#11497,#11505,#11507,.T.);
#11505 = VERTEX_POINT('',#11506);
#11506 = CARTESIAN_POINT('',(146.139002,-121.255053,-7.5E-02));
#11507 = LINE('',#11508,#11509);
#11508 = CARTESIAN_POINT('',(146.109192,-121.116277,-7.5E-02));
#11509 = VECTOR('',#11510,1.);
#11510 = DIRECTION('',(0.210015968644,-0.977697955871,0.));
#11511 = ORIENTED_EDGE('',*,*,#11512,.T.);
#11512 = EDGE_CURVE('',#11505,#11513,#11515,.T.);
#11513 = VERTEX_POINT('',#11514);
#11514 = CARTESIAN_POINT('',(146.149309,-121.411566,-7.5E-02));
#11515 = LINE('',#11516,#11517);
#11516 = CARTESIAN_POINT('',(146.139002,-121.255053,-7.5E-02));
#11517 = VECTOR('',#11518,1.);
#11518 = DIRECTION('',(6.571162155348E-02,-0.997838655692,0.));
#11519 = ORIENTED_EDGE('',*,*,#11520,.T.);
#11520 = EDGE_CURVE('',#11513,#11521,#11523,.T.);
#11521 = VERTEX_POINT('',#11522);
#11522 = CARTESIAN_POINT('',(146.140601,-121.551902,-7.5E-02));
#11523 = LINE('',#11524,#11525);
#11524 = CARTESIAN_POINT('',(146.149309,-121.411566,-7.5E-02));
#11525 = VECTOR('',#11526,1.);
#11526 = DIRECTION('',(-6.193196252316E-02,-0.998080373526,0.));
#11527 = ORIENTED_EDGE('',*,*,#11528,.T.);
#11528 = EDGE_CURVE('',#11521,#11529,#11531,.T.);
#11529 = VERTEX_POINT('',#11530);
#11530 = CARTESIAN_POINT('',(146.115796,-121.672468,-7.5E-02));
#11531 = LINE('',#11532,#11533);
#11532 = CARTESIAN_POINT('',(146.140601,-121.551902,-7.5E-02));
#11533 = VECTOR('',#11534,1.);
#11534 = DIRECTION('',(-0.201517216656,-0.979484972519,0.));
#11535 = ORIENTED_EDGE('',*,*,#11536,.T.);
#11536 = EDGE_CURVE('',#11529,#11537,#11539,.T.);
#11537 = VERTEX_POINT('',#11538);
#11538 = CARTESIAN_POINT('',(146.075909,-121.776814,-7.5E-02));
#11539 = LINE('',#11540,#11541);
#11540 = CARTESIAN_POINT('',(146.115796,-121.672468,-7.5E-02));
#11541 = VECTOR('',#11542,1.);
#11542 = DIRECTION('',(-0.357059365022,-0.934081693349,0.));
#11543 = ORIENTED_EDGE('',*,*,#11544,.T.);
#11544 = EDGE_CURVE('',#11537,#11545,#11547,.T.);
#11545 = VERTEX_POINT('',#11546);
#11546 = CARTESIAN_POINT('',(146.020623,-121.867568,-7.5E-02));
#11547 = LINE('',#11548,#11549);
#11548 = CARTESIAN_POINT('',(146.075909,-121.776814,-7.5E-02));
#11549 = VECTOR('',#11550,1.);
#11550 = DIRECTION('',(-0.520252011704,-0.854012789317,0.));
#11551 = ORIENTED_EDGE('',*,*,#11552,.T.);
#11552 = EDGE_CURVE('',#11545,#11553,#11555,.T.);
#11553 = VERTEX_POINT('',#11554);
#11554 = CARTESIAN_POINT('',(145.952555,-121.941298,-7.5E-02));
#11555 = LINE('',#11556,#11557);
#11556 = CARTESIAN_POINT('',(146.020623,-121.867568,-7.5E-02));
#11557 = VECTOR('',#11558,1.);
#11558 = DIRECTION('',(-0.678331424978,-0.734756066928,0.));
#11559 = ORIENTED_EDGE('',*,*,#11560,.T.);
#11560 = EDGE_CURVE('',#11553,#11561,#11563,.T.);
#11561 = VERTEX_POINT('',#11562);
#11562 = CARTESIAN_POINT('',(145.874335,-121.99448,-7.5E-02));
#11563 = LINE('',#11564,#11565);
#11564 = CARTESIAN_POINT('',(145.952555,-121.941298,-7.5E-02));
#11565 = VECTOR('',#11566,1.);
#11566 = DIRECTION('',(-0.826963861808,-0.56225507669,0.));
#11567 = ORIENTED_EDGE('',*,*,#11568,.T.);
#11568 = EDGE_CURVE('',#11561,#11569,#11571,.T.);
#11569 = VERTEX_POINT('',#11570);
#11570 = CARTESIAN_POINT('',(145.784,-122.027544,-7.5E-02));
#11571 = LINE('',#11572,#11573);
#11572 = CARTESIAN_POINT('',(145.874335,-121.99448,-7.5E-02));
#11573 = VECTOR('',#11574,1.);
#11574 = DIRECTION('',(-0.939073837739,-0.343715474301,0.));
#11575 = ORIENTED_EDGE('',*,*,#11576,.T.);
#11576 = EDGE_CURVE('',#11569,#11577,#11579,.T.);
#11577 = VERTEX_POINT('',#11578);
#11578 = CARTESIAN_POINT('',(145.678897,-122.039148,-7.5E-02));
#11579 = LINE('',#11580,#11581);
#11580 = CARTESIAN_POINT('',(145.784,-122.027544,-7.5E-02));
#11581 = VECTOR('',#11582,1.);
#11582 = DIRECTION('',(-0.99396041827,-0.109739176747,0.));
#11583 = ORIENTED_EDGE('',*,*,#11584,.T.);
#11584 = EDGE_CURVE('',#11577,#11585,#11587,.T.);
#11585 = VERTEX_POINT('',#11586);
#11586 = CARTESIAN_POINT('',(145.59016,-122.029752,-7.5E-02));
#11587 = LINE('',#11588,#11589);
#11588 = CARTESIAN_POINT('',(145.678897,-122.039148,-7.5E-02));
#11589 = VECTOR('',#11590,1.);
#11590 = DIRECTION('',(-0.994440787915,0.105297290231,0.));
#11591 = ORIENTED_EDGE('',*,*,#11592,.T.);
#11592 = EDGE_CURVE('',#11585,#11593,#11595,.T.);
#11593 = VERTEX_POINT('',#11594);
#11594 = CARTESIAN_POINT('',(145.514397,-122.003089,-7.5E-02));
#11595 = LINE('',#11596,#11597);
#11596 = CARTESIAN_POINT('',(145.59016,-122.029752,-7.5E-02));
#11597 = VECTOR('',#11598,1.);
#11598 = DIRECTION('',(-0.943290371402,0.331968786514,0.));
#11599 = ORIENTED_EDGE('',*,*,#11600,.T.);
#11600 = EDGE_CURVE('',#11593,#11601,#11603,.T.);
#11601 = VERTEX_POINT('',#11602);
#11602 = CARTESIAN_POINT('',(145.449327,-121.960456,-7.5E-02));
#11603 = LINE('',#11604,#11605);
#11604 = CARTESIAN_POINT('',(145.514397,-122.003089,-7.5E-02));
#11605 = VECTOR('',#11606,1.);
#11606 = DIRECTION('',(-0.836455643295,0.548034631022,0.));
#11607 = ORIENTED_EDGE('',*,*,#11608,.T.);
#11608 = EDGE_CURVE('',#11601,#11609,#11611,.T.);
#11609 = VERTEX_POINT('',#11610);
#11610 = CARTESIAN_POINT('',(145.393224,-121.901762,-7.5E-02));
#11611 = LINE('',#11612,#11613);
#11612 = CARTESIAN_POINT('',(145.449327,-121.960456,-7.5E-02));
#11613 = VECTOR('',#11614,1.);
#11614 = DIRECTION('',(-0.690971211853,0.722882275609,0.));
#11615 = ORIENTED_EDGE('',*,*,#11616,.T.);
#11616 = EDGE_CURVE('',#11609,#11617,#11619,.T.);
#11617 = VERTEX_POINT('',#11618);
#11618 = CARTESIAN_POINT('',(145.347409,-121.83074,-7.5E-02));
#11619 = LINE('',#11620,#11621);
#11620 = CARTESIAN_POINT('',(145.393224,-121.901762,-7.5E-02));
#11621 = VECTOR('',#11622,1.);
#11622 = DIRECTION('',(-0.54207970644,0.840327074338,0.));
#11623 = ORIENTED_EDGE('',*,*,#11624,.T.);
#11624 = EDGE_CURVE('',#11617,#11625,#11627,.T.);
#11625 = VERTEX_POINT('',#11626);
#11626 = CARTESIAN_POINT('',(145.301736,-121.732272,-7.5E-02));
#11627 = LINE('',#11628,#11629);
#11628 = CARTESIAN_POINT('',(145.347409,-121.83074,-7.5E-02));
#11629 = VECTOR('',#11630,1.);
#11630 = DIRECTION('',(-0.420775634415,0.907164739991,0.));
#11631 = ORIENTED_EDGE('',*,*,#11632,.T.);
#11632 = EDGE_CURVE('',#11625,#11633,#11635,.T.);
#11633 = VERTEX_POINT('',#11634);
#11634 = CARTESIAN_POINT('',(145.256537,-121.600026,-7.5E-02));
#11635 = LINE('',#11636,#11637);
#11636 = CARTESIAN_POINT('',(145.301736,-121.732272,-7.5E-02));
#11637 = VECTOR('',#11638,1.);
#11638 = DIRECTION('',(-0.323411887273,0.946258289882,0.));
#11639 = ORIENTED_EDGE('',*,*,#11640,.T.);
#11640 = EDGE_CURVE('',#11633,#11641,#11643,.T.);
#11641 = VERTEX_POINT('',#11642);
#11642 = CARTESIAN_POINT('',(145.212515,-121.426709,-7.5E-02));
#11643 = LINE('',#11644,#11645);
#11644 = CARTESIAN_POINT('',(145.256537,-121.600026,-7.5E-02));
#11645 = VECTOR('',#11646,1.);
#11646 = DIRECTION('',(-0.246180029494,0.969224119117,0.));
#11647 = ORIENTED_EDGE('',*,*,#11648,.T.);
#11648 = EDGE_CURVE('',#11641,#11649,#11651,.T.);
#11649 = VERTEX_POINT('',#11650);
#11650 = CARTESIAN_POINT('',(145.160034,-121.181978,-7.5E-02));
#11651 = LINE('',#11652,#11653);
#11652 = CARTESIAN_POINT('',(145.212515,-121.426709,-7.5E-02));
#11653 = VECTOR('',#11654,1.);
#11654 = DIRECTION('',(-0.20967669761,0.97777077195,0.));
#11655 = ORIENTED_EDGE('',*,*,#11656,.T.);
#11656 = EDGE_CURVE('',#11649,#11657,#11659,.T.);
#11657 = VERTEX_POINT('',#11658);
#11658 = CARTESIAN_POINT('',(145.125578,-121.062121,-7.5E-02));
#11659 = LINE('',#11660,#11661);
#11660 = CARTESIAN_POINT('',(145.160034,-121.181978,-7.5E-02));
#11661 = VECTOR('',#11662,1.);
#11662 = DIRECTION('',(-0.276286039012,0.961075452109,0.));
#11663 = ORIENTED_EDGE('',*,*,#11664,.T.);
#11664 = EDGE_CURVE('',#11657,#11665,#11667,.T.);
#11665 = VERTEX_POINT('',#11666);
#11666 = CARTESIAN_POINT('',(145.090333,-120.99672,-7.5E-02));
#11667 = LINE('',#11668,#11669);
#11668 = CARTESIAN_POINT('',(145.125578,-121.062121,-7.5E-02));
#11669 = VECTOR('',#11670,1.);
#11670 = DIRECTION('',(-0.474403204094,0.880307673456,0.));
#11671 = ORIENTED_EDGE('',*,*,#11672,.T.);
#11672 = EDGE_CURVE('',#11665,#11673,#11675,.T.);
#11673 = VERTEX_POINT('',#11674);
#11674 = CARTESIAN_POINT('',(145.043281,-120.95796,-7.5E-02));
#11675 = LINE('',#11676,#11677);
#11676 = CARTESIAN_POINT('',(145.090333,-120.99672,-7.5E-02));
#11677 = VECTOR('',#11678,1.);
#11678 = DIRECTION('',(-0.771839312558,0.635817643347,0.));
#11679 = ORIENTED_EDGE('',*,*,#11680,.T.);
#11680 = EDGE_CURVE('',#11673,#11681,#11683,.T.);
#11681 = VERTEX_POINT('',#11682);
#11682 = CARTESIAN_POINT('',(144.978775,-120.944085,-7.5E-02));
#11683 = LINE('',#11684,#11685);
#11684 = CARTESIAN_POINT('',(145.043281,-120.95796,-7.5E-02));
#11685 = VECTOR('',#11686,1.);
#11686 = DIRECTION('',(-0.977639768709,0.210286667765,0.));
#11687 = ORIENTED_EDGE('',*,*,#11688,.T.);
#11688 = EDGE_CURVE('',#11681,#11689,#11691,.T.);
#11689 = VERTEX_POINT('',#11690);
#11690 = CARTESIAN_POINT('',(144.926586,-120.953427,-7.5E-02));
#11691 = LINE('',#11692,#11693);
#11692 = CARTESIAN_POINT('',(144.978775,-120.944085,-7.5E-02));
#11693 = VECTOR('',#11694,1.);
#11694 = DIRECTION('',(-0.984353932474,-0.176202541478,0.));
#11695 = ORIENTED_EDGE('',*,*,#11696,.T.);
#11696 = EDGE_CURVE('',#11689,#11697,#11699,.T.);
#11697 = VERTEX_POINT('',#11698);
#11698 = CARTESIAN_POINT('',(144.88192,-120.980629,-7.5E-02));
#11699 = LINE('',#11700,#11701);
#11700 = CARTESIAN_POINT('',(144.926586,-120.953427,-7.5E-02));
#11701 = VECTOR('',#11702,1.);
#11702 = DIRECTION('',(-0.854079637292,-0.520142262428,0.));
#11703 = ORIENTED_EDGE('',*,*,#11704,.T.);
#11704 = EDGE_CURVE('',#11697,#11705,#11707,.T.);
#11705 = VERTEX_POINT('',#11706);
#11706 = CARTESIAN_POINT('',(144.842854,-121.026762,-7.5E-02));
#11707 = LINE('',#11708,#11709);
#11708 = CARTESIAN_POINT('',(144.88192,-120.980629,-7.5E-02));
#11709 = VECTOR('',#11710,1.);
#11710 = DIRECTION('',(-0.646235103817,-0.763138382337,0.));
#11711 = ORIENTED_EDGE('',*,*,#11712,.T.);
#11712 = EDGE_CURVE('',#11705,#11713,#11715,.T.);
#11713 = VERTEX_POINT('',#11714);
#11714 = CARTESIAN_POINT('',(144.81377,-121.085594,-7.5E-02));
#11715 = LINE('',#11716,#11717);
#11716 = CARTESIAN_POINT('',(144.842854,-121.026762,-7.5E-02));
#11717 = VECTOR('',#11718,1.);
#11718 = DIRECTION('',(-0.443161987445,-0.896441550177,0.));
#11719 = ORIENTED_EDGE('',*,*,#11720,.T.);
#11720 = EDGE_CURVE('',#11713,#11721,#11723,.T.);
#11721 = VERTEX_POINT('',#11722);
#11722 = CARTESIAN_POINT('',(144.795743,-121.155904,-7.5E-02));
#11723 = LINE('',#11724,#11725);
#11724 = CARTESIAN_POINT('',(144.81377,-121.085594,-7.5E-02));
#11725 = VECTOR('',#11726,1.);
#11726 = DIRECTION('',(-0.24835977132,-0.968667860513,0.));
#11727 = ORIENTED_EDGE('',*,*,#11728,.T.);
#11728 = EDGE_CURVE('',#11721,#11729,#11731,.T.);
#11729 = VERTEX_POINT('',#11730);
#11730 = CARTESIAN_POINT('',(144.789364,-121.240718,-7.5E-02));
#11731 = LINE('',#11732,#11733);
#11732 = CARTESIAN_POINT('',(144.795743,-121.155904,-7.5E-02));
#11733 = VECTOR('',#11734,1.);
#11734 = DIRECTION('',(-7.499980962069E-02,-0.997183548078,0.));
#11735 = ORIENTED_EDGE('',*,*,#11736,.T.);
#11736 = EDGE_CURVE('',#11729,#11737,#11739,.T.);
#11737 = VERTEX_POINT('',#11738);
#11738 = CARTESIAN_POINT('',(144.797098,-121.341359,-7.5E-02));
#11739 = LINE('',#11740,#11741);
#11740 = CARTESIAN_POINT('',(144.789364,-121.240718,-7.5E-02));
#11741 = VECTOR('',#11742,1.);
#11742 = DIRECTION('',(7.6621496108E-02,-0.997060252108,0.));
#11743 = ORIENTED_EDGE('',*,*,#11744,.T.);
#11744 = EDGE_CURVE('',#11737,#11745,#11747,.T.);
#11745 = VERTEX_POINT('',#11746);
#11746 = CARTESIAN_POINT('',(144.819099,-121.425878,-7.5E-02));
#11747 = LINE('',#11748,#11749);
#11748 = CARTESIAN_POINT('',(144.797098,-121.341359,-7.5E-02));
#11749 = VECTOR('',#11750,1.);
#11750 = DIRECTION('',(0.251913336621,-0.96774979764,0.));
#11751 = ORIENTED_EDGE('',*,*,#11752,.T.);
#11752 = EDGE_CURVE('',#11745,#11753,#11755,.T.);
#11753 = VERTEX_POINT('',#11754);
#11754 = CARTESIAN_POINT('',(144.967787,-121.606358,-7.5E-02));
#11755 = CIRCLE('',#11756,0.348212294977);
#11756 = AXIS2_PLACEMENT_3D('',#11757,#11758,#11759);
#11757 = CARTESIAN_POINT('',(145.1465936707,-121.3075604483,-7.5E-02));
#11758 = DIRECTION('',(0.,0.,1.));
#11759 = DIRECTION('',(-0.940502892713,-0.339785680685,0.));
#11760 = ORIENTED_EDGE('',*,*,#11761,.T.);
#11761 = EDGE_CURVE('',#11753,#11762,#11764,.T.);
#11762 = VERTEX_POINT('',#11763);
#11763 = CARTESIAN_POINT('',(145.053147,-121.646772,-7.5E-02));
#11764 = LINE('',#11765,#11766);
#11765 = CARTESIAN_POINT('',(144.967787,-121.606358,-7.5E-02));
#11766 = VECTOR('',#11767,1.);
#11767 = DIRECTION('',(0.903818456943,-0.42791610964,0.));
#11768 = ORIENTED_EDGE('',*,*,#11769,.T.);
#11769 = EDGE_CURVE('',#11762,#11770,#11772,.T.);
#11770 = VERTEX_POINT('',#11771);
#11771 = CARTESIAN_POINT('',(145.053147,-121.927041,-7.5E-02));
#11772 = LINE('',#11773,#11774);
#11773 = CARTESIAN_POINT('',(145.053147,-121.646772,-7.5E-02));
#11774 = VECTOR('',#11775,1.);
#11775 = DIRECTION('',(0.,-1.,0.));
#11776 = ORIENTED_EDGE('',*,*,#11777,.T.);
#11777 = EDGE_CURVE('',#11770,#11778,#11780,.T.);
#11778 = VERTEX_POINT('',#11779);
#11779 = CARTESIAN_POINT('',(144.607648,-121.927041,-7.5E-02));
#11780 = LINE('',#11781,#11782);
#11781 = CARTESIAN_POINT('',(145.053147,-121.927041,-7.5E-02));
#11782 = VECTOR('',#11783,1.);
#11783 = DIRECTION('',(-1.,0.,0.));
#11784 = ORIENTED_EDGE('',*,*,#11785,.T.);
#11785 = EDGE_CURVE('',#11778,#11786,#11788,.T.);
#11786 = VERTEX_POINT('',#11787);
#11787 = CARTESIAN_POINT('',(144.607648,-121.646772,-7.5E-02));
#11788 = LINE('',#11789,#11790);
#11789 = CARTESIAN_POINT('',(144.607648,-121.927041,-7.5E-02));
#11790 = VECTOR('',#11791,1.);
#11791 = DIRECTION('',(0.,1.,0.));
#11792 = ORIENTED_EDGE('',*,*,#11793,.T.);
#11793 = EDGE_CURVE('',#11786,#11794,#11796,.T.);
#11794 = VERTEX_POINT('',#11795);
#11795 = CARTESIAN_POINT('',(144.706108,-121.646772,-7.5E-02));
#11796 = LINE('',#11797,#11798);
#11797 = CARTESIAN_POINT('',(144.607648,-121.646772,-7.5E-02));
#11798 = VECTOR('',#11799,1.);
#11799 = DIRECTION('',(1.,0.,0.));
#11800 = ORIENTED_EDGE('',*,*,#11801,.T.);
#11801 = EDGE_CURVE('',#11794,#11802,#11804,.T.);
#11802 = VERTEX_POINT('',#11803);
#11803 = CARTESIAN_POINT('',(144.65153,-121.554276,-7.5E-02));
#11804 = LINE('',#11805,#11806);
#11805 = CARTESIAN_POINT('',(144.706108,-121.646772,-7.5E-02));
#11806 = VECTOR('',#11807,1.);
#11807 = DIRECTION('',(-0.508185882467,0.861247414429,0.));
#11808 = ORIENTED_EDGE('',*,*,#11809,.T.);
#11809 = EDGE_CURVE('',#11802,#11810,#11812,.T.);
#11810 = VERTEX_POINT('',#11811);
#11811 = CARTESIAN_POINT('',(144.611037,-121.443073,-7.5E-02));
#11812 = LINE('',#11813,#11814);
#11813 = CARTESIAN_POINT('',(144.65153,-121.554276,-7.5E-02));
#11814 = VECTOR('',#11815,1.);
#11815 = DIRECTION('',(-0.342157563233,0.93964259265,0.));
#11816 = ORIENTED_EDGE('',*,*,#11817,.T.);
#11817 = EDGE_CURVE('',#11810,#11818,#11820,.T.);
#11818 = VERTEX_POINT('',#11819);
#11819 = CARTESIAN_POINT('',(144.586707,-121.320517,-7.5E-02));
#11820 = LINE('',#11821,#11822);
#11821 = CARTESIAN_POINT('',(144.611037,-121.443073,-7.5E-02));
#11822 = VECTOR('',#11823,1.);
#11823 = DIRECTION('',(-0.194721507006,0.980858570187,0.));
#11824 = ORIENTED_EDGE('',*,*,#11825,.T.);
#11825 = EDGE_CURVE('',#11818,#11826,#11828,.T.);
#11826 = VERTEX_POINT('',#11827);
#11827 = CARTESIAN_POINT('',(144.578339,-121.184665,-7.5E-02));
#11828 = LINE('',#11829,#11830);
#11829 = CARTESIAN_POINT('',(144.586707,-121.320517,-7.5E-02));
#11830 = VECTOR('',#11831,1.);
#11831 = DIRECTION('',(-6.147992244951E-02,0.998108320342,0.));
#11832 = ORIENTED_EDGE('',*,*,#11833,.T.);
#11833 = EDGE_CURVE('',#11826,#11834,#11836,.T.);
#11834 = VERTEX_POINT('',#11835);
#11835 = CARTESIAN_POINT('',(144.586452,-121.057239,-7.5E-02));
#11836 = LINE('',#11837,#11838);
#11837 = CARTESIAN_POINT('',(144.578339,-121.184665,-7.5E-02));
#11838 = VECTOR('',#11839,1.);
#11839 = DIRECTION('',(6.353967141997E-02,0.997979313491,0.));
#11840 = ORIENTED_EDGE('',*,*,#11841,.T.);
#11841 = EDGE_CURVE('',#11834,#11842,#11844,.T.);
#11842 = VERTEX_POINT('',#11843);
#11843 = CARTESIAN_POINT('',(144.609901,-120.944172,-7.5E-02));
#11844 = LINE('',#11845,#11846);
#11845 = CARTESIAN_POINT('',(144.586452,-121.057239,-7.5E-02));
#11846 = VECTOR('',#11847,1.);
#11847 = DIRECTION('',(0.203069204352,0.979164387753,0.));
#11848 = ORIENTED_EDGE('',*,*,#11849,.T.);
#11849 = EDGE_CURVE('',#11842,#11850,#11852,.T.);
#11850 = VERTEX_POINT('',#11851);
#11851 = CARTESIAN_POINT('',(144.648195,-120.842826,-7.5E-02));
#11852 = LINE('',#11853,#11854);
#11853 = CARTESIAN_POINT('',(144.609901,-120.944172,-7.5E-02));
#11854 = VECTOR('',#11855,1.);
#11855 = DIRECTION('',(0.353463033639,0.935448493425,0.));
#11856 = ORIENTED_EDGE('',*,*,#11857,.T.);
#11857 = EDGE_CURVE('',#11850,#11858,#11860,.T.);
#11858 = VERTEX_POINT('',#11859);
#11859 = CARTESIAN_POINT('',(144.701987,-120.751256,-7.5E-02));
#11860 = LINE('',#11861,#11862);
#11861 = CARTESIAN_POINT('',(144.648195,-120.842826,-7.5E-02));
#11862 = VECTOR('',#11863,1.);
#11863 = DIRECTION('',(0.506511423081,0.862233250512,0.));
#11864 = ORIENTED_EDGE('',*,*,#11865,.T.);
#11865 = EDGE_CURVE('',#11858,#11253,#11866,.T.);
#11866 = LINE('',#11867,#11868);
#11867 = CARTESIAN_POINT('',(144.701987,-120.751256,-7.5E-02));
#11868 = VECTOR('',#11869,1.);
#11869 = DIRECTION('',(0.65393662189,0.756549333851,0.));
#11870 = PLANE('',#11871);
#11871 = AXIS2_PLACEMENT_3D('',#11872,#11873,#11874);
#11872 = CARTESIAN_POINT('',(0.,0.,-7.5E-02));
#11873 = DIRECTION('',(-0.,-0.,-1.));
#11874 = DIRECTION('',(-1.,0.,0.));
#11875 = SHELL_BASED_SURFACE_MODEL('',(#11876));
#11876 = OPEN_SHELL('',(#11877));
#11877 = ADVANCED_FACE('',(#11878),#12040,.T.);
#11878 = FACE_BOUND('',#11879,.T.);
#11879 = EDGE_LOOP('',(#11880,#11890,#11898,#11906,#11914,#11922,#11930,
    #11938,#11946,#11954,#11962,#11970,#11978,#11986,#11994,#12002,
    #12010,#12018,#12026,#12034));
#11880 = ORIENTED_EDGE('',*,*,#11881,.T.);
#11881 = EDGE_CURVE('',#11882,#11884,#11886,.T.);
#11882 = VERTEX_POINT('',#11883);
#11883 = CARTESIAN_POINT('',(145.141074,-118.749197,-7.5E-02));
#11884 = VERTEX_POINT('',#11885);
#11885 = CARTESIAN_POINT('',(145.141074,-118.084734,-7.5E-02));
#11886 = LINE('',#11887,#11888);
#11887 = CARTESIAN_POINT('',(145.141074,-118.749197,-7.5E-02));
#11888 = VECTOR('',#11889,1.);
#11889 = DIRECTION('',(0.,1.,0.));
#11890 = ORIENTED_EDGE('',*,*,#11891,.T.);
#11891 = EDGE_CURVE('',#11884,#11892,#11894,.T.);
#11892 = VERTEX_POINT('',#11893);
#11893 = CARTESIAN_POINT('',(145.346238,-118.084734,-7.5E-02));
#11894 = LINE('',#11895,#11896);
#11895 = CARTESIAN_POINT('',(145.141074,-118.084734,-7.5E-02));
#11896 = VECTOR('',#11897,1.);
#11897 = DIRECTION('',(1.,0.,0.));
#11898 = ORIENTED_EDGE('',*,*,#11899,.T.);
#11899 = EDGE_CURVE('',#11892,#11900,#11902,.T.);
#11900 = VERTEX_POINT('',#11901);
#11901 = CARTESIAN_POINT('',(145.346238,-118.2474,-7.5E-02));
#11902 = LINE('',#11903,#11904);
#11903 = CARTESIAN_POINT('',(145.346238,-118.084734,-7.5E-02));
#11904 = VECTOR('',#11905,1.);
#11905 = DIRECTION('',(0.,-1.,0.));
#11906 = ORIENTED_EDGE('',*,*,#11907,.T.);
#11907 = EDGE_CURVE('',#11900,#11908,#11910,.T.);
#11908 = VERTEX_POINT('',#11909);
#11909 = CARTESIAN_POINT('',(146.095453,-118.682152,-7.5E-02));
#11910 = LINE('',#11911,#11912);
#11911 = CARTESIAN_POINT('',(145.346238,-118.2474,-7.5E-02));
#11912 = VECTOR('',#11913,1.);
#11913 = DIRECTION('',(0.864927306982,-0.501897154442,0.));
#11914 = ORIENTED_EDGE('',*,*,#11915,.T.);
#11915 = EDGE_CURVE('',#11908,#11916,#11918,.T.);
#11916 = VERTEX_POINT('',#11917);
#11917 = CARTESIAN_POINT('',(146.354473,-118.511304,-7.5E-02));
#11918 = LINE('',#11919,#11920);
#11919 = CARTESIAN_POINT('',(146.095453,-118.682152,-7.5E-02));
#11920 = VECTOR('',#11921,1.);
#11921 = DIRECTION('',(0.834765241264,0.550606022467,0.));
#11922 = ORIENTED_EDGE('',*,*,#11923,.T.);
#11923 = EDGE_CURVE('',#11916,#11924,#11926,.T.);
#11924 = VERTEX_POINT('',#11925);
#11925 = CARTESIAN_POINT('',(146.354473,-118.30614,-7.5E-02));
#11926 = LINE('',#11927,#11928);
#11927 = CARTESIAN_POINT('',(146.354473,-118.511304,-7.5E-02));
#11928 = VECTOR('',#11929,1.);
#11929 = DIRECTION('',(0.,1.,0.));
#11930 = ORIENTED_EDGE('',*,*,#11931,.T.);
#11931 = EDGE_CURVE('',#11924,#11932,#11934,.T.);
#11932 = VERTEX_POINT('',#11933);
#11933 = CARTESIAN_POINT('',(146.559637,-118.30614,-7.5E-02));
#11934 = LINE('',#11935,#11936);
#11935 = CARTESIAN_POINT('',(146.354473,-118.30614,-7.5E-02));
#11936 = VECTOR('',#11937,1.);
#11937 = DIRECTION('',(1.,0.,0.));
#11938 = ORIENTED_EDGE('',*,*,#11939,.T.);
#11939 = EDGE_CURVE('',#11932,#11940,#11942,.T.);
#11940 = VERTEX_POINT('',#11941);
#11941 = CARTESIAN_POINT('',(146.559637,-119.037648,-7.5E-02));
#11942 = LINE('',#11943,#11944);
#11943 = CARTESIAN_POINT('',(146.559637,-118.30614,-7.5E-02));
#11944 = VECTOR('',#11945,1.);
#11945 = DIRECTION('',(0.,-1.,0.));
#11946 = ORIENTED_EDGE('',*,*,#11947,.T.);
#11947 = EDGE_CURVE('',#11940,#11948,#11950,.T.);
#11948 = VERTEX_POINT('',#11949);
#11949 = CARTESIAN_POINT('',(146.354473,-119.037648,-7.5E-02));
#11950 = LINE('',#11951,#11952);
#11951 = CARTESIAN_POINT('',(146.559637,-119.037648,-7.5E-02));
#11952 = VECTOR('',#11953,1.);
#11953 = DIRECTION('',(-1.,0.,0.));
#11954 = ORIENTED_EDGE('',*,*,#11955,.T.);
#11955 = EDGE_CURVE('',#11948,#11956,#11958,.T.);
#11956 = VERTEX_POINT('',#11957);
#11957 = CARTESIAN_POINT('',(146.354473,-118.832606,-7.5E-02));
#11958 = LINE('',#11959,#11960);
#11959 = CARTESIAN_POINT('',(146.354473,-119.037648,-7.5E-02));
#11960 = VECTOR('',#11961,1.);
#11961 = DIRECTION('',(0.,1.,0.));
#11962 = ORIENTED_EDGE('',*,*,#11963,.T.);
#11963 = EDGE_CURVE('',#11956,#11964,#11966,.T.);
#11964 = VERTEX_POINT('',#11965);
#11965 = CARTESIAN_POINT('',(145.346238,-119.471057,-7.5E-02));
#11966 = LINE('',#11967,#11968);
#11967 = CARTESIAN_POINT('',(146.354473,-118.832606,-7.5E-02));
#11968 = VECTOR('',#11969,1.);
#11969 = DIRECTION('',(-0.844856130302,-0.534993569205,0.));
#11970 = ORIENTED_EDGE('',*,*,#11971,.T.);
#11971 = EDGE_CURVE('',#11964,#11972,#11974,.T.);
#11972 = VERTEX_POINT('',#11973);
#11973 = CARTESIAN_POINT('',(145.346238,-119.631036,-7.5E-02));
#11974 = LINE('',#11975,#11976);
#11975 = CARTESIAN_POINT('',(145.346238,-119.471057,-7.5E-02));
#11976 = VECTOR('',#11977,1.);
#11977 = DIRECTION('',(0.,-1.,0.));
#11978 = ORIENTED_EDGE('',*,*,#11979,.T.);
#11979 = EDGE_CURVE('',#11972,#11980,#11982,.T.);
#11980 = VERTEX_POINT('',#11981);
#11981 = CARTESIAN_POINT('',(145.141074,-119.631036,-7.5E-02));
#11982 = LINE('',#11983,#11984);
#11983 = CARTESIAN_POINT('',(145.346238,-119.631036,-7.5E-02));
#11984 = VECTOR('',#11985,1.);
#11985 = DIRECTION('',(-1.,0.,0.));
#11986 = ORIENTED_EDGE('',*,*,#11987,.T.);
#11987 = EDGE_CURVE('',#11980,#11988,#11990,.T.);
#11988 = VERTEX_POINT('',#11989);
#11989 = CARTESIAN_POINT('',(145.141074,-118.978785,-7.5E-02));
#11990 = LINE('',#11991,#11992);
#11991 = CARTESIAN_POINT('',(145.141074,-119.631036,-7.5E-02));
#11992 = VECTOR('',#11993,1.);
#11993 = DIRECTION('',(0.,1.,0.));
#11994 = ORIENTED_EDGE('',*,*,#11995,.T.);
#11995 = EDGE_CURVE('',#11988,#11996,#11998,.T.);
#11996 = VERTEX_POINT('',#11997);
#11997 = CARTESIAN_POINT('',(145.346238,-118.978785,-7.5E-02));
#11998 = LINE('',#11999,#12000);
#11999 = CARTESIAN_POINT('',(145.141074,-118.978785,-7.5E-02));
#12000 = VECTOR('',#12001,1.);
#12001 = DIRECTION('',(1.,0.,0.));
#12002 = ORIENTED_EDGE('',*,*,#12003,.T.);
#12003 = EDGE_CURVE('',#11996,#12004,#12006,.T.);
#12004 = VERTEX_POINT('',#12005);
#12005 = CARTESIAN_POINT('',(145.346238,-119.146946,-7.5E-02));
#12006 = LINE('',#12007,#12008);
#12007 = CARTESIAN_POINT('',(145.346238,-118.978785,-7.5E-02));
#12008 = VECTOR('',#12009,1.);
#12009 = DIRECTION('',(0.,-1.,0.));
#12010 = ORIENTED_EDGE('',*,*,#12011,.T.);
#12011 = EDGE_CURVE('',#12004,#12012,#12014,.T.);
#12012 = VERTEX_POINT('',#12013);
#12013 = CARTESIAN_POINT('',(145.849073,-118.855809,-7.5E-02));
#12014 = LINE('',#12015,#12016);
#12015 = CARTESIAN_POINT('',(145.346238,-119.146946,-7.5E-02));
#12016 = VECTOR('',#12017,1.);
#12017 = DIRECTION('',(0.865409867091,0.501064628507,0.));
#12018 = ORIENTED_EDGE('',*,*,#12019,.T.);
#12019 = EDGE_CURVE('',#12012,#12020,#12022,.T.);
#12020 = VERTEX_POINT('',#12021);
#12021 = CARTESIAN_POINT('',(145.346238,-118.57554,-7.5E-02));
#12022 = LINE('',#12023,#12024);
#12023 = CARTESIAN_POINT('',(145.849073,-118.855809,-7.5E-02));
#12024 = VECTOR('',#12025,1.);
#12025 = DIRECTION('',(-0.873480759018,0.486858669045,0.));
#12026 = ORIENTED_EDGE('',*,*,#12027,.T.);
#12027 = EDGE_CURVE('',#12020,#12028,#12030,.T.);
#12028 = VERTEX_POINT('',#12029);
#12029 = CARTESIAN_POINT('',(145.346238,-118.749197,-7.5E-02));
#12030 = LINE('',#12031,#12032);
#12031 = CARTESIAN_POINT('',(145.346238,-118.57554,-7.5E-02));
#12032 = VECTOR('',#12033,1.);
#12033 = DIRECTION('',(0.,-1.,0.));
#12034 = ORIENTED_EDGE('',*,*,#12035,.T.);
#12035 = EDGE_CURVE('',#12028,#11882,#12036,.T.);
#12036 = LINE('',#12037,#12038);
#12037 = CARTESIAN_POINT('',(145.346238,-118.749197,-7.5E-02));
#12038 = VECTOR('',#12039,1.);
#12039 = DIRECTION('',(-1.,0.,0.));
#12040 = PLANE('',#12041);
#12041 = AXIS2_PLACEMENT_3D('',#12042,#12043,#12044);
#12042 = CARTESIAN_POINT('',(0.,0.,-7.5E-02));
#12043 = DIRECTION('',(-0.,-0.,-1.));
#12044 = DIRECTION('',(-1.,0.,0.));
#12045 = SHELL_BASED_SURFACE_MODEL('',(#12046));
#12046 = OPEN_SHELL('',(#12047));
#12047 = ADVANCED_FACE('',(#12048,#12315,#12437),#12544,.T.);
#12048 = FACE_BOUND('',#12049,.T.);
#12049 = EDGE_LOOP('',(#12050,#12060,#12068,#12076,#12084,#12092,#12100,
    #12108,#12116,#12124,#12132,#12140,#12148,#12156,#12164,#12172,
    #12181,#12189,#12197,#12205,#12213,#12221,#12229,#12237,#12245,
    #12253,#12261,#12269,#12277,#12285,#12293,#12301,#12309));
#12050 = ORIENTED_EDGE('',*,*,#12051,.T.);
#12051 = EDGE_CURVE('',#12052,#12054,#12056,.T.);
#12052 = VERTEX_POINT('',#12053);
#12053 = CARTESIAN_POINT('',(144.607648,-117.148429,-7.5E-02));
#12054 = VERTEX_POINT('',#12055);
#12055 = CARTESIAN_POINT('',(144.607648,-116.419731,-7.5E-02));
#12056 = LINE('',#12057,#12058);
#12057 = CARTESIAN_POINT('',(144.607648,-117.148429,-7.5E-02));
#12058 = VECTOR('',#12059,1.);
#12059 = DIRECTION('',(0.,1.,0.));
#12060 = ORIENTED_EDGE('',*,*,#12061,.T.);
#12061 = EDGE_CURVE('',#12054,#12062,#12064,.T.);
#12062 = VERTEX_POINT('',#12063);
#12063 = CARTESIAN_POINT('',(144.818674,-116.419731,-7.5E-02));
#12064 = LINE('',#12065,#12066);
#12065 = CARTESIAN_POINT('',(144.607648,-116.419731,-7.5E-02));
#12066 = VECTOR('',#12067,1.);
#12067 = DIRECTION('',(1.,0.,0.));
#12068 = ORIENTED_EDGE('',*,*,#12069,.T.);
#12069 = EDGE_CURVE('',#12062,#12070,#12072,.T.);
#12070 = VERTEX_POINT('',#12071);
#12071 = CARTESIAN_POINT('',(144.818674,-116.635764,-7.5E-02));
#12072 = LINE('',#12073,#12074);
#12073 = CARTESIAN_POINT('',(144.818674,-116.419731,-7.5E-02));
#12074 = VECTOR('',#12075,1.);
#12075 = DIRECTION('',(0.,-1.,0.));
#12076 = ORIENTED_EDGE('',*,*,#12077,.T.);
#12077 = EDGE_CURVE('',#12070,#12078,#12080,.T.);
#12078 = VERTEX_POINT('',#12079);
#12079 = CARTESIAN_POINT('',(145.908974,-116.635764,-7.5E-02));
#12080 = LINE('',#12081,#12082);
#12081 = CARTESIAN_POINT('',(144.818674,-116.635764,-7.5E-02));
#12082 = VECTOR('',#12083,1.);
#12083 = DIRECTION('',(1.,0.,0.));
#12084 = ORIENTED_EDGE('',*,*,#12085,.T.);
#12085 = EDGE_CURVE('',#12078,#12086,#12088,.T.);
#12086 = VERTEX_POINT('',#12087);
#12087 = CARTESIAN_POINT('',(145.908974,-116.419731,-7.5E-02));
#12088 = LINE('',#12089,#12090);
#12089 = CARTESIAN_POINT('',(145.908974,-116.635764,-7.5E-02));
#12090 = VECTOR('',#12091,1.);
#12091 = DIRECTION('',(0.,1.,0.));
#12092 = ORIENTED_EDGE('',*,*,#12093,.T.);
#12093 = EDGE_CURVE('',#12086,#12094,#12096,.T.);
#12094 = VERTEX_POINT('',#12095);
#12095 = CARTESIAN_POINT('',(146.12,-116.419731,-7.5E-02));
#12096 = LINE('',#12097,#12098);
#12097 = CARTESIAN_POINT('',(145.908974,-116.419731,-7.5E-02));
#12098 = VECTOR('',#12099,1.);
#12099 = DIRECTION('',(1.,0.,0.));
#12100 = ORIENTED_EDGE('',*,*,#12101,.T.);
#12101 = EDGE_CURVE('',#12094,#12102,#12104,.T.);
#12102 = VERTEX_POINT('',#12103);
#12103 = CARTESIAN_POINT('',(146.12,-117.148429,-7.5E-02));
#12104 = LINE('',#12105,#12106);
#12105 = CARTESIAN_POINT('',(146.12,-116.419731,-7.5E-02));
#12106 = VECTOR('',#12107,1.);
#12107 = DIRECTION('',(0.,-1.,0.));
#12108 = ORIENTED_EDGE('',*,*,#12109,.T.);
#12109 = EDGE_CURVE('',#12102,#12110,#12112,.T.);
#12110 = VERTEX_POINT('',#12111);
#12111 = CARTESIAN_POINT('',(146.111728,-117.344397,-7.5E-02));
#12112 = LINE('',#12113,#12114);
#12113 = CARTESIAN_POINT('',(146.12,-117.148429,-7.5E-02));
#12114 = VECTOR('',#12115,1.);
#12115 = DIRECTION('',(-4.217341835425E-02,-0.999110305614,0.));
#12116 = ORIENTED_EDGE('',*,*,#12117,.T.);
#12117 = EDGE_CURVE('',#12110,#12118,#12120,.T.);
#12118 = VERTEX_POINT('',#12119);
#12119 = CARTESIAN_POINT('',(146.089141,-117.500807,-7.5E-02));
#12120 = LINE('',#12121,#12122);
#12121 = CARTESIAN_POINT('',(146.111728,-117.344397,-7.5E-02));
#12122 = VECTOR('',#12123,1.);
#12123 = DIRECTION('',(-0.142926326529,-0.98973333034,0.));
#12124 = ORIENTED_EDGE('',*,*,#12125,.T.);
#12125 = EDGE_CURVE('',#12118,#12126,#12128,.T.);
#12126 = VERTEX_POINT('',#12127);
#12127 = CARTESIAN_POINT('',(146.054884,-117.62467,-7.5E-02));
#12128 = LINE('',#12129,#12130);
#12129 = CARTESIAN_POINT('',(146.089141,-117.500807,-7.5E-02));
#12130 = VECTOR('',#12131,1.);
#12131 = DIRECTION('',(-0.26656452333,-0.963817075436,0.));
#12132 = ORIENTED_EDGE('',*,*,#12133,.T.);
#12133 = EDGE_CURVE('',#12126,#12134,#12136,.T.);
#12134 = VERTEX_POINT('',#12135);
#12135 = CARTESIAN_POINT('',(146.010548,-117.721912,-7.5E-02));
#12136 = LINE('',#12137,#12138);
#12137 = CARTESIAN_POINT('',(146.054884,-117.62467,-7.5E-02));
#12138 = VECTOR('',#12139,1.);
#12139 = DIRECTION('',(-0.414850265528,-0.909889695068,0.));
#12140 = ORIENTED_EDGE('',*,*,#12141,.T.);
#12141 = EDGE_CURVE('',#12134,#12142,#12144,.T.);
#12142 = VERTEX_POINT('',#12143);
#12143 = CARTESIAN_POINT('',(145.95066,-117.803426,-7.5E-02));
#12144 = LINE('',#12145,#12146);
#12145 = CARTESIAN_POINT('',(146.010548,-117.721912,-7.5E-02));
#12146 = VECTOR('',#12147,1.);
#12147 = DIRECTION('',(-0.592077482235,-0.805881042729,0.));
#12148 = ORIENTED_EDGE('',*,*,#12149,.T.);
#12149 = EDGE_CURVE('',#12142,#12150,#12152,.T.);
#12150 = VERTEX_POINT('',#12151);
#12151 = CARTESIAN_POINT('',(145.877637,-117.862333,-7.5E-02));
#12152 = LINE('',#12153,#12154);
#12153 = CARTESIAN_POINT('',(145.95066,-117.803426,-7.5E-02));
#12154 = VECTOR('',#12155,1.);
#12155 = DIRECTION('',(-0.77832196959,-0.627865361087,0.));
#12156 = ORIENTED_EDGE('',*,*,#12157,.T.);
#12157 = EDGE_CURVE('',#12150,#12158,#12160,.T.);
#12158 = VERTEX_POINT('',#12159);
#12159 = CARTESIAN_POINT('',(145.788751,-117.899415,-7.5E-02));
#12160 = LINE('',#12161,#12162);
#12161 = CARTESIAN_POINT('',(145.877637,-117.862333,-7.5E-02));
#12162 = VECTOR('',#12163,1.);
#12163 = DIRECTION('',(-0.922906649204,-0.385023787388,0.));
#12164 = ORIENTED_EDGE('',*,*,#12165,.T.);
#12165 = EDGE_CURVE('',#12158,#12166,#12168,.T.);
#12166 = VERTEX_POINT('',#12167);
#12167 = CARTESIAN_POINT('',(145.679996,-117.912665,-7.5E-02));
#12168 = LINE('',#12169,#12170);
#12169 = CARTESIAN_POINT('',(145.788751,-117.899415,-7.5E-02));
#12170 = VECTOR('',#12171,1.);
#12171 = DIRECTION('',(-0.992659915216,-0.120939210856,0.));
#12172 = ORIENTED_EDGE('',*,*,#12173,.T.);
#12173 = EDGE_CURVE('',#12166,#12174,#12176,.T.);
#12174 = VERTEX_POINT('',#12175);
#12175 = CARTESIAN_POINT('',(145.436455,-117.802634,-7.5E-02));
#12176 = CIRCLE('',#12177,0.311193353796);
#12177 = AXIS2_PLACEMENT_3D('',#12178,#12179,#12180);
#12178 = CARTESIAN_POINT('',(145.673939155,-117.6015305948,-7.5E-02));
#12179 = DIRECTION('',(0.,0.,-1.));
#12180 = DIRECTION('',(1.94632851891E-02,-0.999810572323,0.));
#12181 = ORIENTED_EDGE('',*,*,#12182,.T.);
#12182 = EDGE_CURVE('',#12174,#12183,#12185,.T.);
#12183 = VERTEX_POINT('',#12184);
#12184 = CARTESIAN_POINT('',(145.380807,-117.72174,-7.5E-02));
#12185 = LINE('',#12186,#12187);
#12186 = CARTESIAN_POINT('',(145.436455,-117.802634,-7.5E-02));
#12187 = VECTOR('',#12188,1.);
#12188 = DIRECTION('',(-0.566759618426,0.823883204661,0.));
#12189 = ORIENTED_EDGE('',*,*,#12190,.T.);
#12190 = EDGE_CURVE('',#12183,#12191,#12193,.T.);
#12191 = VERTEX_POINT('',#12192);
#12192 = CARTESIAN_POINT('',(145.33589,-117.616218,-7.5E-02));
#12193 = LINE('',#12194,#12195);
#12194 = CARTESIAN_POINT('',(145.380807,-117.72174,-7.5E-02));
#12195 = VECTOR('',#12196,1.);
#12196 = DIRECTION('',(-0.391658677315,0.920110580574,0.));
#12197 = ORIENTED_EDGE('',*,*,#12198,.T.);
#12198 = EDGE_CURVE('',#12191,#12199,#12201,.T.);
#12199 = VERTEX_POINT('',#12200);
#12200 = CARTESIAN_POINT('',(145.302366,-117.480722,-7.5E-02));
#12201 = LINE('',#12202,#12203);
#12202 = CARTESIAN_POINT('',(145.33589,-117.616218,-7.5E-02));
#12203 = VECTOR('',#12204,1.);
#12204 = DIRECTION('',(-0.240174913318,0.970729628173,0.));
#12205 = ORIENTED_EDGE('',*,*,#12206,.T.);
#12206 = EDGE_CURVE('',#12199,#12207,#12209,.T.);
#12207 = VERTEX_POINT('',#12208);
#12208 = CARTESIAN_POINT('',(145.272684,-117.590972,-7.5E-02));
#12209 = LINE('',#12210,#12211);
#12210 = CARTESIAN_POINT('',(145.302366,-117.480722,-7.5E-02));
#12211 = VECTOR('',#12212,1.);
#12212 = DIRECTION('',(-0.259967819724,-0.965617280659,0.));
#12213 = ORIENTED_EDGE('',*,*,#12214,.T.);
#12214 = EDGE_CURVE('',#12207,#12215,#12217,.T.);
#12215 = VERTEX_POINT('',#12216);
#12216 = CARTESIAN_POINT('',(145.235332,-117.675014,-7.5E-02));
#12217 = LINE('',#12218,#12219);
#12218 = CARTESIAN_POINT('',(145.272684,-117.590972,-7.5E-02));
#12219 = VECTOR('',#12220,1.);
#12220 = DIRECTION('',(-0.406138466053,-0.91381154862,0.));
#12221 = ORIENTED_EDGE('',*,*,#12222,.T.);
#12222 = EDGE_CURVE('',#12215,#12223,#12225,.T.);
#12223 = VERTEX_POINT('',#12224);
#12224 = CARTESIAN_POINT('',(145.1909,-117.737665,-7.5E-02));
#12225 = LINE('',#12226,#12227);
#12226 = CARTESIAN_POINT('',(145.235332,-117.675014,-7.5E-02));
#12227 = VECTOR('',#12228,1.);
#12228 = DIRECTION('',(-0.578487215132,-0.815691450199,0.));
#12229 = ORIENTED_EDGE('',*,*,#12230,.T.);
#12230 = EDGE_CURVE('',#12223,#12231,#12233,.T.);
#12231 = VERTEX_POINT('',#12232);
#12232 = CARTESIAN_POINT('',(145.136665,-117.783641,-7.5E-02));
#12233 = LINE('',#12234,#12235);
#12234 = CARTESIAN_POINT('',(145.1909,-117.737665,-7.5E-02));
#12235 = VECTOR('',#12236,1.);
#12236 = DIRECTION('',(-0.762797531799,-0.646637398765,0.));
#12237 = ORIENTED_EDGE('',*,*,#12238,.T.);
#12238 = EDGE_CURVE('',#12231,#12239,#12241,.T.);
#12239 = VERTEX_POINT('',#12240);
#12240 = CARTESIAN_POINT('',(145.071648,-117.812266,-7.5E-02));
#12241 = LINE('',#12242,#12243);
#12242 = CARTESIAN_POINT('',(145.136665,-117.783641,-7.5E-02));
#12243 = VECTOR('',#12244,1.);
#12244 = DIRECTION('',(-0.915224095579,-0.402945225648,0.));
#12245 = ORIENTED_EDGE('',*,*,#12246,.T.);
#12246 = EDGE_CURVE('',#12239,#12247,#12249,.T.);
#12247 = VERTEX_POINT('',#12248);
#12248 = CARTESIAN_POINT('',(144.993063,-117.822418,-7.5E-02));
#12249 = LINE('',#12250,#12251);
#12250 = CARTESIAN_POINT('',(145.071648,-117.812266,-7.5E-02));
#12251 = VECTOR('',#12252,1.);
#12252 = DIRECTION('',(-0.991758634504,-0.128120298498,0.));
#12253 = ORIENTED_EDGE('',*,*,#12254,.T.);
#12254 = EDGE_CURVE('',#12247,#12255,#12257,.T.);
#12255 = VERTEX_POINT('',#12256);
#12256 = CARTESIAN_POINT('',(144.901745,-117.810678,-7.5E-02));
#12257 = LINE('',#12258,#12259);
#12258 = CARTESIAN_POINT('',(144.993063,-117.822418,-7.5E-02));
#12259 = VECTOR('',#12260,1.);
#12260 = DIRECTION('',(-0.991836992013,0.127512278918,0.));
#12261 = ORIENTED_EDGE('',*,*,#12262,.T.);
#12262 = EDGE_CURVE('',#12255,#12263,#12265,.T.);
#12263 = VERTEX_POINT('',#12264);
#12264 = CARTESIAN_POINT('',(144.825457,-117.777447,-7.5E-02));
#12265 = LINE('',#12266,#12267);
#12266 = CARTESIAN_POINT('',(144.901745,-117.810678,-7.5E-02));
#12267 = VECTOR('',#12268,1.);
#12268 = DIRECTION('',(-0.916796053544,0.399355726396,0.));
#12269 = ORIENTED_EDGE('',*,*,#12270,.T.);
#12270 = EDGE_CURVE('',#12263,#12271,#12273,.T.);
#12271 = VERTEX_POINT('',#12272);
#12272 = CARTESIAN_POINT('',(144.761154,-117.723902,-7.5E-02));
#12273 = LINE('',#12274,#12275);
#12274 = CARTESIAN_POINT('',(144.825457,-117.777447,-7.5E-02));
#12275 = VECTOR('',#12276,1.);
#12276 = DIRECTION('',(-0.768461217732,0.639896364142,0.));
#12277 = ORIENTED_EDGE('',*,*,#12278,.T.);
#12278 = EDGE_CURVE('',#12271,#12279,#12281,.T.);
#12279 = VERTEX_POINT('',#12280);
#12280 = CARTESIAN_POINT('',(144.706841,-117.648761,-7.5E-02));
#12281 = LINE('',#12282,#12283);
#12282 = CARTESIAN_POINT('',(144.761154,-117.723902,-7.5E-02));
#12283 = VECTOR('',#12284,1.);
#12284 = DIRECTION('',(-0.585805943219,0.810451353808,0.));
#12285 = ORIENTED_EDGE('',*,*,#12286,.T.);
#12286 = EDGE_CURVE('',#12279,#12287,#12289,.T.);
#12287 = VERTEX_POINT('',#12288);
#12288 = CARTESIAN_POINT('',(144.666167,-117.560027,-7.5E-02));
#12289 = LINE('',#12290,#12291);
#12290 = CARTESIAN_POINT('',(144.706841,-117.648761,-7.5E-02));
#12291 = VECTOR('',#12292,1.);
#12292 = DIRECTION('',(-0.416690691359,0.909048330802,0.));
#12293 = ORIENTED_EDGE('',*,*,#12294,.T.);
#12294 = EDGE_CURVE('',#12287,#12295,#12297,.T.);
#12295 = VERTEX_POINT('',#12296);
#12296 = CARTESIAN_POINT('',(144.635156,-117.450115,-7.5E-02));
#12297 = LINE('',#12298,#12299);
#12298 = CARTESIAN_POINT('',(144.666167,-117.560027,-7.5E-02));
#12299 = VECTOR('',#12300,1.);
#12300 = DIRECTION('',(-0.271542730617,0.962426384431,0.));
#12301 = ORIENTED_EDGE('',*,*,#12302,.T.);
#12302 = EDGE_CURVE('',#12295,#12303,#12305,.T.);
#12303 = VERTEX_POINT('',#12304);
#12304 = CARTESIAN_POINT('',(144.614966,-117.31465,-7.5E-02));
#12305 = LINE('',#12306,#12307);
#12306 = CARTESIAN_POINT('',(144.635156,-117.450115,-7.5E-02));
#12307 = VECTOR('',#12308,1.);
#12308 = DIRECTION('',(-0.14741388633,0.989074894089,0.));
#12309 = ORIENTED_EDGE('',*,*,#12310,.T.);
#12310 = EDGE_CURVE('',#12303,#12052,#12311,.T.);
#12311 = LINE('',#12312,#12313);
#12312 = CARTESIAN_POINT('',(144.614966,-117.31465,-7.5E-02));
#12313 = VECTOR('',#12314,1.);
#12314 = DIRECTION('',(-4.398311996417E-02,0.999032274333,0.));
#12315 = FACE_BOUND('',#12316,.T.);
#12316 = EDGE_LOOP('',(#12317,#12327,#12335,#12343,#12351,#12359,#12367,
    #12375,#12383,#12391,#12399,#12407,#12415,#12423,#12431));
#12317 = ORIENTED_EDGE('',*,*,#12318,.T.);
#12318 = EDGE_CURVE('',#12319,#12321,#12323,.T.);
#12319 = VERTEX_POINT('',#12320);
#12320 = CARTESIAN_POINT('',(145.908974,-117.148429,-7.5E-02));
#12321 = VERTEX_POINT('',#12322);
#12322 = CARTESIAN_POINT('',(145.908974,-116.996632,-7.5E-02));
#12323 = LINE('',#12324,#12325);
#12324 = CARTESIAN_POINT('',(145.908974,-117.148429,-7.5E-02));
#12325 = VECTOR('',#12326,1.);
#12326 = DIRECTION('',(0.,1.,0.));
#12327 = ORIENTED_EDGE('',*,*,#12328,.T.);
#12328 = EDGE_CURVE('',#12321,#12329,#12331,.T.);
#12329 = VERTEX_POINT('',#12330);
#12330 = CARTESIAN_POINT('',(145.410718,-116.996632,-7.5E-02));
#12331 = LINE('',#12332,#12333);
#12332 = CARTESIAN_POINT('',(145.908974,-116.996632,-7.5E-02));
#12333 = VECTOR('',#12334,1.);
#12334 = DIRECTION('',(-1.,0.,0.));
#12335 = ORIENTED_EDGE('',*,*,#12336,.T.);
#12336 = EDGE_CURVE('',#12329,#12337,#12339,.T.);
#12337 = VERTEX_POINT('',#12338);
#12338 = CARTESIAN_POINT('',(145.410718,-117.148429,-7.5E-02));
#12339 = LINE('',#12340,#12341);
#12340 = CARTESIAN_POINT('',(145.410718,-116.996632,-7.5E-02));
#12341 = VECTOR('',#12342,1.);
#12342 = DIRECTION('',(0.,-1.,0.));
#12343 = ORIENTED_EDGE('',*,*,#12344,.T.);
#12344 = EDGE_CURVE('',#12337,#12345,#12347,.T.);
#12345 = VERTEX_POINT('',#12346);
#12346 = CARTESIAN_POINT('',(145.418695,-117.288174,-7.5E-02));
#12347 = LINE('',#12348,#12349);
#12348 = CARTESIAN_POINT('',(145.410718,-117.148429,-7.5E-02));
#12349 = VECTOR('',#12350,1.);
#12350 = DIRECTION('',(5.698977050427E-02,-0.99837476233,0.));
#12351 = ORIENTED_EDGE('',*,*,#12352,.T.);
#12352 = EDGE_CURVE('',#12345,#12353,#12355,.T.);
#12353 = VERTEX_POINT('',#12354);
#12354 = CARTESIAN_POINT('',(145.439533,-117.387311,-7.5E-02));
#12355 = LINE('',#12356,#12357);
#12356 = CARTESIAN_POINT('',(145.418695,-117.288174,-7.5E-02));
#12357 = VECTOR('',#12358,1.);
#12358 = DIRECTION('',(0.205699038919,-0.978615299997,0.));
#12359 = ORIENTED_EDGE('',*,*,#12360,.T.);
#12360 = EDGE_CURVE('',#12353,#12361,#12363,.T.);
#12361 = VERTEX_POINT('',#12362);
#12362 = CARTESIAN_POINT('',(145.470069,-117.456053,-7.5E-02));
#12363 = LINE('',#12364,#12365);
#12364 = CARTESIAN_POINT('',(145.439533,-117.387311,-7.5E-02));
#12365 = VECTOR('',#12366,1.);
#12366 = DIRECTION('',(0.405960832905,-0.913890476013,0.));
#12367 = ORIENTED_EDGE('',*,*,#12368,.T.);
#12368 = EDGE_CURVE('',#12361,#12369,#12371,.T.);
#12369 = VERTEX_POINT('',#12370);
#12370 = CARTESIAN_POINT('',(145.514638,-117.507015,-7.5E-02));
#12371 = LINE('',#12372,#12373);
#12372 = CARTESIAN_POINT('',(145.470069,-117.456053,-7.5E-02));
#12373 = VECTOR('',#12374,1.);
#12374 = DIRECTION('',(0.658314267302,-0.752743200212,0.));
#12375 = ORIENTED_EDGE('',*,*,#12376,.T.);
#12376 = EDGE_CURVE('',#12369,#12377,#12379,.T.);
#12377 = VERTEX_POINT('',#12378);
#12378 = CARTESIAN_POINT('',(145.57585,-117.539691,-7.5E-02));
#12379 = LINE('',#12380,#12381);
#12380 = CARTESIAN_POINT('',(145.514638,-117.507015,-7.5E-02));
#12381 = VECTOR('',#12382,1.);
#12382 = DIRECTION('',(0.882175748044,-0.470920321883,0.));
#12383 = ORIENTED_EDGE('',*,*,#12384,.T.);
#12384 = EDGE_CURVE('',#12377,#12385,#12387,.T.);
#12385 = VERTEX_POINT('',#12386);
#12386 = CARTESIAN_POINT('',(145.659296,-117.551796,-7.5E-02));
#12387 = LINE('',#12388,#12389);
#12388 = CARTESIAN_POINT('',(145.57585,-117.539691,-7.5E-02));
#12389 = VECTOR('',#12390,1.);
#12390 = DIRECTION('',(0.989641438078,-0.143561220525,0.));
#12391 = ORIENTED_EDGE('',*,*,#12392,.T.);
#12392 = EDGE_CURVE('',#12385,#12393,#12395,.T.);
#12393 = VERTEX_POINT('',#12394);
#12394 = CARTESIAN_POINT('',(145.745068,-117.539772,-7.5E-02));
#12395 = LINE('',#12396,#12397);
#12396 = CARTESIAN_POINT('',(145.659296,-117.551796,-7.5E-02));
#12397 = VECTOR('',#12398,1.);
#12398 = DIRECTION('',(0.990316491405,0.138828119814,0.));
#12399 = ORIENTED_EDGE('',*,*,#12400,.T.);
#12400 = EDGE_CURVE('',#12393,#12401,#12403,.T.);
#12401 = VERTEX_POINT('',#12402);
#12402 = CARTESIAN_POINT('',(145.806814,-117.507638,-7.5E-02));
#12403 = LINE('',#12404,#12405);
#12404 = CARTESIAN_POINT('',(145.745068,-117.539772,-7.5E-02));
#12405 = VECTOR('',#12406,1.);
#12406 = DIRECTION('',(0.887063390742,0.461647637063,0.));
#12407 = ORIENTED_EDGE('',*,*,#12408,.T.);
#12408 = EDGE_CURVE('',#12401,#12409,#12411,.T.);
#12409 = VERTEX_POINT('',#12410);
#12410 = CARTESIAN_POINT('',(145.850722,-117.458129,-7.5E-02));
#12411 = LINE('',#12412,#12413);
#12412 = CARTESIAN_POINT('',(145.806814,-117.507638,-7.5E-02));
#12413 = VECTOR('',#12414,1.);
#12414 = DIRECTION('',(0.663519250957,0.748159210068,0.));
#12415 = ORIENTED_EDGE('',*,*,#12416,.T.);
#12416 = EDGE_CURVE('',#12409,#12417,#12419,.T.);
#12417 = VERTEX_POINT('',#12418);
#12418 = CARTESIAN_POINT('',(145.880492,-117.390717,-7.5E-02));
#12419 = LINE('',#12420,#12421);
#12420 = CARTESIAN_POINT('',(145.850722,-117.458129,-7.5E-02));
#12421 = VECTOR('',#12422,1.);
#12422 = DIRECTION('',(0.403974267073,0.914770349073,0.));
#12423 = ORIENTED_EDGE('',*,*,#12424,.T.);
#12424 = EDGE_CURVE('',#12417,#12425,#12427,.T.);
#12425 = VERTEX_POINT('',#12426);
#12426 = CARTESIAN_POINT('',(145.901038,-117.29123,-7.5E-02));
#12427 = LINE('',#12428,#12429);
#12428 = CARTESIAN_POINT('',(145.880492,-117.390717,-7.5E-02));
#12429 = VECTOR('',#12430,1.);
#12430 = DIRECTION('',(0.202251437209,0.97933362862,0.));
#12431 = ORIENTED_EDGE('',*,*,#12432,.T.);
#12432 = EDGE_CURVE('',#12425,#12319,#12433,.T.);
#12433 = LINE('',#12434,#12435);
#12434 = CARTESIAN_POINT('',(145.901038,-117.29123,-7.5E-02));
#12435 = VECTOR('',#12436,1.);
#12436 = DIRECTION('',(5.548822023145E-02,0.998459341894,0.));
#12437 = FACE_BOUND('',#12438,.T.);
#12438 = EDGE_LOOP('',(#12439,#12449,#12457,#12465,#12473,#12481,#12489,
    #12498,#12506,#12514,#12522,#12530,#12538));
#12439 = ORIENTED_EDGE('',*,*,#12440,.T.);
#12440 = EDGE_CURVE('',#12441,#12443,#12445,.T.);
#12441 = VERTEX_POINT('',#12442);
#12442 = CARTESIAN_POINT('',(145.217278,-117.148429,-7.5E-02));
#12443 = VERTEX_POINT('',#12444);
#12444 = CARTESIAN_POINT('',(145.217278,-116.996632,-7.5E-02));
#12445 = LINE('',#12446,#12447);
#12446 = CARTESIAN_POINT('',(145.217278,-117.148429,-7.5E-02));
#12447 = VECTOR('',#12448,1.);
#12448 = DIRECTION('',(0.,1.,0.));
#12449 = ORIENTED_EDGE('',*,*,#12450,.T.);
#12450 = EDGE_CURVE('',#12443,#12451,#12453,.T.);
#12451 = VERTEX_POINT('',#12452);
#12452 = CARTESIAN_POINT('',(144.818674,-116.996632,-7.5E-02));
#12453 = LINE('',#12454,#12455);
#12454 = CARTESIAN_POINT('',(145.217278,-116.996632,-7.5E-02));
#12455 = VECTOR('',#12456,1.);
#12456 = DIRECTION('',(-1.,0.,0.));
#12457 = ORIENTED_EDGE('',*,*,#12458,.T.);
#12458 = EDGE_CURVE('',#12451,#12459,#12461,.T.);
#12459 = VERTEX_POINT('',#12460);
#12460 = CARTESIAN_POINT('',(144.818674,-117.148429,-7.5E-02));
#12461 = LINE('',#12462,#12463);
#12462 = CARTESIAN_POINT('',(144.818674,-116.996632,-7.5E-02));
#12463 = VECTOR('',#12464,1.);
#12464 = DIRECTION('',(0.,-1.,0.));
#12465 = ORIENTED_EDGE('',*,*,#12466,.T.);
#12466 = EDGE_CURVE('',#12459,#12467,#12469,.T.);
#12467 = VERTEX_POINT('',#12468);
#12468 = CARTESIAN_POINT('',(144.825245,-117.246402,-7.5E-02));
#12469 = LINE('',#12470,#12471);
#12470 = CARTESIAN_POINT('',(144.818674,-117.148429,-7.5E-02));
#12471 = VECTOR('',#12472,1.);
#12472 = DIRECTION('',(6.691915581215E-02,-0.997758400909,0.));
#12473 = ORIENTED_EDGE('',*,*,#12474,.T.);
#12474 = EDGE_CURVE('',#12467,#12475,#12477,.T.);
#12475 = VERTEX_POINT('',#12476);
#12476 = CARTESIAN_POINT('',(144.843115,-117.321465,-7.5E-02));
#12477 = LINE('',#12478,#12479);
#12478 = CARTESIAN_POINT('',(144.825245,-117.246402,-7.5E-02));
#12479 = VECTOR('',#12480,1.);
#12480 = DIRECTION('',(0.231594245785,-0.972812471815,0.));
#12481 = ORIENTED_EDGE('',*,*,#12482,.T.);
#12482 = EDGE_CURVE('',#12475,#12483,#12485,.T.);
#12483 = VERTEX_POINT('',#12484);
#12484 = CARTESIAN_POINT('',(144.870697,-117.37875,-7.5E-02));
#12485 = LINE('',#12486,#12487);
#12486 = CARTESIAN_POINT('',(144.843115,-117.321465,-7.5E-02));
#12487 = VECTOR('',#12488,1.);
#12488 = DIRECTION('',(0.433819874886,-0.900999620507,0.));
#12489 = ORIENTED_EDGE('',*,*,#12490,.T.);
#12490 = EDGE_CURVE('',#12483,#12491,#12493,.T.);
#12491 = VERTEX_POINT('',#12492);
#12492 = CARTESIAN_POINT('',(145.019533,-117.45874,-7.5E-02));
#12493 = CIRCLE('',#12494,0.167977802904);
#12494 = AXIS2_PLACEMENT_3D('',#12495,#12496,#12497);
#12495 = CARTESIAN_POINT('',(145.01384596274,-117.2908584945,-7.5E-02));
#12496 = DIRECTION('',(0.,0.,1.));
#12497 = DIRECTION('',(-0.852189755283,-0.52323285542,0.));
#12498 = ORIENTED_EDGE('',*,*,#12499,.T.);
#12499 = EDGE_CURVE('',#12491,#12500,#12502,.T.);
#12500 = VERTEX_POINT('',#12501);
#12501 = CARTESIAN_POINT('',(145.078457,-117.448992,-7.5E-02));
#12502 = LINE('',#12503,#12504);
#12503 = CARTESIAN_POINT('',(145.019533,-117.45874,-7.5E-02));
#12504 = VECTOR('',#12505,1.);
#12505 = DIRECTION('',(0.986590514556,0.163215062384,0.));
#12506 = ORIENTED_EDGE('',*,*,#12507,.T.);
#12507 = EDGE_CURVE('',#12500,#12508,#12510,.T.);
#12508 = VERTEX_POINT('',#12509);
#12509 = CARTESIAN_POINT('',(145.125985,-117.421411,-7.5E-02));
#12510 = LINE('',#12511,#12512);
#12511 = CARTESIAN_POINT('',(145.078457,-117.448992,-7.5E-02));
#12512 = VECTOR('',#12513,1.);
#12513 = DIRECTION('',(0.864914591947,0.501919065824,0.));
#12514 = ORIENTED_EDGE('',*,*,#12515,.T.);
#12515 = EDGE_CURVE('',#12508,#12516,#12518,.T.);
#12516 = VERTEX_POINT('',#12517);
#12517 = CARTESIAN_POINT('',(145.164796,-117.376064,-7.5E-02));
#12518 = LINE('',#12519,#12520);
#12519 = CARTESIAN_POINT('',(145.125985,-117.421411,-7.5E-02));
#12520 = VECTOR('',#12521,1.);
#12521 = DIRECTION('',(0.650232408118,0.759735358814,0.));
#12522 = ORIENTED_EDGE('',*,*,#12523,.T.);
#12523 = EDGE_CURVE('',#12516,#12524,#12526,.T.);
#12524 = VERTEX_POINT('',#12525);
#12525 = CARTESIAN_POINT('',(145.192874,-117.317163,-7.5E-02));
#12526 = LINE('',#12527,#12528);
#12527 = CARTESIAN_POINT('',(145.164796,-117.376064,-7.5E-02));
#12528 = VECTOR('',#12529,1.);
#12529 = DIRECTION('',(0.430307132559,0.902682542021,0.));
#12530 = ORIENTED_EDGE('',*,*,#12531,.T.);
#12531 = EDGE_CURVE('',#12524,#12532,#12534,.T.);
#12532 = VERTEX_POINT('',#12533);
#12533 = CARTESIAN_POINT('',(145.210785,-117.242697,-7.5E-02));
#12534 = LINE('',#12535,#12536);
#12535 = CARTESIAN_POINT('',(145.192874,-117.317163,-7.5E-02));
#12536 = VECTOR('',#12537,1.);
#12537 = DIRECTION('',(0.233856372576,0.972271154054,0.));
#12538 = ORIENTED_EDGE('',*,*,#12539,.T.);
#12539 = EDGE_CURVE('',#12532,#12441,#12540,.T.);
#12540 = LINE('',#12541,#12542);
#12541 = CARTESIAN_POINT('',(145.210785,-117.242697,-7.5E-02));
#12542 = VECTOR('',#12543,1.);
#12543 = DIRECTION('',(6.871528587463E-02,0.997636311231,0.));
#12544 = PLANE('',#12545);
#12545 = AXIS2_PLACEMENT_3D('',#12546,#12547,#12548);
#12546 = CARTESIAN_POINT('',(0.,0.,-7.5E-02));
#12547 = DIRECTION('',(-0.,-0.,-1.));
#12548 = DIRECTION('',(-1.,0.,0.));
#12549 = ( GEOMETRIC_REPRESENTATION_CONTEXT(3) 
GLOBAL_UNCERTAINTY_ASSIGNED_CONTEXT((#12553)) 
GLOBAL_UNIT_ASSIGNED_CONTEXT((#12550,#12551,#12552)) 
REPRESENTATION_CONTEXT('Context #1',
  '3D Context with UNIT and UNCERTAINTY') );
#12550 = ( LENGTH_UNIT() NAMED_UNIT(*) SI_UNIT(.MILLI.,.METRE.) );
#12551 = ( NAMED_UNIT(*) PLANE_ANGLE_UNIT() SI_UNIT($,.RADIAN.) );
#12552 = ( NAMED_UNIT(*) SI_UNIT($,.STERADIAN.) SOLID_ANGLE_UNIT() );
#12553 = UNCERTAINTY_MEASURE_WITH_UNIT(LENGTH_MEASURE(1.E-07),#12550,
  'distance_accuracy_value','confusion accuracy');
#12554 = CONTEXT_DEPENDENT_SHAPE_REPRESENTATION(#12555,#12557);
#12555 = ( REPRESENTATION_RELATIONSHIP('','',#9483,#10) 
REPRESENTATION_RELATIONSHIP_WITH_TRANSFORMATION(#12556) 
SHAPE_REPRESENTATION_RELATIONSHIP() );
#12556 = ITEM_DEFINED_TRANSFORMATION('','',#11,#19);
#12557 = PRODUCT_DEFINITION_SHAPE('Placement','Placement of an item',
  #12558);
#12558 = NEXT_ASSEMBLY_USAGE_OCCURRENCE('2','=>[0:1:1:3]','',#5,#9478,$
  );
#12559 = PRODUCT_RELATED_PRODUCT_CATEGORY('part',$,(#9480));
#12560 = SHAPE_DEFINITION_REPRESENTATION(#12561,#12567);
#12561 = PRODUCT_DEFINITION_SHAPE('','',#12562);
#12562 = PRODUCT_DEFINITION('design','',#12563,#12566);
#12563 = PRODUCT_DEFINITION_FORMATION('','',#12564);
#12564 = PRODUCT('Gpio Hat Pi_PCB','Gpio Hat Pi_PCB','',(#12565));
#12565 = PRODUCT_CONTEXT('',#2,'mechanical');
#12566 = PRODUCT_DEFINITION_CONTEXT('part definition',#2,'design');
#12567 = ADVANCED_BREP_SHAPE_REPRESENTATION('',(#11,#12568),#14070);
#12568 = MANIFOLD_SOLID_BREP('',#12569);
#12569 = CLOSED_SHELL('',(#12570,#12612,#12643,#12674,#13060,#13446,
    #13463,#13480,#13497,#13514,#13531,#13548,#13565,#13582,#13599,
    #13616,#13628,#13645,#13662,#13679,#13696,#13713,#13730,#13747,
    #13764,#13781,#13798,#13815,#13832,#13849,#13866,#13883,#13900,
    #13917,#13934,#13951,#13968,#13985,#14002,#14019,#14036,#14053));
#12570 = ADVANCED_FACE('',(#12571),#12607,.T.);
#12571 = FACE_BOUND('',#12572,.T.);
#12572 = EDGE_LOOP('',(#12573,#12583,#12592,#12600));
#12573 = ORIENTED_EDGE('',*,*,#12574,.T.);
#12574 = EDGE_CURVE('',#12575,#12577,#12579,.T.);
#12575 = VERTEX_POINT('',#12576);
#12576 = CARTESIAN_POINT('',(167.132,-113.284,0.));
#12577 = VERTEX_POINT('',#12578);
#12578 = CARTESIAN_POINT('',(167.132,-113.284,1.51));
#12579 = LINE('',#12580,#12581);
#12580 = CARTESIAN_POINT('',(167.132,-113.284,0.));
#12581 = VECTOR('',#12582,1.);
#12582 = DIRECTION('',(0.,0.,1.));
#12583 = ORIENTED_EDGE('',*,*,#12584,.T.);
#12584 = EDGE_CURVE('',#12577,#12585,#12587,.T.);
#12585 = VERTEX_POINT('',#12586);
#12586 = CARTESIAN_POINT('',(168.148,-114.3,1.51));
#12587 = CIRCLE('',#12588,1.016001671896);
#12588 = AXIS2_PLACEMENT_3D('',#12589,#12590,#12591);
#12589 = CARTESIAN_POINT('',(167.1319983281,-114.3000016718,1.51));
#12590 = DIRECTION('',(0.,0.,-1.));
#12591 = DIRECTION('',(1.645562516009E-06,0.999999999999,0.));
#12592 = ORIENTED_EDGE('',*,*,#12593,.F.);
#12593 = EDGE_CURVE('',#12594,#12585,#12596,.T.);
#12594 = VERTEX_POINT('',#12595);
#12595 = CARTESIAN_POINT('',(168.148,-114.3,0.));
#12596 = LINE('',#12597,#12598);
#12597 = CARTESIAN_POINT('',(168.148,-114.3,0.));
#12598 = VECTOR('',#12599,1.);
#12599 = DIRECTION('',(0.,0.,1.));
#12600 = ORIENTED_EDGE('',*,*,#12601,.F.);
#12601 = EDGE_CURVE('',#12575,#12594,#12602,.T.);
#12602 = CIRCLE('',#12603,1.016001671896);
#12603 = AXIS2_PLACEMENT_3D('',#12604,#12605,#12606);
#12604 = CARTESIAN_POINT('',(167.1319983281,-114.3000016718,0.));
#12605 = DIRECTION('',(0.,0.,-1.));
#12606 = DIRECTION('',(1.645562516009E-06,0.999999999999,0.));
#12607 = CYLINDRICAL_SURFACE('',#12608,1.016001671896);
#12608 = AXIS2_PLACEMENT_3D('',#12609,#12610,#12611);
#12609 = CARTESIAN_POINT('',(167.1319983281,-114.3000016718,0.));
#12610 = DIRECTION('',(0.,0.,-1.));
#12611 = DIRECTION('',(1.645562516009E-06,0.999999999999,0.));
#12612 = ADVANCED_FACE('',(#12613),#12638,.T.);
#12613 = FACE_BOUND('',#12614,.T.);
#12614 = EDGE_LOOP('',(#12615,#12625,#12631,#12632));
#12615 = ORIENTED_EDGE('',*,*,#12616,.T.);
#12616 = EDGE_CURVE('',#12617,#12619,#12621,.T.);
#12617 = VERTEX_POINT('',#12618);
#12618 = CARTESIAN_POINT('',(141.732,-113.284,0.));
#12619 = VERTEX_POINT('',#12620);
#12620 = CARTESIAN_POINT('',(141.732,-113.284,1.51));
#12621 = LINE('',#12622,#12623);
#12622 = CARTESIAN_POINT('',(141.732,-113.284,0.));
#12623 = VECTOR('',#12624,1.);
#12624 = DIRECTION('',(0.,0.,1.));
#12625 = ORIENTED_EDGE('',*,*,#12626,.T.);
#12626 = EDGE_CURVE('',#12619,#12577,#12627,.T.);
#12627 = LINE('',#12628,#12629);
#12628 = CARTESIAN_POINT('',(141.732,-113.284,1.51));
#12629 = VECTOR('',#12630,1.);
#12630 = DIRECTION('',(1.,0.,0.));
#12631 = ORIENTED_EDGE('',*,*,#12574,.F.);
#12632 = ORIENTED_EDGE('',*,*,#12633,.F.);
#12633 = EDGE_CURVE('',#12617,#12575,#12634,.T.);
#12634 = LINE('',#12635,#12636);
#12635 = CARTESIAN_POINT('',(141.732,-113.284,0.));
#12636 = VECTOR('',#12637,1.);
#12637 = DIRECTION('',(1.,0.,0.));
#12638 = PLANE('',#12639);
#12639 = AXIS2_PLACEMENT_3D('',#12640,#12641,#12642);
#12640 = CARTESIAN_POINT('',(141.732,-113.284,0.));
#12641 = DIRECTION('',(0.,1.,0.));
#12642 = DIRECTION('',(1.,0.,0.));
#12643 = ADVANCED_FACE('',(#12644),#12669,.T.);
#12644 = FACE_BOUND('',#12645,.T.);
#12645 = EDGE_LOOP('',(#12646,#12647,#12655,#12663));
#12646 = ORIENTED_EDGE('',*,*,#12593,.T.);
#12647 = ORIENTED_EDGE('',*,*,#12648,.T.);
#12648 = EDGE_CURVE('',#12585,#12649,#12651,.T.);
#12649 = VERTEX_POINT('',#12650);
#12650 = CARTESIAN_POINT('',(173.5665,-118.499,1.51));
#12651 = LINE('',#12652,#12653);
#12652 = CARTESIAN_POINT('',(168.148,-114.3,1.51));
#12653 = VECTOR('',#12654,1.);
#12654 = DIRECTION('',(0.790438889867,-0.612540905888,0.));
#12655 = ORIENTED_EDGE('',*,*,#12656,.F.);
#12656 = EDGE_CURVE('',#12657,#12649,#12659,.T.);
#12657 = VERTEX_POINT('',#12658);
#12658 = CARTESIAN_POINT('',(173.5665,-118.499,0.));
#12659 = LINE('',#12660,#12661);
#12660 = CARTESIAN_POINT('',(173.5665,-118.499,0.));
#12661 = VECTOR('',#12662,1.);
#12662 = DIRECTION('',(0.,0.,1.));
#12663 = ORIENTED_EDGE('',*,*,#12664,.F.);
#12664 = EDGE_CURVE('',#12594,#12657,#12665,.T.);
#12665 = LINE('',#12666,#12667);
#12666 = CARTESIAN_POINT('',(168.148,-114.3,0.));
#12667 = VECTOR('',#12668,1.);
#12668 = DIRECTION('',(0.790438889867,-0.612540905888,0.));
#12669 = PLANE('',#12670);
#12670 = AXIS2_PLACEMENT_3D('',#12671,#12672,#12673);
#12671 = CARTESIAN_POINT('',(168.148,-114.3,0.));
#12672 = DIRECTION('',(0.612540905888,0.790438889867,-0.));
#12673 = DIRECTION('',(0.790438889867,-0.612540905888,0.));
#12674 = ADVANCED_FACE('',(#12675,#12769,#12780,#12791,#12802,#12813,
    #12824,#12835,#12846,#12857,#12868,#12879,#12890,#12901,#12912,
    #12923,#12934,#12945,#12956,#12967,#12978,#12989,#13000,#13011,
    #13022,#13033,#13044),#13055,.F.);
#12675 = FACE_BOUND('',#12676,.F.);
#12676 = EDGE_LOOP('',(#12677,#12678,#12679,#12688,#12696,#12704,#12712,
    #12721,#12729,#12737,#12745,#12754,#12762,#12768));
#12677 = ORIENTED_EDGE('',*,*,#12601,.F.);
#12678 = ORIENTED_EDGE('',*,*,#12633,.F.);
#12679 = ORIENTED_EDGE('',*,*,#12680,.F.);
#12680 = EDGE_CURVE('',#12681,#12617,#12683,.T.);
#12681 = VERTEX_POINT('',#12682);
#12682 = CARTESIAN_POINT('',(140.208,-114.808,0.));
#12683 = CIRCLE('',#12684,1.523999093624);
#12684 = AXIS2_PLACEMENT_3D('',#12685,#12686,#12687);
#12685 = CARTESIAN_POINT('',(141.73199909362,-114.8079990936,0.));
#12686 = DIRECTION('',(0.,0.,-1.));
#12687 = DIRECTION('',(-1.,-5.947355614235E-07,-0.));
#12688 = ORIENTED_EDGE('',*,*,#12689,.F.);
#12689 = EDGE_CURVE('',#12690,#12681,#12692,.T.);
#12690 = VERTEX_POINT('',#12691);
#12691 = CARTESIAN_POINT('',(134.875,-119.325,0.));
#12692 = LINE('',#12693,#12694);
#12693 = CARTESIAN_POINT('',(134.875,-119.325,0.));
#12694 = VECTOR('',#12695,1.);
#12695 = DIRECTION('',(0.763071408091,0.646314185327,0.));
#12696 = ORIENTED_EDGE('',*,*,#12697,.F.);
#12697 = EDGE_CURVE('',#12698,#12690,#12700,.T.);
#12698 = VERTEX_POINT('',#12699);
#12699 = CARTESIAN_POINT('',(134.875,-125.85,0.));
#12700 = LINE('',#12701,#12702);
#12701 = CARTESIAN_POINT('',(134.875,-125.85,0.));
#12702 = VECTOR('',#12703,1.);
#12703 = DIRECTION('',(0.,1.,0.));
#12704 = ORIENTED_EDGE('',*,*,#12705,.F.);
#12705 = EDGE_CURVE('',#12706,#12698,#12708,.T.);
#12706 = VERTEX_POINT('',#12707);
#12707 = CARTESIAN_POINT('',(140.208,-130.048,0.));
#12708 = LINE('',#12709,#12710);
#12709 = CARTESIAN_POINT('',(140.208,-130.048,0.));
#12710 = VECTOR('',#12711,1.);
#12711 = DIRECTION('',(-0.785760732258,0.61853057454,0.));
#12712 = ORIENTED_EDGE('',*,*,#12713,.F.);
#12713 = EDGE_CURVE('',#12714,#12706,#12716,.T.);
#12714 = VERTEX_POINT('',#12715);
#12715 = CARTESIAN_POINT('',(141.224,-131.064,0.));
#12716 = CIRCLE('',#12717,1.016001671896);
#12717 = AXIS2_PLACEMENT_3D('',#12718,#12719,#12720);
#12718 = CARTESIAN_POINT('',(141.22400167189,-130.0479983281,0.));
#12719 = DIRECTION('',(0.,0.,-1.));
#12720 = DIRECTION('',(-1.645562543983E-06,-0.999999999999,-0.));
#12721 = ORIENTED_EDGE('',*,*,#12722,.F.);
#12722 = EDGE_CURVE('',#12723,#12714,#12725,.T.);
#12723 = VERTEX_POINT('',#12724);
#12724 = CARTESIAN_POINT('',(142.494,-131.064,0.));
#12725 = LINE('',#12726,#12727);
#12726 = CARTESIAN_POINT('',(142.494,-131.064,0.));
#12727 = VECTOR('',#12728,1.);
#12728 = DIRECTION('',(-1.,0.,0.));
#12729 = ORIENTED_EDGE('',*,*,#12730,.F.);
#12730 = EDGE_CURVE('',#12731,#12723,#12733,.T.);
#12731 = VERTEX_POINT('',#12732);
#12732 = CARTESIAN_POINT('',(146.812,-131.064,0.));
#12733 = LINE('',#12734,#12735);
#12734 = CARTESIAN_POINT('',(146.812,-131.064,0.));
#12735 = VECTOR('',#12736,1.);
#12736 = DIRECTION('',(-1.,0.,0.));
#12737 = ORIENTED_EDGE('',*,*,#12738,.F.);
#12738 = EDGE_CURVE('',#12739,#12731,#12741,.T.);
#12739 = VERTEX_POINT('',#12740);
#12740 = CARTESIAN_POINT('',(167.132,-131.064,0.));
#12741 = LINE('',#12742,#12743);
#12742 = CARTESIAN_POINT('',(167.132,-131.064,0.));
#12743 = VECTOR('',#12744,1.);
#12744 = DIRECTION('',(-1.,0.,0.));
#12745 = ORIENTED_EDGE('',*,*,#12746,.F.);
#12746 = EDGE_CURVE('',#12747,#12739,#12749,.T.);
#12747 = VERTEX_POINT('',#12748);
#12748 = CARTESIAN_POINT('',(168.148,-130.048,0.));
#12749 = CIRCLE('',#12750,1.016001671896);
#12750 = AXIS2_PLACEMENT_3D('',#12751,#12752,#12753);
#12751 = CARTESIAN_POINT('',(167.1319983281,-130.0479983281,0.));
#12752 = DIRECTION('',(0.,0.,-1.));
#12753 = DIRECTION('',(0.999999999999,-1.645562488035E-06,0.));
#12754 = ORIENTED_EDGE('',*,*,#12755,.F.);
#12755 = EDGE_CURVE('',#12756,#12747,#12758,.T.);
#12756 = VERTEX_POINT('',#12757);
#12757 = CARTESIAN_POINT('',(173.5665,-125.024,0.));
#12758 = LINE('',#12759,#12760);
#12759 = CARTESIAN_POINT('',(173.5665,-125.024,0.));
#12760 = VECTOR('',#12761,1.);
#12761 = DIRECTION('',(-0.733296985813,-0.67990847222,0.));
#12762 = ORIENTED_EDGE('',*,*,#12763,.F.);
#12763 = EDGE_CURVE('',#12657,#12756,#12764,.T.);
#12764 = LINE('',#12765,#12766);
#12765 = CARTESIAN_POINT('',(173.5665,-118.499,0.));
#12766 = VECTOR('',#12767,1.);
#12767 = DIRECTION('',(0.,-1.,0.));
#12768 = ORIENTED_EDGE('',*,*,#12664,.F.);
#12769 = FACE_BOUND('',#12770,.F.);
#12770 = EDGE_LOOP('',(#12771));
#12771 = ORIENTED_EDGE('',*,*,#12772,.T.);
#12772 = EDGE_CURVE('',#12773,#12773,#12775,.T.);
#12773 = VERTEX_POINT('',#12774);
#12774 = CARTESIAN_POINT('',(147.6248,-130.2766,0.));
#12775 = CIRCLE('',#12776,0.508);
#12776 = AXIS2_PLACEMENT_3D('',#12777,#12778,#12779);
#12777 = CARTESIAN_POINT('',(147.6248,-129.7686,0.));
#12778 = DIRECTION('',(-0.,0.,-1.));
#12779 = DIRECTION('',(-0.,-1.,0.));
#12780 = FACE_BOUND('',#12781,.F.);
#12781 = EDGE_LOOP('',(#12782));
#12782 = ORIENTED_EDGE('',*,*,#12783,.T.);
#12783 = EDGE_CURVE('',#12784,#12784,#12786,.T.);
#12784 = VERTEX_POINT('',#12785);
#12785 = CARTESIAN_POINT('',(147.6248,-125.7554,0.));
#12786 = CIRCLE('',#12787,0.508);
#12787 = AXIS2_PLACEMENT_3D('',#12788,#12789,#12790);
#12788 = CARTESIAN_POINT('',(147.6248,-125.2474,0.));
#12789 = DIRECTION('',(-0.,0.,-1.));
#12790 = DIRECTION('',(-0.,-1.,0.));
#12791 = FACE_BOUND('',#12792,.F.);
#12792 = EDGE_LOOP('',(#12793));
#12793 = ORIENTED_EDGE('',*,*,#12794,.T.);
#12794 = EDGE_CURVE('',#12795,#12795,#12797,.T.);
#12795 = VERTEX_POINT('',#12796);
#12796 = CARTESIAN_POINT('',(154.1272,-130.2766,0.));
#12797 = CIRCLE('',#12798,0.508);
#12798 = AXIS2_PLACEMENT_3D('',#12799,#12800,#12801);
#12799 = CARTESIAN_POINT('',(154.1272,-129.7686,0.));
#12800 = DIRECTION('',(-0.,0.,-1.));
#12801 = DIRECTION('',(-5.594824691025E-14,-1.,0.));
#12802 = FACE_BOUND('',#12803,.F.);
#12803 = EDGE_LOOP('',(#12804));
#12804 = ORIENTED_EDGE('',*,*,#12805,.T.);
#12805 = EDGE_CURVE('',#12806,#12806,#12808,.T.);
#12806 = VERTEX_POINT('',#12807);
#12807 = CARTESIAN_POINT('',(157.988,-129.532,0.));
#12808 = CIRCLE('',#12809,0.5);
#12809 = AXIS2_PLACEMENT_3D('',#12810,#12811,#12812);
#12810 = CARTESIAN_POINT('',(157.988,-129.032,0.));
#12811 = DIRECTION('',(-0.,0.,-1.));
#12812 = DIRECTION('',(-0.,-1.,0.));
#12813 = FACE_BOUND('',#12814,.F.);
#12814 = EDGE_LOOP('',(#12815));
#12815 = ORIENTED_EDGE('',*,*,#12816,.T.);
#12816 = EDGE_CURVE('',#12817,#12817,#12819,.T.);
#12817 = VERTEX_POINT('',#12818);
#12818 = CARTESIAN_POINT('',(160.528,-129.532,0.));
#12819 = CIRCLE('',#12820,0.5);
#12820 = AXIS2_PLACEMENT_3D('',#12821,#12822,#12823);
#12821 = CARTESIAN_POINT('',(160.528,-129.032,0.));
#12822 = DIRECTION('',(-0.,0.,-1.));
#12823 = DIRECTION('',(-0.,-1.,0.));
#12824 = FACE_BOUND('',#12825,.F.);
#12825 = EDGE_LOOP('',(#12826));
#12826 = ORIENTED_EDGE('',*,*,#12827,.T.);
#12827 = EDGE_CURVE('',#12828,#12828,#12830,.T.);
#12828 = VERTEX_POINT('',#12829);
#12829 = CARTESIAN_POINT('',(163.068,-129.532,0.));
#12830 = CIRCLE('',#12831,0.5);
#12831 = AXIS2_PLACEMENT_3D('',#12832,#12833,#12834);
#12832 = CARTESIAN_POINT('',(163.068,-129.032,0.));
#12833 = DIRECTION('',(-0.,0.,-1.));
#12834 = DIRECTION('',(-0.,-1.,0.));
#12835 = FACE_BOUND('',#12836,.F.);
#12836 = EDGE_LOOP('',(#12837));
#12837 = ORIENTED_EDGE('',*,*,#12838,.T.);
#12838 = EDGE_CURVE('',#12839,#12839,#12841,.T.);
#12839 = VERTEX_POINT('',#12840);
#12840 = CARTESIAN_POINT('',(165.608,-129.532,0.));
#12841 = CIRCLE('',#12842,0.5);
#12842 = AXIS2_PLACEMENT_3D('',#12843,#12844,#12845);
#12843 = CARTESIAN_POINT('',(165.608,-129.032,0.));
#12844 = DIRECTION('',(-0.,0.,-1.));
#12845 = DIRECTION('',(-0.,-1.,0.));
#12846 = FACE_BOUND('',#12847,.F.);
#12847 = EDGE_LOOP('',(#12848));
#12848 = ORIENTED_EDGE('',*,*,#12849,.T.);
#12849 = EDGE_CURVE('',#12850,#12850,#12852,.T.);
#12850 = VERTEX_POINT('',#12851);
#12851 = CARTESIAN_POINT('',(154.1272,-125.7554,0.));
#12852 = CIRCLE('',#12853,0.508);
#12853 = AXIS2_PLACEMENT_3D('',#12854,#12855,#12856);
#12854 = CARTESIAN_POINT('',(154.1272,-125.2474,0.));
#12855 = DIRECTION('',(-0.,0.,-1.));
#12856 = DIRECTION('',(-5.594824691025E-14,-1.,0.));
#12857 = FACE_BOUND('',#12858,.F.);
#12858 = EDGE_LOOP('',(#12859));
#12859 = ORIENTED_EDGE('',*,*,#12860,.T.);
#12860 = EDGE_CURVE('',#12861,#12861,#12863,.T.);
#12861 = VERTEX_POINT('',#12862);
#12862 = CARTESIAN_POINT('',(137.975,-123.475,0.));
#12863 = CIRCLE('',#12864,1.1);
#12864 = AXIS2_PLACEMENT_3D('',#12865,#12866,#12867);
#12865 = CARTESIAN_POINT('',(137.975,-122.375,0.));
#12866 = DIRECTION('',(-0.,0.,-1.));
#12867 = DIRECTION('',(-0.,-1.,0.));
#12868 = FACE_BOUND('',#12869,.F.);
#12869 = EDGE_LOOP('',(#12870));
#12870 = ORIENTED_EDGE('',*,*,#12871,.T.);
#12871 = EDGE_CURVE('',#12872,#12872,#12874,.T.);
#12872 = VERTEX_POINT('',#12873);
#12873 = CARTESIAN_POINT('',(147.955,-118.61,0.));
#12874 = CIRCLE('',#12875,0.5);
#12875 = AXIS2_PLACEMENT_3D('',#12876,#12877,#12878);
#12876 = CARTESIAN_POINT('',(147.955,-118.11,0.));
#12877 = DIRECTION('',(-0.,0.,-1.));
#12878 = DIRECTION('',(-0.,-1.,0.));
#12879 = FACE_BOUND('',#12880,.F.);
#12880 = EDGE_LOOP('',(#12881));
#12881 = ORIENTED_EDGE('',*,*,#12882,.T.);
#12882 = EDGE_CURVE('',#12883,#12883,#12885,.T.);
#12883 = VERTEX_POINT('',#12884);
#12884 = CARTESIAN_POINT('',(150.495,-118.61,0.));
#12885 = CIRCLE('',#12886,0.5);
#12886 = AXIS2_PLACEMENT_3D('',#12887,#12888,#12889);
#12887 = CARTESIAN_POINT('',(150.495,-118.11,0.));
#12888 = DIRECTION('',(-0.,0.,-1.));
#12889 = DIRECTION('',(-0.,-1.,0.));
#12890 = FACE_BOUND('',#12891,.F.);
#12891 = EDGE_LOOP('',(#12892));
#12892 = ORIENTED_EDGE('',*,*,#12893,.T.);
#12893 = EDGE_CURVE('',#12894,#12894,#12896,.T.);
#12894 = VERTEX_POINT('',#12895);
#12895 = CARTESIAN_POINT('',(153.035,-118.61,0.));
#12896 = CIRCLE('',#12897,0.5);
#12897 = AXIS2_PLACEMENT_3D('',#12898,#12899,#12900);
#12898 = CARTESIAN_POINT('',(153.035,-118.11,0.));
#12899 = DIRECTION('',(-0.,0.,-1.));
#12900 = DIRECTION('',(-0.,-1.,0.));
#12901 = FACE_BOUND('',#12902,.F.);
#12902 = EDGE_LOOP('',(#12903));
#12903 = ORIENTED_EDGE('',*,*,#12904,.T.);
#12904 = EDGE_CURVE('',#12905,#12905,#12907,.T.);
#12905 = VERTEX_POINT('',#12906);
#12906 = CARTESIAN_POINT('',(147.955,-116.07,0.));
#12907 = CIRCLE('',#12908,0.5);
#12908 = AXIS2_PLACEMENT_3D('',#12909,#12910,#12911);
#12909 = CARTESIAN_POINT('',(147.955,-115.57,0.));
#12910 = DIRECTION('',(-0.,0.,-1.));
#12911 = DIRECTION('',(-0.,-1.,0.));
#12912 = FACE_BOUND('',#12913,.F.);
#12913 = EDGE_LOOP('',(#12914));
#12914 = ORIENTED_EDGE('',*,*,#12915,.T.);
#12915 = EDGE_CURVE('',#12916,#12916,#12918,.T.);
#12916 = VERTEX_POINT('',#12917);
#12917 = CARTESIAN_POINT('',(150.495,-116.07,0.));
#12918 = CIRCLE('',#12919,0.5);
#12919 = AXIS2_PLACEMENT_3D('',#12920,#12921,#12922);
#12920 = CARTESIAN_POINT('',(150.495,-115.57,0.));
#12921 = DIRECTION('',(-0.,0.,-1.));
#12922 = DIRECTION('',(-0.,-1.,0.));
#12923 = FACE_BOUND('',#12924,.F.);
#12924 = EDGE_LOOP('',(#12925));
#12925 = ORIENTED_EDGE('',*,*,#12926,.T.);
#12926 = EDGE_CURVE('',#12927,#12927,#12929,.T.);
#12927 = VERTEX_POINT('',#12928);
#12928 = CARTESIAN_POINT('',(153.035,-116.07,0.));
#12929 = CIRCLE('',#12930,0.5);
#12930 = AXIS2_PLACEMENT_3D('',#12931,#12932,#12933);
#12931 = CARTESIAN_POINT('',(153.035,-115.57,0.));
#12932 = DIRECTION('',(-0.,0.,-1.));
#12933 = DIRECTION('',(-0.,-1.,0.));
#12934 = FACE_BOUND('',#12935,.F.);
#12935 = EDGE_LOOP('',(#12936));
#12936 = ORIENTED_EDGE('',*,*,#12937,.T.);
#12937 = EDGE_CURVE('',#12938,#12938,#12940,.T.);
#12938 = VERTEX_POINT('',#12939);
#12939 = CARTESIAN_POINT('',(170.25,-123.45,0.));
#12940 = CIRCLE('',#12941,1.1);
#12941 = AXIS2_PLACEMENT_3D('',#12942,#12943,#12944);
#12942 = CARTESIAN_POINT('',(170.25,-122.35,0.));
#12943 = DIRECTION('',(-0.,0.,-1.));
#12944 = DIRECTION('',(-0.,-1.,0.));
#12945 = FACE_BOUND('',#12946,.F.);
#12946 = EDGE_LOOP('',(#12947));
#12947 = ORIENTED_EDGE('',*,*,#12948,.T.);
#12948 = EDGE_CURVE('',#12949,#12949,#12951,.T.);
#12949 = VERTEX_POINT('',#12950);
#12950 = CARTESIAN_POINT('',(155.575,-118.61,0.));
#12951 = CIRCLE('',#12952,0.5);
#12952 = AXIS2_PLACEMENT_3D('',#12953,#12954,#12955);
#12953 = CARTESIAN_POINT('',(155.575,-118.11,0.));
#12954 = DIRECTION('',(-0.,0.,-1.));
#12955 = DIRECTION('',(-0.,-1.,0.));
#12956 = FACE_BOUND('',#12957,.F.);
#12957 = EDGE_LOOP('',(#12958));
#12958 = ORIENTED_EDGE('',*,*,#12959,.T.);
#12959 = EDGE_CURVE('',#12960,#12960,#12962,.T.);
#12960 = VERTEX_POINT('',#12961);
#12961 = CARTESIAN_POINT('',(158.115,-118.61,0.));
#12962 = CIRCLE('',#12963,0.5);
#12963 = AXIS2_PLACEMENT_3D('',#12964,#12965,#12966);
#12964 = CARTESIAN_POINT('',(158.115,-118.11,0.));
#12965 = DIRECTION('',(-0.,0.,-1.));
#12966 = DIRECTION('',(-0.,-1.,0.));
#12967 = FACE_BOUND('',#12968,.F.);
#12968 = EDGE_LOOP('',(#12969));
#12969 = ORIENTED_EDGE('',*,*,#12970,.T.);
#12970 = EDGE_CURVE('',#12971,#12971,#12973,.T.);
#12971 = VERTEX_POINT('',#12972);
#12972 = CARTESIAN_POINT('',(160.655,-118.61,0.));
#12973 = CIRCLE('',#12974,0.5);
#12974 = AXIS2_PLACEMENT_3D('',#12975,#12976,#12977);
#12975 = CARTESIAN_POINT('',(160.655,-118.11,0.));
#12976 = DIRECTION('',(-0.,0.,-1.));
#12977 = DIRECTION('',(-0.,-1.,0.));
#12978 = FACE_BOUND('',#12979,.F.);
#12979 = EDGE_LOOP('',(#12980));
#12980 = ORIENTED_EDGE('',*,*,#12981,.T.);
#12981 = EDGE_CURVE('',#12982,#12982,#12984,.T.);
#12982 = VERTEX_POINT('',#12983);
#12983 = CARTESIAN_POINT('',(155.575,-116.07,0.));
#12984 = CIRCLE('',#12985,0.5);
#12985 = AXIS2_PLACEMENT_3D('',#12986,#12987,#12988);
#12986 = CARTESIAN_POINT('',(155.575,-115.57,0.));
#12987 = DIRECTION('',(-0.,0.,-1.));
#12988 = DIRECTION('',(-0.,-1.,0.));
#12989 = FACE_BOUND('',#12990,.F.);
#12990 = EDGE_LOOP('',(#12991));
#12991 = ORIENTED_EDGE('',*,*,#12992,.T.);
#12992 = EDGE_CURVE('',#12993,#12993,#12995,.T.);
#12993 = VERTEX_POINT('',#12994);
#12994 = CARTESIAN_POINT('',(158.115,-116.07,0.));
#12995 = CIRCLE('',#12996,0.5);
#12996 = AXIS2_PLACEMENT_3D('',#12997,#12998,#12999);
#12997 = CARTESIAN_POINT('',(158.115,-115.57,0.));
#12998 = DIRECTION('',(-0.,0.,-1.));
#12999 = DIRECTION('',(-0.,-1.,0.));
#13000 = FACE_BOUND('',#13001,.F.);
#13001 = EDGE_LOOP('',(#13002));
#13002 = ORIENTED_EDGE('',*,*,#13003,.T.);
#13003 = EDGE_CURVE('',#13004,#13004,#13006,.T.);
#13004 = VERTEX_POINT('',#13005);
#13005 = CARTESIAN_POINT('',(160.655,-116.07,0.));
#13006 = CIRCLE('',#13007,0.5);
#13007 = AXIS2_PLACEMENT_3D('',#13008,#13009,#13010);
#13008 = CARTESIAN_POINT('',(160.655,-115.57,0.));
#13009 = DIRECTION('',(-0.,0.,-1.));
#13010 = DIRECTION('',(-0.,-1.,0.));
#13011 = FACE_BOUND('',#13012,.F.);
#13012 = EDGE_LOOP('',(#13013));
#13013 = ORIENTED_EDGE('',*,*,#13014,.T.);
#13014 = EDGE_CURVE('',#13015,#13015,#13017,.T.);
#13015 = VERTEX_POINT('',#13016);
#13016 = CARTESIAN_POINT('',(163.195,-118.61,0.));
#13017 = CIRCLE('',#13018,0.5);
#13018 = AXIS2_PLACEMENT_3D('',#13019,#13020,#13021);
#13019 = CARTESIAN_POINT('',(163.195,-118.11,0.));
#13020 = DIRECTION('',(-0.,0.,-1.));
#13021 = DIRECTION('',(-0.,-1.,0.));
#13022 = FACE_BOUND('',#13023,.F.);
#13023 = EDGE_LOOP('',(#13024));
#13024 = ORIENTED_EDGE('',*,*,#13025,.T.);
#13025 = EDGE_CURVE('',#13026,#13026,#13028,.T.);
#13026 = VERTEX_POINT('',#13027);
#13027 = CARTESIAN_POINT('',(165.735,-118.61,0.));
#13028 = CIRCLE('',#13029,0.5);
#13029 = AXIS2_PLACEMENT_3D('',#13030,#13031,#13032);
#13030 = CARTESIAN_POINT('',(165.735,-118.11,0.));
#13031 = DIRECTION('',(-0.,0.,-1.));
#13032 = DIRECTION('',(-0.,-1.,0.));
#13033 = FACE_BOUND('',#13034,.F.);
#13034 = EDGE_LOOP('',(#13035));
#13035 = ORIENTED_EDGE('',*,*,#13036,.T.);
#13036 = EDGE_CURVE('',#13037,#13037,#13039,.T.);
#13037 = VERTEX_POINT('',#13038);
#13038 = CARTESIAN_POINT('',(163.195,-116.07,0.));
#13039 = CIRCLE('',#13040,0.5);
#13040 = AXIS2_PLACEMENT_3D('',#13041,#13042,#13043);
#13041 = CARTESIAN_POINT('',(163.195,-115.57,0.));
#13042 = DIRECTION('',(-0.,0.,-1.));
#13043 = DIRECTION('',(-0.,-1.,0.));
#13044 = FACE_BOUND('',#13045,.F.);
#13045 = EDGE_LOOP('',(#13046));
#13046 = ORIENTED_EDGE('',*,*,#13047,.T.);
#13047 = EDGE_CURVE('',#13048,#13048,#13050,.T.);
#13048 = VERTEX_POINT('',#13049);
#13049 = CARTESIAN_POINT('',(165.735,-116.07,0.));
#13050 = CIRCLE('',#13051,0.5);
#13051 = AXIS2_PLACEMENT_3D('',#13052,#13053,#13054);
#13052 = CARTESIAN_POINT('',(165.735,-115.57,0.));
#13053 = DIRECTION('',(-0.,0.,-1.));
#13054 = DIRECTION('',(-0.,-1.,0.));
#13055 = PLANE('',#13056);
#13056 = AXIS2_PLACEMENT_3D('',#13057,#13058,#13059);
#13057 = CARTESIAN_POINT('',(0.,0.,0.));
#13058 = DIRECTION('',(0.,0.,1.));
#13059 = DIRECTION('',(1.,0.,-0.));
#13060 = ADVANCED_FACE('',(#13061,#13155,#13166,#13177,#13188,#13199,
    #13210,#13221,#13232,#13243,#13254,#13265,#13276,#13287,#13298,
    #13309,#13320,#13331,#13342,#13353,#13364,#13375,#13386,#13397,
    #13408,#13419,#13430),#13441,.T.);
#13061 = FACE_BOUND('',#13062,.T.);
#13062 = EDGE_LOOP('',(#13063,#13064,#13065,#13074,#13082,#13090,#13098,
    #13107,#13115,#13123,#13131,#13140,#13148,#13154));
#13063 = ORIENTED_EDGE('',*,*,#12584,.F.);
#13064 = ORIENTED_EDGE('',*,*,#12626,.F.);
#13065 = ORIENTED_EDGE('',*,*,#13066,.F.);
#13066 = EDGE_CURVE('',#13067,#12619,#13069,.T.);
#13067 = VERTEX_POINT('',#13068);
#13068 = CARTESIAN_POINT('',(140.208,-114.808,1.51));
#13069 = CIRCLE('',#13070,1.523999093624);
#13070 = AXIS2_PLACEMENT_3D('',#13071,#13072,#13073);
#13071 = CARTESIAN_POINT('',(141.73199909362,-114.8079990936,1.51));
#13072 = DIRECTION('',(0.,0.,-1.));
#13073 = DIRECTION('',(-1.,-5.947355614235E-07,-0.));
#13074 = ORIENTED_EDGE('',*,*,#13075,.F.);
#13075 = EDGE_CURVE('',#13076,#13067,#13078,.T.);
#13076 = VERTEX_POINT('',#13077);
#13077 = CARTESIAN_POINT('',(134.875,-119.325,1.51));
#13078 = LINE('',#13079,#13080);
#13079 = CARTESIAN_POINT('',(134.875,-119.325,1.51));
#13080 = VECTOR('',#13081,1.);
#13081 = DIRECTION('',(0.763071408091,0.646314185327,0.));
#13082 = ORIENTED_EDGE('',*,*,#13083,.F.);
#13083 = EDGE_CURVE('',#13084,#13076,#13086,.T.);
#13084 = VERTEX_POINT('',#13085);
#13085 = CARTESIAN_POINT('',(134.875,-125.85,1.51));
#13086 = LINE('',#13087,#13088);
#13087 = CARTESIAN_POINT('',(134.875,-125.85,1.51));
#13088 = VECTOR('',#13089,1.);
#13089 = DIRECTION('',(0.,1.,0.));
#13090 = ORIENTED_EDGE('',*,*,#13091,.F.);
#13091 = EDGE_CURVE('',#13092,#13084,#13094,.T.);
#13092 = VERTEX_POINT('',#13093);
#13093 = CARTESIAN_POINT('',(140.208,-130.048,1.51));
#13094 = LINE('',#13095,#13096);
#13095 = CARTESIAN_POINT('',(140.208,-130.048,1.51));
#13096 = VECTOR('',#13097,1.);
#13097 = DIRECTION('',(-0.785760732258,0.61853057454,0.));
#13098 = ORIENTED_EDGE('',*,*,#13099,.F.);
#13099 = EDGE_CURVE('',#13100,#13092,#13102,.T.);
#13100 = VERTEX_POINT('',#13101);
#13101 = CARTESIAN_POINT('',(141.224,-131.064,1.51));
#13102 = CIRCLE('',#13103,1.016001671896);
#13103 = AXIS2_PLACEMENT_3D('',#13104,#13105,#13106);
#13104 = CARTESIAN_POINT('',(141.22400167189,-130.0479983281,1.51));
#13105 = DIRECTION('',(0.,0.,-1.));
#13106 = DIRECTION('',(-1.645562543983E-06,-0.999999999999,-0.));
#13107 = ORIENTED_EDGE('',*,*,#13108,.F.);
#13108 = EDGE_CURVE('',#13109,#13100,#13111,.T.);
#13109 = VERTEX_POINT('',#13110);
#13110 = CARTESIAN_POINT('',(142.494,-131.064,1.51));
#13111 = LINE('',#13112,#13113);
#13112 = CARTESIAN_POINT('',(142.494,-131.064,1.51));
#13113 = VECTOR('',#13114,1.);
#13114 = DIRECTION('',(-1.,0.,0.));
#13115 = ORIENTED_EDGE('',*,*,#13116,.F.);
#13116 = EDGE_CURVE('',#13117,#13109,#13119,.T.);
#13117 = VERTEX_POINT('',#13118);
#13118 = CARTESIAN_POINT('',(146.812,-131.064,1.51));
#13119 = LINE('',#13120,#13121);
#13120 = CARTESIAN_POINT('',(146.812,-131.064,1.51));
#13121 = VECTOR('',#13122,1.);
#13122 = DIRECTION('',(-1.,0.,0.));
#13123 = ORIENTED_EDGE('',*,*,#13124,.F.);
#13124 = EDGE_CURVE('',#13125,#13117,#13127,.T.);
#13125 = VERTEX_POINT('',#13126);
#13126 = CARTESIAN_POINT('',(167.132,-131.064,1.51));
#13127 = LINE('',#13128,#13129);
#13128 = CARTESIAN_POINT('',(167.132,-131.064,1.51));
#13129 = VECTOR('',#13130,1.);
#13130 = DIRECTION('',(-1.,0.,0.));
#13131 = ORIENTED_EDGE('',*,*,#13132,.F.);
#13132 = EDGE_CURVE('',#13133,#13125,#13135,.T.);
#13133 = VERTEX_POINT('',#13134);
#13134 = CARTESIAN_POINT('',(168.148,-130.048,1.51));
#13135 = CIRCLE('',#13136,1.016001671896);
#13136 = AXIS2_PLACEMENT_3D('',#13137,#13138,#13139);
#13137 = CARTESIAN_POINT('',(167.1319983281,-130.0479983281,1.51));
#13138 = DIRECTION('',(0.,0.,-1.));
#13139 = DIRECTION('',(0.999999999999,-1.645562488035E-06,0.));
#13140 = ORIENTED_EDGE('',*,*,#13141,.F.);
#13141 = EDGE_CURVE('',#13142,#13133,#13144,.T.);
#13142 = VERTEX_POINT('',#13143);
#13143 = CARTESIAN_POINT('',(173.5665,-125.024,1.51));
#13144 = LINE('',#13145,#13146);
#13145 = CARTESIAN_POINT('',(173.5665,-125.024,1.51));
#13146 = VECTOR('',#13147,1.);
#13147 = DIRECTION('',(-0.733296985813,-0.67990847222,0.));
#13148 = ORIENTED_EDGE('',*,*,#13149,.F.);
#13149 = EDGE_CURVE('',#12649,#13142,#13150,.T.);
#13150 = LINE('',#13151,#13152);
#13151 = CARTESIAN_POINT('',(173.5665,-118.499,1.51));
#13152 = VECTOR('',#13153,1.);
#13153 = DIRECTION('',(0.,-1.,0.));
#13154 = ORIENTED_EDGE('',*,*,#12648,.F.);
#13155 = FACE_BOUND('',#13156,.T.);
#13156 = EDGE_LOOP('',(#13157));
#13157 = ORIENTED_EDGE('',*,*,#13158,.T.);
#13158 = EDGE_CURVE('',#13159,#13159,#13161,.T.);
#13159 = VERTEX_POINT('',#13160);
#13160 = CARTESIAN_POINT('',(147.6248,-130.2766,1.51));
#13161 = CIRCLE('',#13162,0.508);
#13162 = AXIS2_PLACEMENT_3D('',#13163,#13164,#13165);
#13163 = CARTESIAN_POINT('',(147.6248,-129.7686,1.51));
#13164 = DIRECTION('',(-0.,0.,-1.));
#13165 = DIRECTION('',(-0.,-1.,0.));
#13166 = FACE_BOUND('',#13167,.T.);
#13167 = EDGE_LOOP('',(#13168));
#13168 = ORIENTED_EDGE('',*,*,#13169,.T.);
#13169 = EDGE_CURVE('',#13170,#13170,#13172,.T.);
#13170 = VERTEX_POINT('',#13171);
#13171 = CARTESIAN_POINT('',(147.6248,-125.7554,1.51));
#13172 = CIRCLE('',#13173,0.508);
#13173 = AXIS2_PLACEMENT_3D('',#13174,#13175,#13176);
#13174 = CARTESIAN_POINT('',(147.6248,-125.2474,1.51));
#13175 = DIRECTION('',(-0.,0.,-1.));
#13176 = DIRECTION('',(-0.,-1.,0.));
#13177 = FACE_BOUND('',#13178,.T.);
#13178 = EDGE_LOOP('',(#13179));
#13179 = ORIENTED_EDGE('',*,*,#13180,.T.);
#13180 = EDGE_CURVE('',#13181,#13181,#13183,.T.);
#13181 = VERTEX_POINT('',#13182);
#13182 = CARTESIAN_POINT('',(154.1272,-130.2766,1.51));
#13183 = CIRCLE('',#13184,0.508);
#13184 = AXIS2_PLACEMENT_3D('',#13185,#13186,#13187);
#13185 = CARTESIAN_POINT('',(154.1272,-129.7686,1.51));
#13186 = DIRECTION('',(-0.,0.,-1.));
#13187 = DIRECTION('',(-5.594824691025E-14,-1.,0.));
#13188 = FACE_BOUND('',#13189,.T.);
#13189 = EDGE_LOOP('',(#13190));
#13190 = ORIENTED_EDGE('',*,*,#13191,.T.);
#13191 = EDGE_CURVE('',#13192,#13192,#13194,.T.);
#13192 = VERTEX_POINT('',#13193);
#13193 = CARTESIAN_POINT('',(157.988,-129.532,1.51));
#13194 = CIRCLE('',#13195,0.5);
#13195 = AXIS2_PLACEMENT_3D('',#13196,#13197,#13198);
#13196 = CARTESIAN_POINT('',(157.988,-129.032,1.51));
#13197 = DIRECTION('',(-0.,0.,-1.));
#13198 = DIRECTION('',(-0.,-1.,0.));
#13199 = FACE_BOUND('',#13200,.T.);
#13200 = EDGE_LOOP('',(#13201));
#13201 = ORIENTED_EDGE('',*,*,#13202,.T.);
#13202 = EDGE_CURVE('',#13203,#13203,#13205,.T.);
#13203 = VERTEX_POINT('',#13204);
#13204 = CARTESIAN_POINT('',(160.528,-129.532,1.51));
#13205 = CIRCLE('',#13206,0.5);
#13206 = AXIS2_PLACEMENT_3D('',#13207,#13208,#13209);
#13207 = CARTESIAN_POINT('',(160.528,-129.032,1.51));
#13208 = DIRECTION('',(-0.,0.,-1.));
#13209 = DIRECTION('',(-0.,-1.,0.));
#13210 = FACE_BOUND('',#13211,.T.);
#13211 = EDGE_LOOP('',(#13212));
#13212 = ORIENTED_EDGE('',*,*,#13213,.T.);
#13213 = EDGE_CURVE('',#13214,#13214,#13216,.T.);
#13214 = VERTEX_POINT('',#13215);
#13215 = CARTESIAN_POINT('',(163.068,-129.532,1.51));
#13216 = CIRCLE('',#13217,0.5);
#13217 = AXIS2_PLACEMENT_3D('',#13218,#13219,#13220);
#13218 = CARTESIAN_POINT('',(163.068,-129.032,1.51));
#13219 = DIRECTION('',(-0.,0.,-1.));
#13220 = DIRECTION('',(-0.,-1.,0.));
#13221 = FACE_BOUND('',#13222,.T.);
#13222 = EDGE_LOOP('',(#13223));
#13223 = ORIENTED_EDGE('',*,*,#13224,.T.);
#13224 = EDGE_CURVE('',#13225,#13225,#13227,.T.);
#13225 = VERTEX_POINT('',#13226);
#13226 = CARTESIAN_POINT('',(165.608,-129.532,1.51));
#13227 = CIRCLE('',#13228,0.5);
#13228 = AXIS2_PLACEMENT_3D('',#13229,#13230,#13231);
#13229 = CARTESIAN_POINT('',(165.608,-129.032,1.51));
#13230 = DIRECTION('',(-0.,0.,-1.));
#13231 = DIRECTION('',(-0.,-1.,0.));
#13232 = FACE_BOUND('',#13233,.T.);
#13233 = EDGE_LOOP('',(#13234));
#13234 = ORIENTED_EDGE('',*,*,#13235,.T.);
#13235 = EDGE_CURVE('',#13236,#13236,#13238,.T.);
#13236 = VERTEX_POINT('',#13237);
#13237 = CARTESIAN_POINT('',(154.1272,-125.7554,1.51));
#13238 = CIRCLE('',#13239,0.508);
#13239 = AXIS2_PLACEMENT_3D('',#13240,#13241,#13242);
#13240 = CARTESIAN_POINT('',(154.1272,-125.2474,1.51));
#13241 = DIRECTION('',(-0.,0.,-1.));
#13242 = DIRECTION('',(-5.594824691025E-14,-1.,0.));
#13243 = FACE_BOUND('',#13244,.T.);
#13244 = EDGE_LOOP('',(#13245));
#13245 = ORIENTED_EDGE('',*,*,#13246,.T.);
#13246 = EDGE_CURVE('',#13247,#13247,#13249,.T.);
#13247 = VERTEX_POINT('',#13248);
#13248 = CARTESIAN_POINT('',(137.975,-123.475,1.51));
#13249 = CIRCLE('',#13250,1.1);
#13250 = AXIS2_PLACEMENT_3D('',#13251,#13252,#13253);
#13251 = CARTESIAN_POINT('',(137.975,-122.375,1.51));
#13252 = DIRECTION('',(-0.,0.,-1.));
#13253 = DIRECTION('',(-0.,-1.,0.));
#13254 = FACE_BOUND('',#13255,.T.);
#13255 = EDGE_LOOP('',(#13256));
#13256 = ORIENTED_EDGE('',*,*,#13257,.T.);
#13257 = EDGE_CURVE('',#13258,#13258,#13260,.T.);
#13258 = VERTEX_POINT('',#13259);
#13259 = CARTESIAN_POINT('',(147.955,-118.61,1.51));
#13260 = CIRCLE('',#13261,0.5);
#13261 = AXIS2_PLACEMENT_3D('',#13262,#13263,#13264);
#13262 = CARTESIAN_POINT('',(147.955,-118.11,1.51));
#13263 = DIRECTION('',(-0.,0.,-1.));
#13264 = DIRECTION('',(-0.,-1.,0.));
#13265 = FACE_BOUND('',#13266,.T.);
#13266 = EDGE_LOOP('',(#13267));
#13267 = ORIENTED_EDGE('',*,*,#13268,.T.);
#13268 = EDGE_CURVE('',#13269,#13269,#13271,.T.);
#13269 = VERTEX_POINT('',#13270);
#13270 = CARTESIAN_POINT('',(150.495,-118.61,1.51));
#13271 = CIRCLE('',#13272,0.5);
#13272 = AXIS2_PLACEMENT_3D('',#13273,#13274,#13275);
#13273 = CARTESIAN_POINT('',(150.495,-118.11,1.51));
#13274 = DIRECTION('',(-0.,0.,-1.));
#13275 = DIRECTION('',(-0.,-1.,0.));
#13276 = FACE_BOUND('',#13277,.T.);
#13277 = EDGE_LOOP('',(#13278));
#13278 = ORIENTED_EDGE('',*,*,#13279,.T.);
#13279 = EDGE_CURVE('',#13280,#13280,#13282,.T.);
#13280 = VERTEX_POINT('',#13281);
#13281 = CARTESIAN_POINT('',(153.035,-118.61,1.51));
#13282 = CIRCLE('',#13283,0.5);
#13283 = AXIS2_PLACEMENT_3D('',#13284,#13285,#13286);
#13284 = CARTESIAN_POINT('',(153.035,-118.11,1.51));
#13285 = DIRECTION('',(-0.,0.,-1.));
#13286 = DIRECTION('',(-0.,-1.,0.));
#13287 = FACE_BOUND('',#13288,.T.);
#13288 = EDGE_LOOP('',(#13289));
#13289 = ORIENTED_EDGE('',*,*,#13290,.T.);
#13290 = EDGE_CURVE('',#13291,#13291,#13293,.T.);
#13291 = VERTEX_POINT('',#13292);
#13292 = CARTESIAN_POINT('',(147.955,-116.07,1.51));
#13293 = CIRCLE('',#13294,0.5);
#13294 = AXIS2_PLACEMENT_3D('',#13295,#13296,#13297);
#13295 = CARTESIAN_POINT('',(147.955,-115.57,1.51));
#13296 = DIRECTION('',(-0.,0.,-1.));
#13297 = DIRECTION('',(-0.,-1.,0.));
#13298 = FACE_BOUND('',#13299,.T.);
#13299 = EDGE_LOOP('',(#13300));
#13300 = ORIENTED_EDGE('',*,*,#13301,.T.);
#13301 = EDGE_CURVE('',#13302,#13302,#13304,.T.);
#13302 = VERTEX_POINT('',#13303);
#13303 = CARTESIAN_POINT('',(150.495,-116.07,1.51));
#13304 = CIRCLE('',#13305,0.5);
#13305 = AXIS2_PLACEMENT_3D('',#13306,#13307,#13308);
#13306 = CARTESIAN_POINT('',(150.495,-115.57,1.51));
#13307 = DIRECTION('',(-0.,0.,-1.));
#13308 = DIRECTION('',(-0.,-1.,0.));
#13309 = FACE_BOUND('',#13310,.T.);
#13310 = EDGE_LOOP('',(#13311));
#13311 = ORIENTED_EDGE('',*,*,#13312,.T.);
#13312 = EDGE_CURVE('',#13313,#13313,#13315,.T.);
#13313 = VERTEX_POINT('',#13314);
#13314 = CARTESIAN_POINT('',(153.035,-116.07,1.51));
#13315 = CIRCLE('',#13316,0.5);
#13316 = AXIS2_PLACEMENT_3D('',#13317,#13318,#13319);
#13317 = CARTESIAN_POINT('',(153.035,-115.57,1.51));
#13318 = DIRECTION('',(-0.,0.,-1.));
#13319 = DIRECTION('',(-0.,-1.,0.));
#13320 = FACE_BOUND('',#13321,.T.);
#13321 = EDGE_LOOP('',(#13322));
#13322 = ORIENTED_EDGE('',*,*,#13323,.T.);
#13323 = EDGE_CURVE('',#13324,#13324,#13326,.T.);
#13324 = VERTEX_POINT('',#13325);
#13325 = CARTESIAN_POINT('',(170.25,-123.45,1.51));
#13326 = CIRCLE('',#13327,1.1);
#13327 = AXIS2_PLACEMENT_3D('',#13328,#13329,#13330);
#13328 = CARTESIAN_POINT('',(170.25,-122.35,1.51));
#13329 = DIRECTION('',(-0.,0.,-1.));
#13330 = DIRECTION('',(-0.,-1.,0.));
#13331 = FACE_BOUND('',#13332,.T.);
#13332 = EDGE_LOOP('',(#13333));
#13333 = ORIENTED_EDGE('',*,*,#13334,.T.);
#13334 = EDGE_CURVE('',#13335,#13335,#13337,.T.);
#13335 = VERTEX_POINT('',#13336);
#13336 = CARTESIAN_POINT('',(155.575,-118.61,1.51));
#13337 = CIRCLE('',#13338,0.5);
#13338 = AXIS2_PLACEMENT_3D('',#13339,#13340,#13341);
#13339 = CARTESIAN_POINT('',(155.575,-118.11,1.51));
#13340 = DIRECTION('',(-0.,0.,-1.));
#13341 = DIRECTION('',(-0.,-1.,0.));
#13342 = FACE_BOUND('',#13343,.T.);
#13343 = EDGE_LOOP('',(#13344));
#13344 = ORIENTED_EDGE('',*,*,#13345,.T.);
#13345 = EDGE_CURVE('',#13346,#13346,#13348,.T.);
#13346 = VERTEX_POINT('',#13347);
#13347 = CARTESIAN_POINT('',(158.115,-118.61,1.51));
#13348 = CIRCLE('',#13349,0.5);
#13349 = AXIS2_PLACEMENT_3D('',#13350,#13351,#13352);
#13350 = CARTESIAN_POINT('',(158.115,-118.11,1.51));
#13351 = DIRECTION('',(-0.,0.,-1.));
#13352 = DIRECTION('',(-0.,-1.,0.));
#13353 = FACE_BOUND('',#13354,.T.);
#13354 = EDGE_LOOP('',(#13355));
#13355 = ORIENTED_EDGE('',*,*,#13356,.T.);
#13356 = EDGE_CURVE('',#13357,#13357,#13359,.T.);
#13357 = VERTEX_POINT('',#13358);
#13358 = CARTESIAN_POINT('',(160.655,-118.61,1.51));
#13359 = CIRCLE('',#13360,0.5);
#13360 = AXIS2_PLACEMENT_3D('',#13361,#13362,#13363);
#13361 = CARTESIAN_POINT('',(160.655,-118.11,1.51));
#13362 = DIRECTION('',(-0.,0.,-1.));
#13363 = DIRECTION('',(-0.,-1.,0.));
#13364 = FACE_BOUND('',#13365,.T.);
#13365 = EDGE_LOOP('',(#13366));
#13366 = ORIENTED_EDGE('',*,*,#13367,.T.);
#13367 = EDGE_CURVE('',#13368,#13368,#13370,.T.);
#13368 = VERTEX_POINT('',#13369);
#13369 = CARTESIAN_POINT('',(155.575,-116.07,1.51));
#13370 = CIRCLE('',#13371,0.5);
#13371 = AXIS2_PLACEMENT_3D('',#13372,#13373,#13374);
#13372 = CARTESIAN_POINT('',(155.575,-115.57,1.51));
#13373 = DIRECTION('',(-0.,0.,-1.));
#13374 = DIRECTION('',(-0.,-1.,0.));
#13375 = FACE_BOUND('',#13376,.T.);
#13376 = EDGE_LOOP('',(#13377));
#13377 = ORIENTED_EDGE('',*,*,#13378,.T.);
#13378 = EDGE_CURVE('',#13379,#13379,#13381,.T.);
#13379 = VERTEX_POINT('',#13380);
#13380 = CARTESIAN_POINT('',(158.115,-116.07,1.51));
#13381 = CIRCLE('',#13382,0.5);
#13382 = AXIS2_PLACEMENT_3D('',#13383,#13384,#13385);
#13383 = CARTESIAN_POINT('',(158.115,-115.57,1.51));
#13384 = DIRECTION('',(-0.,0.,-1.));
#13385 = DIRECTION('',(-0.,-1.,0.));
#13386 = FACE_BOUND('',#13387,.T.);
#13387 = EDGE_LOOP('',(#13388));
#13388 = ORIENTED_EDGE('',*,*,#13389,.T.);
#13389 = EDGE_CURVE('',#13390,#13390,#13392,.T.);
#13390 = VERTEX_POINT('',#13391);
#13391 = CARTESIAN_POINT('',(160.655,-116.07,1.51));
#13392 = CIRCLE('',#13393,0.5);
#13393 = AXIS2_PLACEMENT_3D('',#13394,#13395,#13396);
#13394 = CARTESIAN_POINT('',(160.655,-115.57,1.51));
#13395 = DIRECTION('',(-0.,0.,-1.));
#13396 = DIRECTION('',(-0.,-1.,0.));
#13397 = FACE_BOUND('',#13398,.T.);
#13398 = EDGE_LOOP('',(#13399));
#13399 = ORIENTED_EDGE('',*,*,#13400,.T.);
#13400 = EDGE_CURVE('',#13401,#13401,#13403,.T.);
#13401 = VERTEX_POINT('',#13402);
#13402 = CARTESIAN_POINT('',(163.195,-118.61,1.51));
#13403 = CIRCLE('',#13404,0.5);
#13404 = AXIS2_PLACEMENT_3D('',#13405,#13406,#13407);
#13405 = CARTESIAN_POINT('',(163.195,-118.11,1.51));
#13406 = DIRECTION('',(-0.,0.,-1.));
#13407 = DIRECTION('',(-0.,-1.,0.));
#13408 = FACE_BOUND('',#13409,.T.);
#13409 = EDGE_LOOP('',(#13410));
#13410 = ORIENTED_EDGE('',*,*,#13411,.T.);
#13411 = EDGE_CURVE('',#13412,#13412,#13414,.T.);
#13412 = VERTEX_POINT('',#13413);
#13413 = CARTESIAN_POINT('',(165.735,-118.61,1.51));
#13414 = CIRCLE('',#13415,0.5);
#13415 = AXIS2_PLACEMENT_3D('',#13416,#13417,#13418);
#13416 = CARTESIAN_POINT('',(165.735,-118.11,1.51));
#13417 = DIRECTION('',(-0.,0.,-1.));
#13418 = DIRECTION('',(-0.,-1.,0.));
#13419 = FACE_BOUND('',#13420,.T.);
#13420 = EDGE_LOOP('',(#13421));
#13421 = ORIENTED_EDGE('',*,*,#13422,.T.);
#13422 = EDGE_CURVE('',#13423,#13423,#13425,.T.);
#13423 = VERTEX_POINT('',#13424);
#13424 = CARTESIAN_POINT('',(163.195,-116.07,1.51));
#13425 = CIRCLE('',#13426,0.5);
#13426 = AXIS2_PLACEMENT_3D('',#13427,#13428,#13429);
#13427 = CARTESIAN_POINT('',(163.195,-115.57,1.51));
#13428 = DIRECTION('',(-0.,0.,-1.));
#13429 = DIRECTION('',(-0.,-1.,0.));
#13430 = FACE_BOUND('',#13431,.T.);
#13431 = EDGE_LOOP('',(#13432));
#13432 = ORIENTED_EDGE('',*,*,#13433,.T.);
#13433 = EDGE_CURVE('',#13434,#13434,#13436,.T.);
#13434 = VERTEX_POINT('',#13435);
#13435 = CARTESIAN_POINT('',(165.735,-116.07,1.51));
#13436 = CIRCLE('',#13437,0.5);
#13437 = AXIS2_PLACEMENT_3D('',#13438,#13439,#13440);
#13438 = CARTESIAN_POINT('',(165.735,-115.57,1.51));
#13439 = DIRECTION('',(-0.,0.,-1.));
#13440 = DIRECTION('',(-0.,-1.,0.));
#13441 = PLANE('',#13442);
#13442 = AXIS2_PLACEMENT_3D('',#13443,#13444,#13445);
#13443 = CARTESIAN_POINT('',(0.,0.,1.51));
#13444 = DIRECTION('',(0.,0.,1.));
#13445 = DIRECTION('',(1.,0.,-0.));
#13446 = ADVANCED_FACE('',(#13447),#13458,.T.);
#13447 = FACE_BOUND('',#13448,.T.);
#13448 = EDGE_LOOP('',(#13449,#13455,#13456,#13457));
#13449 = ORIENTED_EDGE('',*,*,#13450,.T.);
#13450 = EDGE_CURVE('',#12681,#13067,#13451,.T.);
#13451 = LINE('',#13452,#13453);
#13452 = CARTESIAN_POINT('',(140.208,-114.808,0.));
#13453 = VECTOR('',#13454,1.);
#13454 = DIRECTION('',(0.,0.,1.));
#13455 = ORIENTED_EDGE('',*,*,#13066,.T.);
#13456 = ORIENTED_EDGE('',*,*,#12616,.F.);
#13457 = ORIENTED_EDGE('',*,*,#12680,.F.);
#13458 = CYLINDRICAL_SURFACE('',#13459,1.523999093624);
#13459 = AXIS2_PLACEMENT_3D('',#13460,#13461,#13462);
#13460 = CARTESIAN_POINT('',(141.73199909362,-114.8079990936,0.));
#13461 = DIRECTION('',(0.,0.,-1.));
#13462 = DIRECTION('',(-1.,-5.947355614235E-07,-0.));
#13463 = ADVANCED_FACE('',(#13464),#13475,.T.);
#13464 = FACE_BOUND('',#13465,.T.);
#13465 = EDGE_LOOP('',(#13466,#13467,#13468,#13474));
#13466 = ORIENTED_EDGE('',*,*,#12656,.T.);
#13467 = ORIENTED_EDGE('',*,*,#13149,.T.);
#13468 = ORIENTED_EDGE('',*,*,#13469,.F.);
#13469 = EDGE_CURVE('',#12756,#13142,#13470,.T.);
#13470 = LINE('',#13471,#13472);
#13471 = CARTESIAN_POINT('',(173.5665,-125.024,0.));
#13472 = VECTOR('',#13473,1.);
#13473 = DIRECTION('',(0.,0.,1.));
#13474 = ORIENTED_EDGE('',*,*,#12763,.F.);
#13475 = PLANE('',#13476);
#13476 = AXIS2_PLACEMENT_3D('',#13477,#13478,#13479);
#13477 = CARTESIAN_POINT('',(173.5665,-118.499,0.));
#13478 = DIRECTION('',(1.,0.,-0.));
#13479 = DIRECTION('',(0.,-1.,0.));
#13480 = ADVANCED_FACE('',(#13481),#13492,.T.);
#13481 = FACE_BOUND('',#13482,.T.);
#13482 = EDGE_LOOP('',(#13483,#13489,#13490,#13491));
#13483 = ORIENTED_EDGE('',*,*,#13484,.T.);
#13484 = EDGE_CURVE('',#12690,#13076,#13485,.T.);
#13485 = LINE('',#13486,#13487);
#13486 = CARTESIAN_POINT('',(134.875,-119.325,0.));
#13487 = VECTOR('',#13488,1.);
#13488 = DIRECTION('',(0.,0.,1.));
#13489 = ORIENTED_EDGE('',*,*,#13075,.T.);
#13490 = ORIENTED_EDGE('',*,*,#13450,.F.);
#13491 = ORIENTED_EDGE('',*,*,#12689,.F.);
#13492 = PLANE('',#13493);
#13493 = AXIS2_PLACEMENT_3D('',#13494,#13495,#13496);
#13494 = CARTESIAN_POINT('',(134.875,-119.325,0.));
#13495 = DIRECTION('',(-0.646314185327,0.763071408091,0.));
#13496 = DIRECTION('',(0.763071408091,0.646314185327,0.));
#13497 = ADVANCED_FACE('',(#13498),#13509,.T.);
#13498 = FACE_BOUND('',#13499,.T.);
#13499 = EDGE_LOOP('',(#13500,#13501,#13502,#13508));
#13500 = ORIENTED_EDGE('',*,*,#13469,.T.);
#13501 = ORIENTED_EDGE('',*,*,#13141,.T.);
#13502 = ORIENTED_EDGE('',*,*,#13503,.F.);
#13503 = EDGE_CURVE('',#12747,#13133,#13504,.T.);
#13504 = LINE('',#13505,#13506);
#13505 = CARTESIAN_POINT('',(168.148,-130.048,0.));
#13506 = VECTOR('',#13507,1.);
#13507 = DIRECTION('',(0.,0.,1.));
#13508 = ORIENTED_EDGE('',*,*,#12755,.F.);
#13509 = PLANE('',#13510);
#13510 = AXIS2_PLACEMENT_3D('',#13511,#13512,#13513);
#13511 = CARTESIAN_POINT('',(173.5665,-125.024,0.));
#13512 = DIRECTION('',(0.67990847222,-0.733296985813,0.));
#13513 = DIRECTION('',(-0.733296985813,-0.67990847222,0.));
#13514 = ADVANCED_FACE('',(#13515),#13526,.T.);
#13515 = FACE_BOUND('',#13516,.T.);
#13516 = EDGE_LOOP('',(#13517,#13523,#13524,#13525));
#13517 = ORIENTED_EDGE('',*,*,#13518,.T.);
#13518 = EDGE_CURVE('',#12698,#13084,#13519,.T.);
#13519 = LINE('',#13520,#13521);
#13520 = CARTESIAN_POINT('',(134.875,-125.85,0.));
#13521 = VECTOR('',#13522,1.);
#13522 = DIRECTION('',(0.,0.,1.));
#13523 = ORIENTED_EDGE('',*,*,#13083,.T.);
#13524 = ORIENTED_EDGE('',*,*,#13484,.F.);
#13525 = ORIENTED_EDGE('',*,*,#12697,.F.);
#13526 = PLANE('',#13527);
#13527 = AXIS2_PLACEMENT_3D('',#13528,#13529,#13530);
#13528 = CARTESIAN_POINT('',(134.875,-125.85,0.));
#13529 = DIRECTION('',(-1.,0.,0.));
#13530 = DIRECTION('',(0.,1.,0.));
#13531 = ADVANCED_FACE('',(#13532),#13543,.T.);
#13532 = FACE_BOUND('',#13533,.T.);
#13533 = EDGE_LOOP('',(#13534,#13535,#13536,#13542));
#13534 = ORIENTED_EDGE('',*,*,#13503,.T.);
#13535 = ORIENTED_EDGE('',*,*,#13132,.T.);
#13536 = ORIENTED_EDGE('',*,*,#13537,.F.);
#13537 = EDGE_CURVE('',#12739,#13125,#13538,.T.);
#13538 = LINE('',#13539,#13540);
#13539 = CARTESIAN_POINT('',(167.132,-131.064,0.));
#13540 = VECTOR('',#13541,1.);
#13541 = DIRECTION('',(0.,0.,1.));
#13542 = ORIENTED_EDGE('',*,*,#12746,.F.);
#13543 = CYLINDRICAL_SURFACE('',#13544,1.016001671896);
#13544 = AXIS2_PLACEMENT_3D('',#13545,#13546,#13547);
#13545 = CARTESIAN_POINT('',(167.1319983281,-130.0479983281,0.));
#13546 = DIRECTION('',(0.,0.,-1.));
#13547 = DIRECTION('',(0.999999999999,-1.645562488035E-06,0.));
#13548 = ADVANCED_FACE('',(#13549),#13560,.T.);
#13549 = FACE_BOUND('',#13550,.T.);
#13550 = EDGE_LOOP('',(#13551,#13557,#13558,#13559));
#13551 = ORIENTED_EDGE('',*,*,#13552,.T.);
#13552 = EDGE_CURVE('',#12706,#13092,#13553,.T.);
#13553 = LINE('',#13554,#13555);
#13554 = CARTESIAN_POINT('',(140.208,-130.048,0.));
#13555 = VECTOR('',#13556,1.);
#13556 = DIRECTION('',(0.,0.,1.));
#13557 = ORIENTED_EDGE('',*,*,#13091,.T.);
#13558 = ORIENTED_EDGE('',*,*,#13518,.F.);
#13559 = ORIENTED_EDGE('',*,*,#12705,.F.);
#13560 = PLANE('',#13561);
#13561 = AXIS2_PLACEMENT_3D('',#13562,#13563,#13564);
#13562 = CARTESIAN_POINT('',(140.208,-130.048,0.));
#13563 = DIRECTION('',(-0.61853057454,-0.785760732258,0.));
#13564 = DIRECTION('',(-0.785760732258,0.61853057454,0.));
#13565 = ADVANCED_FACE('',(#13566),#13577,.T.);
#13566 = FACE_BOUND('',#13567,.T.);
#13567 = EDGE_LOOP('',(#13568,#13569,#13570,#13576));
#13568 = ORIENTED_EDGE('',*,*,#13537,.T.);
#13569 = ORIENTED_EDGE('',*,*,#13124,.T.);
#13570 = ORIENTED_EDGE('',*,*,#13571,.F.);
#13571 = EDGE_CURVE('',#12731,#13117,#13572,.T.);
#13572 = LINE('',#13573,#13574);
#13573 = CARTESIAN_POINT('',(146.812,-131.064,0.));
#13574 = VECTOR('',#13575,1.);
#13575 = DIRECTION('',(0.,0.,1.));
#13576 = ORIENTED_EDGE('',*,*,#12738,.F.);
#13577 = PLANE('',#13578);
#13578 = AXIS2_PLACEMENT_3D('',#13579,#13580,#13581);
#13579 = CARTESIAN_POINT('',(167.132,-131.064,0.));
#13580 = DIRECTION('',(0.,-1.,0.));
#13581 = DIRECTION('',(-1.,0.,0.));
#13582 = ADVANCED_FACE('',(#13583),#13594,.T.);
#13583 = FACE_BOUND('',#13584,.T.);
#13584 = EDGE_LOOP('',(#13585,#13591,#13592,#13593));
#13585 = ORIENTED_EDGE('',*,*,#13586,.T.);
#13586 = EDGE_CURVE('',#12714,#13100,#13587,.T.);
#13587 = LINE('',#13588,#13589);
#13588 = CARTESIAN_POINT('',(141.224,-131.064,0.));
#13589 = VECTOR('',#13590,1.);
#13590 = DIRECTION('',(0.,0.,1.));
#13591 = ORIENTED_EDGE('',*,*,#13099,.T.);
#13592 = ORIENTED_EDGE('',*,*,#13552,.F.);
#13593 = ORIENTED_EDGE('',*,*,#12713,.F.);
#13594 = CYLINDRICAL_SURFACE('',#13595,1.016001671896);
#13595 = AXIS2_PLACEMENT_3D('',#13596,#13597,#13598);
#13596 = CARTESIAN_POINT('',(141.22400167189,-130.0479983281,0.));
#13597 = DIRECTION('',(0.,0.,-1.));
#13598 = DIRECTION('',(-1.645562543983E-06,-0.999999999999,-0.));
#13599 = ADVANCED_FACE('',(#13600),#13611,.T.);
#13600 = FACE_BOUND('',#13601,.T.);
#13601 = EDGE_LOOP('',(#13602,#13603,#13604,#13610));
#13602 = ORIENTED_EDGE('',*,*,#13571,.T.);
#13603 = ORIENTED_EDGE('',*,*,#13116,.T.);
#13604 = ORIENTED_EDGE('',*,*,#13605,.F.);
#13605 = EDGE_CURVE('',#12723,#13109,#13606,.T.);
#13606 = LINE('',#13607,#13608);
#13607 = CARTESIAN_POINT('',(142.494,-131.064,0.));
#13608 = VECTOR('',#13609,1.);
#13609 = DIRECTION('',(0.,0.,1.));
#13610 = ORIENTED_EDGE('',*,*,#12730,.F.);
#13611 = PLANE('',#13612);
#13612 = AXIS2_PLACEMENT_3D('',#13613,#13614,#13615);
#13613 = CARTESIAN_POINT('',(146.812,-131.064,0.));
#13614 = DIRECTION('',(0.,-1.,0.));
#13615 = DIRECTION('',(-1.,0.,0.));
#13616 = ADVANCED_FACE('',(#13617),#13623,.T.);
#13617 = FACE_BOUND('',#13618,.T.);
#13618 = EDGE_LOOP('',(#13619,#13620,#13621,#13622));
#13619 = ORIENTED_EDGE('',*,*,#13605,.T.);
#13620 = ORIENTED_EDGE('',*,*,#13108,.T.);
#13621 = ORIENTED_EDGE('',*,*,#13586,.F.);
#13622 = ORIENTED_EDGE('',*,*,#12722,.F.);
#13623 = PLANE('',#13624);
#13624 = AXIS2_PLACEMENT_3D('',#13625,#13626,#13627);
#13625 = CARTESIAN_POINT('',(142.494,-131.064,0.));
#13626 = DIRECTION('',(0.,-1.,0.));
#13627 = DIRECTION('',(-1.,0.,0.));
#13628 = ADVANCED_FACE('',(#13629),#13640,.F.);
#13629 = FACE_BOUND('',#13630,.T.);
#13630 = EDGE_LOOP('',(#13631,#13632,#13638,#13639));
#13631 = ORIENTED_EDGE('',*,*,#12772,.T.);
#13632 = ORIENTED_EDGE('',*,*,#13633,.T.);
#13633 = EDGE_CURVE('',#12773,#13159,#13634,.T.);
#13634 = LINE('',#13635,#13636);
#13635 = CARTESIAN_POINT('',(147.6248,-130.2766,-4.6E-02));
#13636 = VECTOR('',#13637,1.);
#13637 = DIRECTION('',(0.,0.,1.));
#13638 = ORIENTED_EDGE('',*,*,#13158,.F.);
#13639 = ORIENTED_EDGE('',*,*,#13633,.F.);
#13640 = CYLINDRICAL_SURFACE('',#13641,0.508);
#13641 = AXIS2_PLACEMENT_3D('',#13642,#13643,#13644);
#13642 = CARTESIAN_POINT('',(147.6248,-129.7686,-4.6E-02));
#13643 = DIRECTION('',(-0.,-0.,-1.));
#13644 = DIRECTION('',(-0.,-1.,0.));
#13645 = ADVANCED_FACE('',(#13646),#13657,.F.);
#13646 = FACE_BOUND('',#13647,.T.);
#13647 = EDGE_LOOP('',(#13648,#13649,#13655,#13656));
#13648 = ORIENTED_EDGE('',*,*,#12783,.T.);
#13649 = ORIENTED_EDGE('',*,*,#13650,.T.);
#13650 = EDGE_CURVE('',#12784,#13170,#13651,.T.);
#13651 = LINE('',#13652,#13653);
#13652 = CARTESIAN_POINT('',(147.6248,-125.7554,-4.6E-02));
#13653 = VECTOR('',#13654,1.);
#13654 = DIRECTION('',(0.,0.,1.));
#13655 = ORIENTED_EDGE('',*,*,#13169,.F.);
#13656 = ORIENTED_EDGE('',*,*,#13650,.F.);
#13657 = CYLINDRICAL_SURFACE('',#13658,0.508);
#13658 = AXIS2_PLACEMENT_3D('',#13659,#13660,#13661);
#13659 = CARTESIAN_POINT('',(147.6248,-125.2474,-4.6E-02));
#13660 = DIRECTION('',(-0.,-0.,-1.));
#13661 = DIRECTION('',(-0.,-1.,0.));
#13662 = ADVANCED_FACE('',(#13663),#13674,.F.);
#13663 = FACE_BOUND('',#13664,.T.);
#13664 = EDGE_LOOP('',(#13665,#13666,#13672,#13673));
#13665 = ORIENTED_EDGE('',*,*,#12794,.T.);
#13666 = ORIENTED_EDGE('',*,*,#13667,.T.);
#13667 = EDGE_CURVE('',#12795,#13181,#13668,.T.);
#13668 = LINE('',#13669,#13670);
#13669 = CARTESIAN_POINT('',(154.1272,-130.2766,-4.6E-02));
#13670 = VECTOR('',#13671,1.);
#13671 = DIRECTION('',(0.,0.,1.));
#13672 = ORIENTED_EDGE('',*,*,#13180,.F.);
#13673 = ORIENTED_EDGE('',*,*,#13667,.F.);
#13674 = CYLINDRICAL_SURFACE('',#13675,0.508);
#13675 = AXIS2_PLACEMENT_3D('',#13676,#13677,#13678);
#13676 = CARTESIAN_POINT('',(154.1272,-129.7686,-4.6E-02));
#13677 = DIRECTION('',(-0.,-0.,-1.));
#13678 = DIRECTION('',(-5.594824691025E-14,-1.,0.));
#13679 = ADVANCED_FACE('',(#13680),#13691,.F.);
#13680 = FACE_BOUND('',#13681,.T.);
#13681 = EDGE_LOOP('',(#13682,#13683,#13689,#13690));
#13682 = ORIENTED_EDGE('',*,*,#12805,.T.);
#13683 = ORIENTED_EDGE('',*,*,#13684,.T.);
#13684 = EDGE_CURVE('',#12806,#13192,#13685,.T.);
#13685 = LINE('',#13686,#13687);
#13686 = CARTESIAN_POINT('',(157.988,-129.532,-4.6E-02));
#13687 = VECTOR('',#13688,1.);
#13688 = DIRECTION('',(0.,0.,1.));
#13689 = ORIENTED_EDGE('',*,*,#13191,.F.);
#13690 = ORIENTED_EDGE('',*,*,#13684,.F.);
#13691 = CYLINDRICAL_SURFACE('',#13692,0.5);
#13692 = AXIS2_PLACEMENT_3D('',#13693,#13694,#13695);
#13693 = CARTESIAN_POINT('',(157.988,-129.032,-4.6E-02));
#13694 = DIRECTION('',(-0.,-0.,-1.));
#13695 = DIRECTION('',(-0.,-1.,0.));
#13696 = ADVANCED_FACE('',(#13697),#13708,.F.);
#13697 = FACE_BOUND('',#13698,.T.);
#13698 = EDGE_LOOP('',(#13699,#13700,#13706,#13707));
#13699 = ORIENTED_EDGE('',*,*,#12816,.T.);
#13700 = ORIENTED_EDGE('',*,*,#13701,.T.);
#13701 = EDGE_CURVE('',#12817,#13203,#13702,.T.);
#13702 = LINE('',#13703,#13704);
#13703 = CARTESIAN_POINT('',(160.528,-129.532,-4.6E-02));
#13704 = VECTOR('',#13705,1.);
#13705 = DIRECTION('',(0.,0.,1.));
#13706 = ORIENTED_EDGE('',*,*,#13202,.F.);
#13707 = ORIENTED_EDGE('',*,*,#13701,.F.);
#13708 = CYLINDRICAL_SURFACE('',#13709,0.5);
#13709 = AXIS2_PLACEMENT_3D('',#13710,#13711,#13712);
#13710 = CARTESIAN_POINT('',(160.528,-129.032,-4.6E-02));
#13711 = DIRECTION('',(-0.,-0.,-1.));
#13712 = DIRECTION('',(-0.,-1.,0.));
#13713 = ADVANCED_FACE('',(#13714),#13725,.F.);
#13714 = FACE_BOUND('',#13715,.T.);
#13715 = EDGE_LOOP('',(#13716,#13717,#13723,#13724));
#13716 = ORIENTED_EDGE('',*,*,#12827,.T.);
#13717 = ORIENTED_EDGE('',*,*,#13718,.T.);
#13718 = EDGE_CURVE('',#12828,#13214,#13719,.T.);
#13719 = LINE('',#13720,#13721);
#13720 = CARTESIAN_POINT('',(163.068,-129.532,-4.6E-02));
#13721 = VECTOR('',#13722,1.);
#13722 = DIRECTION('',(0.,0.,1.));
#13723 = ORIENTED_EDGE('',*,*,#13213,.F.);
#13724 = ORIENTED_EDGE('',*,*,#13718,.F.);
#13725 = CYLINDRICAL_SURFACE('',#13726,0.5);
#13726 = AXIS2_PLACEMENT_3D('',#13727,#13728,#13729);
#13727 = CARTESIAN_POINT('',(163.068,-129.032,-4.6E-02));
#13728 = DIRECTION('',(-0.,-0.,-1.));
#13729 = DIRECTION('',(-0.,-1.,0.));
#13730 = ADVANCED_FACE('',(#13731),#13742,.F.);
#13731 = FACE_BOUND('',#13732,.T.);
#13732 = EDGE_LOOP('',(#13733,#13734,#13740,#13741));
#13733 = ORIENTED_EDGE('',*,*,#12838,.T.);
#13734 = ORIENTED_EDGE('',*,*,#13735,.T.);
#13735 = EDGE_CURVE('',#12839,#13225,#13736,.T.);
#13736 = LINE('',#13737,#13738);
#13737 = CARTESIAN_POINT('',(165.608,-129.532,-4.6E-02));
#13738 = VECTOR('',#13739,1.);
#13739 = DIRECTION('',(0.,0.,1.));
#13740 = ORIENTED_EDGE('',*,*,#13224,.F.);
#13741 = ORIENTED_EDGE('',*,*,#13735,.F.);
#13742 = CYLINDRICAL_SURFACE('',#13743,0.5);
#13743 = AXIS2_PLACEMENT_3D('',#13744,#13745,#13746);
#13744 = CARTESIAN_POINT('',(165.608,-129.032,-4.6E-02));
#13745 = DIRECTION('',(-0.,-0.,-1.));
#13746 = DIRECTION('',(-0.,-1.,0.));
#13747 = ADVANCED_FACE('',(#13748),#13759,.F.);
#13748 = FACE_BOUND('',#13749,.T.);
#13749 = EDGE_LOOP('',(#13750,#13751,#13757,#13758));
#13750 = ORIENTED_EDGE('',*,*,#12849,.T.);
#13751 = ORIENTED_EDGE('',*,*,#13752,.T.);
#13752 = EDGE_CURVE('',#12850,#13236,#13753,.T.);
#13753 = LINE('',#13754,#13755);
#13754 = CARTESIAN_POINT('',(154.1272,-125.7554,-4.6E-02));
#13755 = VECTOR('',#13756,1.);
#13756 = DIRECTION('',(0.,0.,1.));
#13757 = ORIENTED_EDGE('',*,*,#13235,.F.);
#13758 = ORIENTED_EDGE('',*,*,#13752,.F.);
#13759 = CYLINDRICAL_SURFACE('',#13760,0.508);
#13760 = AXIS2_PLACEMENT_3D('',#13761,#13762,#13763);
#13761 = CARTESIAN_POINT('',(154.1272,-125.2474,-4.6E-02));
#13762 = DIRECTION('',(-0.,-0.,-1.));
#13763 = DIRECTION('',(-5.594824691025E-14,-1.,0.));
#13764 = ADVANCED_FACE('',(#13765),#13776,.F.);
#13765 = FACE_BOUND('',#13766,.T.);
#13766 = EDGE_LOOP('',(#13767,#13768,#13774,#13775));
#13767 = ORIENTED_EDGE('',*,*,#12860,.T.);
#13768 = ORIENTED_EDGE('',*,*,#13769,.T.);
#13769 = EDGE_CURVE('',#12861,#13247,#13770,.T.);
#13770 = LINE('',#13771,#13772);
#13771 = CARTESIAN_POINT('',(137.975,-123.475,-4.6E-02));
#13772 = VECTOR('',#13773,1.);
#13773 = DIRECTION('',(0.,0.,1.));
#13774 = ORIENTED_EDGE('',*,*,#13246,.F.);
#13775 = ORIENTED_EDGE('',*,*,#13769,.F.);
#13776 = CYLINDRICAL_SURFACE('',#13777,1.1);
#13777 = AXIS2_PLACEMENT_3D('',#13778,#13779,#13780);
#13778 = CARTESIAN_POINT('',(137.975,-122.375,-4.6E-02));
#13779 = DIRECTION('',(-0.,-0.,-1.));
#13780 = DIRECTION('',(-0.,-1.,0.));
#13781 = ADVANCED_FACE('',(#13782),#13793,.F.);
#13782 = FACE_BOUND('',#13783,.T.);
#13783 = EDGE_LOOP('',(#13784,#13785,#13791,#13792));
#13784 = ORIENTED_EDGE('',*,*,#12871,.T.);
#13785 = ORIENTED_EDGE('',*,*,#13786,.T.);
#13786 = EDGE_CURVE('',#12872,#13258,#13787,.T.);
#13787 = LINE('',#13788,#13789);
#13788 = CARTESIAN_POINT('',(147.955,-118.61,-4.6E-02));
#13789 = VECTOR('',#13790,1.);
#13790 = DIRECTION('',(0.,0.,1.));
#13791 = ORIENTED_EDGE('',*,*,#13257,.F.);
#13792 = ORIENTED_EDGE('',*,*,#13786,.F.);
#13793 = CYLINDRICAL_SURFACE('',#13794,0.5);
#13794 = AXIS2_PLACEMENT_3D('',#13795,#13796,#13797);
#13795 = CARTESIAN_POINT('',(147.955,-118.11,-4.6E-02));
#13796 = DIRECTION('',(-0.,-0.,-1.));
#13797 = DIRECTION('',(-0.,-1.,0.));
#13798 = ADVANCED_FACE('',(#13799),#13810,.F.);
#13799 = FACE_BOUND('',#13800,.T.);
#13800 = EDGE_LOOP('',(#13801,#13802,#13808,#13809));
#13801 = ORIENTED_EDGE('',*,*,#12882,.T.);
#13802 = ORIENTED_EDGE('',*,*,#13803,.T.);
#13803 = EDGE_CURVE('',#12883,#13269,#13804,.T.);
#13804 = LINE('',#13805,#13806);
#13805 = CARTESIAN_POINT('',(150.495,-118.61,-4.6E-02));
#13806 = VECTOR('',#13807,1.);
#13807 = DIRECTION('',(0.,0.,1.));
#13808 = ORIENTED_EDGE('',*,*,#13268,.F.);
#13809 = ORIENTED_EDGE('',*,*,#13803,.F.);
#13810 = CYLINDRICAL_SURFACE('',#13811,0.5);
#13811 = AXIS2_PLACEMENT_3D('',#13812,#13813,#13814);
#13812 = CARTESIAN_POINT('',(150.495,-118.11,-4.6E-02));
#13813 = DIRECTION('',(-0.,-0.,-1.));
#13814 = DIRECTION('',(-0.,-1.,0.));
#13815 = ADVANCED_FACE('',(#13816),#13827,.F.);
#13816 = FACE_BOUND('',#13817,.T.);
#13817 = EDGE_LOOP('',(#13818,#13819,#13825,#13826));
#13818 = ORIENTED_EDGE('',*,*,#12893,.T.);
#13819 = ORIENTED_EDGE('',*,*,#13820,.T.);
#13820 = EDGE_CURVE('',#12894,#13280,#13821,.T.);
#13821 = LINE('',#13822,#13823);
#13822 = CARTESIAN_POINT('',(153.035,-118.61,-4.6E-02));
#13823 = VECTOR('',#13824,1.);
#13824 = DIRECTION('',(0.,0.,1.));
#13825 = ORIENTED_EDGE('',*,*,#13279,.F.);
#13826 = ORIENTED_EDGE('',*,*,#13820,.F.);
#13827 = CYLINDRICAL_SURFACE('',#13828,0.5);
#13828 = AXIS2_PLACEMENT_3D('',#13829,#13830,#13831);
#13829 = CARTESIAN_POINT('',(153.035,-118.11,-4.6E-02));
#13830 = DIRECTION('',(-0.,-0.,-1.));
#13831 = DIRECTION('',(-0.,-1.,0.));
#13832 = ADVANCED_FACE('',(#13833),#13844,.F.);
#13833 = FACE_BOUND('',#13834,.T.);
#13834 = EDGE_LOOP('',(#13835,#13836,#13842,#13843));
#13835 = ORIENTED_EDGE('',*,*,#12904,.T.);
#13836 = ORIENTED_EDGE('',*,*,#13837,.T.);
#13837 = EDGE_CURVE('',#12905,#13291,#13838,.T.);
#13838 = LINE('',#13839,#13840);
#13839 = CARTESIAN_POINT('',(147.955,-116.07,-4.6E-02));
#13840 = VECTOR('',#13841,1.);
#13841 = DIRECTION('',(0.,0.,1.));
#13842 = ORIENTED_EDGE('',*,*,#13290,.F.);
#13843 = ORIENTED_EDGE('',*,*,#13837,.F.);
#13844 = CYLINDRICAL_SURFACE('',#13845,0.5);
#13845 = AXIS2_PLACEMENT_3D('',#13846,#13847,#13848);
#13846 = CARTESIAN_POINT('',(147.955,-115.57,-4.6E-02));
#13847 = DIRECTION('',(-0.,-0.,-1.));
#13848 = DIRECTION('',(-0.,-1.,0.));
#13849 = ADVANCED_FACE('',(#13850),#13861,.F.);
#13850 = FACE_BOUND('',#13851,.T.);
#13851 = EDGE_LOOP('',(#13852,#13853,#13859,#13860));
#13852 = ORIENTED_EDGE('',*,*,#12915,.T.);
#13853 = ORIENTED_EDGE('',*,*,#13854,.T.);
#13854 = EDGE_CURVE('',#12916,#13302,#13855,.T.);
#13855 = LINE('',#13856,#13857);
#13856 = CARTESIAN_POINT('',(150.495,-116.07,-4.6E-02));
#13857 = VECTOR('',#13858,1.);
#13858 = DIRECTION('',(0.,0.,1.));
#13859 = ORIENTED_EDGE('',*,*,#13301,.F.);
#13860 = ORIENTED_EDGE('',*,*,#13854,.F.);
#13861 = CYLINDRICAL_SURFACE('',#13862,0.5);
#13862 = AXIS2_PLACEMENT_3D('',#13863,#13864,#13865);
#13863 = CARTESIAN_POINT('',(150.495,-115.57,-4.6E-02));
#13864 = DIRECTION('',(-0.,-0.,-1.));
#13865 = DIRECTION('',(-0.,-1.,0.));
#13866 = ADVANCED_FACE('',(#13867),#13878,.F.);
#13867 = FACE_BOUND('',#13868,.T.);
#13868 = EDGE_LOOP('',(#13869,#13870,#13876,#13877));
#13869 = ORIENTED_EDGE('',*,*,#12926,.T.);
#13870 = ORIENTED_EDGE('',*,*,#13871,.T.);
#13871 = EDGE_CURVE('',#12927,#13313,#13872,.T.);
#13872 = LINE('',#13873,#13874);
#13873 = CARTESIAN_POINT('',(153.035,-116.07,-4.6E-02));
#13874 = VECTOR('',#13875,1.);
#13875 = DIRECTION('',(0.,0.,1.));
#13876 = ORIENTED_EDGE('',*,*,#13312,.F.);
#13877 = ORIENTED_EDGE('',*,*,#13871,.F.);
#13878 = CYLINDRICAL_SURFACE('',#13879,0.5);
#13879 = AXIS2_PLACEMENT_3D('',#13880,#13881,#13882);
#13880 = CARTESIAN_POINT('',(153.035,-115.57,-4.6E-02));
#13881 = DIRECTION('',(-0.,-0.,-1.));
#13882 = DIRECTION('',(-0.,-1.,0.));
#13883 = ADVANCED_FACE('',(#13884),#13895,.F.);
#13884 = FACE_BOUND('',#13885,.T.);
#13885 = EDGE_LOOP('',(#13886,#13887,#13893,#13894));
#13886 = ORIENTED_EDGE('',*,*,#12937,.T.);
#13887 = ORIENTED_EDGE('',*,*,#13888,.T.);
#13888 = EDGE_CURVE('',#12938,#13324,#13889,.T.);
#13889 = LINE('',#13890,#13891);
#13890 = CARTESIAN_POINT('',(170.25,-123.45,-4.6E-02));
#13891 = VECTOR('',#13892,1.);
#13892 = DIRECTION('',(0.,0.,1.));
#13893 = ORIENTED_EDGE('',*,*,#13323,.F.);
#13894 = ORIENTED_EDGE('',*,*,#13888,.F.);
#13895 = CYLINDRICAL_SURFACE('',#13896,1.1);
#13896 = AXIS2_PLACEMENT_3D('',#13897,#13898,#13899);
#13897 = CARTESIAN_POINT('',(170.25,-122.35,-4.6E-02));
#13898 = DIRECTION('',(-0.,-0.,-1.));
#13899 = DIRECTION('',(-0.,-1.,0.));
#13900 = ADVANCED_FACE('',(#13901),#13912,.F.);
#13901 = FACE_BOUND('',#13902,.T.);
#13902 = EDGE_LOOP('',(#13903,#13904,#13910,#13911));
#13903 = ORIENTED_EDGE('',*,*,#12948,.T.);
#13904 = ORIENTED_EDGE('',*,*,#13905,.T.);
#13905 = EDGE_CURVE('',#12949,#13335,#13906,.T.);
#13906 = LINE('',#13907,#13908);
#13907 = CARTESIAN_POINT('',(155.575,-118.61,-4.6E-02));
#13908 = VECTOR('',#13909,1.);
#13909 = DIRECTION('',(0.,0.,1.));
#13910 = ORIENTED_EDGE('',*,*,#13334,.F.);
#13911 = ORIENTED_EDGE('',*,*,#13905,.F.);
#13912 = CYLINDRICAL_SURFACE('',#13913,0.5);
#13913 = AXIS2_PLACEMENT_3D('',#13914,#13915,#13916);
#13914 = CARTESIAN_POINT('',(155.575,-118.11,-4.6E-02));
#13915 = DIRECTION('',(-0.,-0.,-1.));
#13916 = DIRECTION('',(-0.,-1.,0.));
#13917 = ADVANCED_FACE('',(#13918),#13929,.F.);
#13918 = FACE_BOUND('',#13919,.T.);
#13919 = EDGE_LOOP('',(#13920,#13921,#13927,#13928));
#13920 = ORIENTED_EDGE('',*,*,#12959,.T.);
#13921 = ORIENTED_EDGE('',*,*,#13922,.T.);
#13922 = EDGE_CURVE('',#12960,#13346,#13923,.T.);
#13923 = LINE('',#13924,#13925);
#13924 = CARTESIAN_POINT('',(158.115,-118.61,-4.6E-02));
#13925 = VECTOR('',#13926,1.);
#13926 = DIRECTION('',(0.,0.,1.));
#13927 = ORIENTED_EDGE('',*,*,#13345,.F.);
#13928 = ORIENTED_EDGE('',*,*,#13922,.F.);
#13929 = CYLINDRICAL_SURFACE('',#13930,0.5);
#13930 = AXIS2_PLACEMENT_3D('',#13931,#13932,#13933);
#13931 = CARTESIAN_POINT('',(158.115,-118.11,-4.6E-02));
#13932 = DIRECTION('',(-0.,-0.,-1.));
#13933 = DIRECTION('',(-0.,-1.,0.));
#13934 = ADVANCED_FACE('',(#13935),#13946,.F.);
#13935 = FACE_BOUND('',#13936,.T.);
#13936 = EDGE_LOOP('',(#13937,#13938,#13944,#13945));
#13937 = ORIENTED_EDGE('',*,*,#12970,.T.);
#13938 = ORIENTED_EDGE('',*,*,#13939,.T.);
#13939 = EDGE_CURVE('',#12971,#13357,#13940,.T.);
#13940 = LINE('',#13941,#13942);
#13941 = CARTESIAN_POINT('',(160.655,-118.61,-4.6E-02));
#13942 = VECTOR('',#13943,1.);
#13943 = DIRECTION('',(0.,0.,1.));
#13944 = ORIENTED_EDGE('',*,*,#13356,.F.);
#13945 = ORIENTED_EDGE('',*,*,#13939,.F.);
#13946 = CYLINDRICAL_SURFACE('',#13947,0.5);
#13947 = AXIS2_PLACEMENT_3D('',#13948,#13949,#13950);
#13948 = CARTESIAN_POINT('',(160.655,-118.11,-4.6E-02));
#13949 = DIRECTION('',(-0.,-0.,-1.));
#13950 = DIRECTION('',(-0.,-1.,0.));
#13951 = ADVANCED_FACE('',(#13952),#13963,.F.);
#13952 = FACE_BOUND('',#13953,.T.);
#13953 = EDGE_LOOP('',(#13954,#13955,#13961,#13962));
#13954 = ORIENTED_EDGE('',*,*,#12981,.T.);
#13955 = ORIENTED_EDGE('',*,*,#13956,.T.);
#13956 = EDGE_CURVE('',#12982,#13368,#13957,.T.);
#13957 = LINE('',#13958,#13959);
#13958 = CARTESIAN_POINT('',(155.575,-116.07,-4.6E-02));
#13959 = VECTOR('',#13960,1.);
#13960 = DIRECTION('',(0.,0.,1.));
#13961 = ORIENTED_EDGE('',*,*,#13367,.F.);
#13962 = ORIENTED_EDGE('',*,*,#13956,.F.);
#13963 = CYLINDRICAL_SURFACE('',#13964,0.5);
#13964 = AXIS2_PLACEMENT_3D('',#13965,#13966,#13967);
#13965 = CARTESIAN_POINT('',(155.575,-115.57,-4.6E-02));
#13966 = DIRECTION('',(-0.,-0.,-1.));
#13967 = DIRECTION('',(-0.,-1.,0.));
#13968 = ADVANCED_FACE('',(#13969),#13980,.F.);
#13969 = FACE_BOUND('',#13970,.T.);
#13970 = EDGE_LOOP('',(#13971,#13972,#13978,#13979));
#13971 = ORIENTED_EDGE('',*,*,#12992,.T.);
#13972 = ORIENTED_EDGE('',*,*,#13973,.T.);
#13973 = EDGE_CURVE('',#12993,#13379,#13974,.T.);
#13974 = LINE('',#13975,#13976);
#13975 = CARTESIAN_POINT('',(158.115,-116.07,-4.6E-02));
#13976 = VECTOR('',#13977,1.);
#13977 = DIRECTION('',(0.,0.,1.));
#13978 = ORIENTED_EDGE('',*,*,#13378,.F.);
#13979 = ORIENTED_EDGE('',*,*,#13973,.F.);
#13980 = CYLINDRICAL_SURFACE('',#13981,0.5);
#13981 = AXIS2_PLACEMENT_3D('',#13982,#13983,#13984);
#13982 = CARTESIAN_POINT('',(158.115,-115.57,-4.6E-02));
#13983 = DIRECTION('',(-0.,-0.,-1.));
#13984 = DIRECTION('',(-0.,-1.,0.));
#13985 = ADVANCED_FACE('',(#13986),#13997,.F.);
#13986 = FACE_BOUND('',#13987,.T.);
#13987 = EDGE_LOOP('',(#13988,#13989,#13995,#13996));
#13988 = ORIENTED_EDGE('',*,*,#13003,.T.);
#13989 = ORIENTED_EDGE('',*,*,#13990,.T.);
#13990 = EDGE_CURVE('',#13004,#13390,#13991,.T.);
#13991 = LINE('',#13992,#13993);
#13992 = CARTESIAN_POINT('',(160.655,-116.07,-4.6E-02));
#13993 = VECTOR('',#13994,1.);
#13994 = DIRECTION('',(0.,0.,1.));
#13995 = ORIENTED_EDGE('',*,*,#13389,.F.);
#13996 = ORIENTED_EDGE('',*,*,#13990,.F.);
#13997 = CYLINDRICAL_SURFACE('',#13998,0.5);
#13998 = AXIS2_PLACEMENT_3D('',#13999,#14000,#14001);
#13999 = CARTESIAN_POINT('',(160.655,-115.57,-4.6E-02));
#14000 = DIRECTION('',(-0.,-0.,-1.));
#14001 = DIRECTION('',(-0.,-1.,0.));
#14002 = ADVANCED_FACE('',(#14003),#14014,.F.);
#14003 = FACE_BOUND('',#14004,.T.);
#14004 = EDGE_LOOP('',(#14005,#14006,#14012,#14013));
#14005 = ORIENTED_EDGE('',*,*,#13014,.T.);
#14006 = ORIENTED_EDGE('',*,*,#14007,.T.);
#14007 = EDGE_CURVE('',#13015,#13401,#14008,.T.);
#14008 = LINE('',#14009,#14010);
#14009 = CARTESIAN_POINT('',(163.195,-118.61,-4.6E-02));
#14010 = VECTOR('',#14011,1.);
#14011 = DIRECTION('',(0.,0.,1.));
#14012 = ORIENTED_EDGE('',*,*,#13400,.F.);
#14013 = ORIENTED_EDGE('',*,*,#14007,.F.);
#14014 = CYLINDRICAL_SURFACE('',#14015,0.5);
#14015 = AXIS2_PLACEMENT_3D('',#14016,#14017,#14018);
#14016 = CARTESIAN_POINT('',(163.195,-118.11,-4.6E-02));
#14017 = DIRECTION('',(-0.,-0.,-1.));
#14018 = DIRECTION('',(-0.,-1.,0.));
#14019 = ADVANCED_FACE('',(#14020),#14031,.F.);
#14020 = FACE_BOUND('',#14021,.T.);
#14021 = EDGE_LOOP('',(#14022,#14023,#14029,#14030));
#14022 = ORIENTED_EDGE('',*,*,#13025,.T.);
#14023 = ORIENTED_EDGE('',*,*,#14024,.T.);
#14024 = EDGE_CURVE('',#13026,#13412,#14025,.T.);
#14025 = LINE('',#14026,#14027);
#14026 = CARTESIAN_POINT('',(165.735,-118.61,-4.6E-02));
#14027 = VECTOR('',#14028,1.);
#14028 = DIRECTION('',(0.,0.,1.));
#14029 = ORIENTED_EDGE('',*,*,#13411,.F.);
#14030 = ORIENTED_EDGE('',*,*,#14024,.F.);
#14031 = CYLINDRICAL_SURFACE('',#14032,0.5);
#14032 = AXIS2_PLACEMENT_3D('',#14033,#14034,#14035);
#14033 = CARTESIAN_POINT('',(165.735,-118.11,-4.6E-02));
#14034 = DIRECTION('',(-0.,-0.,-1.));
#14035 = DIRECTION('',(-0.,-1.,0.));
#14036 = ADVANCED_FACE('',(#14037),#14048,.F.);
#14037 = FACE_BOUND('',#14038,.T.);
#14038 = EDGE_LOOP('',(#14039,#14040,#14046,#14047));
#14039 = ORIENTED_EDGE('',*,*,#13036,.T.);
#14040 = ORIENTED_EDGE('',*,*,#14041,.T.);
#14041 = EDGE_CURVE('',#13037,#13423,#14042,.T.);
#14042 = LINE('',#14043,#14044);
#14043 = CARTESIAN_POINT('',(163.195,-116.07,-4.6E-02));
#14044 = VECTOR('',#14045,1.);
#14045 = DIRECTION('',(0.,0.,1.));
#14046 = ORIENTED_EDGE('',*,*,#13422,.F.);
#14047 = ORIENTED_EDGE('',*,*,#14041,.F.);
#14048 = CYLINDRICAL_SURFACE('',#14049,0.5);
#14049 = AXIS2_PLACEMENT_3D('',#14050,#14051,#14052);
#14050 = CARTESIAN_POINT('',(163.195,-115.57,-4.6E-02));
#14051 = DIRECTION('',(-0.,-0.,-1.));
#14052 = DIRECTION('',(-0.,-1.,0.));
#14053 = ADVANCED_FACE('',(#14054),#14065,.F.);
#14054 = FACE_BOUND('',#14055,.T.);
#14055 = EDGE_LOOP('',(#14056,#14057,#14063,#14064));
#14056 = ORIENTED_EDGE('',*,*,#13047,.T.);
#14057 = ORIENTED_EDGE('',*,*,#14058,.T.);
#14058 = EDGE_CURVE('',#13048,#13434,#14059,.T.);
#14059 = LINE('',#14060,#14061);
#14060 = CARTESIAN_POINT('',(165.735,-116.07,-4.6E-02));
#14061 = VECTOR('',#14062,1.);
#14062 = DIRECTION('',(0.,0.,1.));
#14063 = ORIENTED_EDGE('',*,*,#13433,.F.);
#14064 = ORIENTED_EDGE('',*,*,#14058,.F.);
#14065 = CYLINDRICAL_SURFACE('',#14066,0.5);
#14066 = AXIS2_PLACEMENT_3D('',#14067,#14068,#14069);
#14067 = CARTESIAN_POINT('',(165.735,-115.57,-4.6E-02));
#14068 = DIRECTION('',(-0.,-0.,-1.));
#14069 = DIRECTION('',(-0.,-1.,0.));
#14070 = ( GEOMETRIC_REPRESENTATION_CONTEXT(3) 
GLOBAL_UNCERTAINTY_ASSIGNED_CONTEXT((#14074)) 
GLOBAL_UNIT_ASSIGNED_CONTEXT((#14071,#14072,#14073)) 
REPRESENTATION_CONTEXT('Context #1',
  '3D Context with UNIT and UNCERTAINTY') );
#14071 = ( LENGTH_UNIT() NAMED_UNIT(*) SI_UNIT(.MILLI.,.METRE.) );
#14072 = ( NAMED_UNIT(*) PLANE_ANGLE_UNIT() SI_UNIT($,.RADIAN.) );
#14073 = ( NAMED_UNIT(*) SI_UNIT($,.STERADIAN.) SOLID_ANGLE_UNIT() );
#14074 = UNCERTAINTY_MEASURE_WITH_UNIT(LENGTH_MEASURE(1.E-07),#14071,
  'distance_accuracy_value','confusion accuracy');
#14075 = CONTEXT_DEPENDENT_SHAPE_REPRESENTATION(#14076,#14078);
#14076 = ( REPRESENTATION_RELATIONSHIP('','',#12567,#10) 
REPRESENTATION_RELATIONSHIP_WITH_TRANSFORMATION(#14077) 
SHAPE_REPRESENTATION_RELATIONSHIP() );
#14077 = ITEM_DEFINED_TRANSFORMATION('','',#11,#23);
#14078 = PRODUCT_DEFINITION_SHAPE('Placement','Placement of an item',
  #14079);
#14079 = NEXT_ASSEMBLY_USAGE_OCCURRENCE('3','=>[0:1:1:4]','',#5,#12562,$
  );
#14080 = PRODUCT_RELATED_PRODUCT_CATEGORY('part',$,(#12564));
#14081 = MECHANICAL_DESIGN_GEOMETRIC_PRESENTATION_REPRESENTATION('',(
    #14082,#14092,#14101,#14110,#14119,#14128,#14137,#14146,#14155,
    #14164),#12549);
#14082 = STYLED_ITEM('color',(#14083),#9486);
#14083 = PRESENTATION_STYLE_ASSIGNMENT((#14084));
#14084 = SURFACE_STYLE_USAGE(.BOTH.,#14085);
#14085 = SURFACE_SIDE_STYLE('',(#14086,#14090));
#14086 = SURFACE_STYLE_FILL_AREA(#14087);
#14087 = FILL_AREA_STYLE('',(#14088));
#14088 = FILL_AREA_STYLE_COLOUR('',#14089);
#14089 = DRAUGHTING_PRE_DEFINED_COLOUR('white');
#14090 = SURFACE_STYLE_RENDERING_WITH_PROPERTIES(.NORMAL_SHADING.,#14089
  ,(#14091));
#14091 = SURFACE_STYLE_TRANSPARENT(0.100000023842);
#14092 = STYLED_ITEM('color',(#14093),#9878);
#14093 = PRESENTATION_STYLE_ASSIGNMENT((#14094));
#14094 = SURFACE_STYLE_USAGE(.BOTH.,#14095);
#14095 = SURFACE_SIDE_STYLE('',(#14096,#14099));
#14096 = SURFACE_STYLE_FILL_AREA(#14097);
#14097 = FILL_AREA_STYLE('',(#14098));
#14098 = FILL_AREA_STYLE_COLOUR('',#14089);
#14099 = SURFACE_STYLE_RENDERING_WITH_PROPERTIES(.NORMAL_SHADING.,#14089
  ,(#14100));
#14100 = SURFACE_STYLE_TRANSPARENT(0.100000023842);
#14101 = STYLED_ITEM('color',(#14102),#10073);
#14102 = PRESENTATION_STYLE_ASSIGNMENT((#14103));
#14103 = SURFACE_STYLE_USAGE(.BOTH.,#14104);
#14104 = SURFACE_SIDE_STYLE('',(#14105,#14108));
#14105 = SURFACE_STYLE_FILL_AREA(#14106);
#14106 = FILL_AREA_STYLE('',(#14107));
#14107 = FILL_AREA_STYLE_COLOUR('',#14089);
#14108 = SURFACE_STYLE_RENDERING_WITH_PROPERTIES(.NORMAL_SHADING.,#14089
  ,(#14109));
#14109 = SURFACE_STYLE_TRANSPARENT(0.100000023842);
#14110 = STYLED_ITEM('color',(#14111),#10163);
#14111 = PRESENTATION_STYLE_ASSIGNMENT((#14112));
#14112 = SURFACE_STYLE_USAGE(.BOTH.,#14113);
#14113 = SURFACE_SIDE_STYLE('',(#14114,#14117));
#14114 = SURFACE_STYLE_FILL_AREA(#14115);
#14115 = FILL_AREA_STYLE('',(#14116));
#14116 = FILL_AREA_STYLE_COLOUR('',#14089);
#14117 = SURFACE_STYLE_RENDERING_WITH_PROPERTIES(.NORMAL_SHADING.,#14089
  ,(#14118));
#14118 = SURFACE_STYLE_TRANSPARENT(0.100000023842);
#14119 = STYLED_ITEM('color',(#14120),#10205);
#14120 = PRESENTATION_STYLE_ASSIGNMENT((#14121));
#14121 = SURFACE_STYLE_USAGE(.BOTH.,#14122);
#14122 = SURFACE_SIDE_STYLE('',(#14123,#14126));
#14123 = SURFACE_STYLE_FILL_AREA(#14124);
#14124 = FILL_AREA_STYLE('',(#14125));
#14125 = FILL_AREA_STYLE_COLOUR('',#14089);
#14126 = SURFACE_STYLE_RENDERING_WITH_PROPERTIES(.NORMAL_SHADING.,#14089
  ,(#14127));
#14127 = SURFACE_STYLE_TRANSPARENT(0.100000023842);
#14128 = STYLED_ITEM('color',(#14129),#10449);
#14129 = PRESENTATION_STYLE_ASSIGNMENT((#14130));
#14130 = SURFACE_STYLE_USAGE(.BOTH.,#14131);
#14131 = SURFACE_SIDE_STYLE('',(#14132,#14135));
#14132 = SURFACE_STYLE_FILL_AREA(#14133);
#14133 = FILL_AREA_STYLE('',(#14134));
#14134 = FILL_AREA_STYLE_COLOUR('',#14089);
#14135 = SURFACE_STYLE_RENDERING_WITH_PROPERTIES(.NORMAL_SHADING.,#14089
  ,(#14136));
#14136 = SURFACE_STYLE_TRANSPARENT(0.100000023842);
#14137 = STYLED_ITEM('color',(#14138),#10856);
#14138 = PRESENTATION_STYLE_ASSIGNMENT((#14139));
#14139 = SURFACE_STYLE_USAGE(.BOTH.,#14140);
#14140 = SURFACE_SIDE_STYLE('',(#14141,#14144));
#14141 = SURFACE_STYLE_FILL_AREA(#14142);
#14142 = FILL_AREA_STYLE('',(#14143));
#14143 = FILL_AREA_STYLE_COLOUR('',#14089);
#14144 = SURFACE_STYLE_RENDERING_WITH_PROPERTIES(.NORMAL_SHADING.,#14089
  ,(#14145));
#14145 = SURFACE_STYLE_TRANSPARENT(0.100000023842);
#14146 = STYLED_ITEM('color',(#14147),#11248);
#14147 = PRESENTATION_STYLE_ASSIGNMENT((#14148));
#14148 = SURFACE_STYLE_USAGE(.BOTH.,#14149);
#14149 = SURFACE_SIDE_STYLE('',(#14150,#14153));
#14150 = SURFACE_STYLE_FILL_AREA(#14151);
#14151 = FILL_AREA_STYLE('',(#14152));
#14152 = FILL_AREA_STYLE_COLOUR('',#14089);
#14153 = SURFACE_STYLE_RENDERING_WITH_PROPERTIES(.NORMAL_SHADING.,#14089
  ,(#14154));
#14154 = SURFACE_STYLE_TRANSPARENT(0.100000023842);
#14155 = STYLED_ITEM('color',(#14156),#11877);
#14156 = PRESENTATION_STYLE_ASSIGNMENT((#14157));
#14157 = SURFACE_STYLE_USAGE(.BOTH.,#14158);
#14158 = SURFACE_SIDE_STYLE('',(#14159,#14162));
#14159 = SURFACE_STYLE_FILL_AREA(#14160);
#14160 = FILL_AREA_STYLE('',(#14161));
#14161 = FILL_AREA_STYLE_COLOUR('',#14089);
#14162 = SURFACE_STYLE_RENDERING_WITH_PROPERTIES(.NORMAL_SHADING.,#14089
  ,(#14163));
#14163 = SURFACE_STYLE_TRANSPARENT(0.100000023842);
#14164 = STYLED_ITEM('color',(#14165),#12047);
#14165 = PRESENTATION_STYLE_ASSIGNMENT((#14166));
#14166 = SURFACE_STYLE_USAGE(.BOTH.,#14167);
#14167 = SURFACE_SIDE_STYLE('',(#14168,#14171));
#14168 = SURFACE_STYLE_FILL_AREA(#14169);
#14169 = FILL_AREA_STYLE('',(#14170));
#14170 = FILL_AREA_STYLE_COLOUR('',#14089);
#14171 = SURFACE_STYLE_RENDERING_WITH_PROPERTIES(.NORMAL_SHADING.,#14089
  ,(#14172));
#14172 = SURFACE_STYLE_TRANSPARENT(0.100000023842);
#14173 = MECHANICAL_DESIGN_GEOMETRIC_PRESENTATION_REPRESENTATION('',(
    #14174),#14070);
#14174 = STYLED_ITEM('color',(#14175),#12568);
#14175 = PRESENTATION_STYLE_ASSIGNMENT((#14176));
#14176 = SURFACE_STYLE_USAGE(.BOTH.,#14177);
#14177 = SURFACE_SIDE_STYLE('',(#14178));
#14178 = SURFACE_STYLE_FILL_AREA(#14179);
#14179 = FILL_AREA_STYLE('',(#14180));
#14180 = FILL_AREA_STYLE_COLOUR('',#14181);
#14181 = COLOUR_RGB('',0.313304153717,0.484529207832,0.410020903123);
#14182 = MECHANICAL_DESIGN_GEOMETRIC_PRESENTATION_REPRESENTATION('',(
    #14183,#14192,#14201,#14210,#14219,#14228,#14237,#14246,#14255,
    #14264,#14273,#14282,#14291,#14300,#14309,#14318,#14327,#14336,
    #14345,#14354,#14363,#14372,#14381,#14390,#14399,#14408,#14417,
    #14426,#14435,#14444,#14453,#14462,#14471,#14480,#14489,#14498,
    #14507,#14516,#14525,#14534,#14543,#14552,#14561,#14570,#14579,
    #14588,#14597,#14606,#14615,#14624,#14633,#14642,#14651,#14660,
    #14669,#14678),#9465);
#14183 = STYLED_ITEM('color',(#14184),#43);
#14184 = PRESENTATION_STYLE_ASSIGNMENT((#14185));
#14185 = SURFACE_STYLE_USAGE(.BOTH.,#14186);
#14186 = SURFACE_SIDE_STYLE('',(#14187,#14190));
#14187 = SURFACE_STYLE_FILL_AREA(#14188);
#14188 = FILL_AREA_STYLE('',(#14189));
#14189 = FILL_AREA_STYLE_COLOUR('',#14089);
#14190 = SURFACE_STYLE_RENDERING_WITH_PROPERTIES(.NORMAL_SHADING.,#14089
  ,(#14191));
#14191 = SURFACE_STYLE_TRANSPARENT(0.100000023842);
#14192 = STYLED_ITEM('color',(#14193),#87);
#14193 = PRESENTATION_STYLE_ASSIGNMENT((#14194));
#14194 = SURFACE_STYLE_USAGE(.BOTH.,#14195);
#14195 = SURFACE_SIDE_STYLE('',(#14196,#14199));
#14196 = SURFACE_STYLE_FILL_AREA(#14197);
#14197 = FILL_AREA_STYLE('',(#14198));
#14198 = FILL_AREA_STYLE_COLOUR('',#14089);
#14199 = SURFACE_STYLE_RENDERING_WITH_PROPERTIES(.NORMAL_SHADING.,#14089
  ,(#14200));
#14200 = SURFACE_STYLE_TRANSPARENT(0.100000023842);
#14201 = STYLED_ITEM('color',(#14202),#829);
#14202 = PRESENTATION_STYLE_ASSIGNMENT((#14203));
#14203 = SURFACE_STYLE_USAGE(.BOTH.,#14204);
#14204 = SURFACE_SIDE_STYLE('',(#14205,#14208));
#14205 = SURFACE_STYLE_FILL_AREA(#14206);
#14206 = FILL_AREA_STYLE('',(#14207));
#14207 = FILL_AREA_STYLE_COLOUR('',#14089);
#14208 = SURFACE_STYLE_RENDERING_WITH_PROPERTIES(.NORMAL_SHADING.,#14089
  ,(#14209));
#14209 = SURFACE_STYLE_TRANSPARENT(0.100000023842);
#14210 = STYLED_ITEM('color',(#14211),#1130);
#14211 = PRESENTATION_STYLE_ASSIGNMENT((#14212));
#14212 = SURFACE_STYLE_USAGE(.BOTH.,#14213);
#14213 = SURFACE_SIDE_STYLE('',(#14214,#14217));
#14214 = SURFACE_STYLE_FILL_AREA(#14215);
#14215 = FILL_AREA_STYLE('',(#14216));
#14216 = FILL_AREA_STYLE_COLOUR('',#14089);
#14217 = SURFACE_STYLE_RENDERING_WITH_PROPERTIES(.NORMAL_SHADING.,#14089
  ,(#14218));
#14218 = SURFACE_STYLE_TRANSPARENT(0.100000023842);
#14219 = STYLED_ITEM('color',(#14220),#1160);
#14220 = PRESENTATION_STYLE_ASSIGNMENT((#14221));
#14221 = SURFACE_STYLE_USAGE(.BOTH.,#14222);
#14222 = SURFACE_SIDE_STYLE('',(#14223,#14226));
#14223 = SURFACE_STYLE_FILL_AREA(#14224);
#14224 = FILL_AREA_STYLE('',(#14225));
#14225 = FILL_AREA_STYLE_COLOUR('',#14089);
#14226 = SURFACE_STYLE_RENDERING_WITH_PROPERTIES(.NORMAL_SHADING.,#14089
  ,(#14227));
#14227 = SURFACE_STYLE_TRANSPARENT(0.100000023842);
#14228 = STYLED_ITEM('color',(#14229),#1220);
#14229 = PRESENTATION_STYLE_ASSIGNMENT((#14230));
#14230 = SURFACE_STYLE_USAGE(.BOTH.,#14231);
#14231 = SURFACE_SIDE_STYLE('',(#14232,#14235));
#14232 = SURFACE_STYLE_FILL_AREA(#14233);
#14233 = FILL_AREA_STYLE('',(#14234));
#14234 = FILL_AREA_STYLE_COLOUR('',#14089);
#14235 = SURFACE_STYLE_RENDERING_WITH_PROPERTIES(.NORMAL_SHADING.,#14089
  ,(#14236));
#14236 = SURFACE_STYLE_TRANSPARENT(0.100000023842);
#14237 = STYLED_ITEM('color',(#14238),#1280);
#14238 = PRESENTATION_STYLE_ASSIGNMENT((#14239));
#14239 = SURFACE_STYLE_USAGE(.BOTH.,#14240);
#14240 = SURFACE_SIDE_STYLE('',(#14241,#14244));
#14241 = SURFACE_STYLE_FILL_AREA(#14242);
#14242 = FILL_AREA_STYLE('',(#14243));
#14243 = FILL_AREA_STYLE_COLOUR('',#14089);
#14244 = SURFACE_STYLE_RENDERING_WITH_PROPERTIES(.NORMAL_SHADING.,#14089
  ,(#14245));
#14245 = SURFACE_STYLE_TRANSPARENT(0.100000023842);
#14246 = STYLED_ITEM('color',(#14247),#1374);
#14247 = PRESENTATION_STYLE_ASSIGNMENT((#14248));
#14248 = SURFACE_STYLE_USAGE(.BOTH.,#14249);
#14249 = SURFACE_SIDE_STYLE('',(#14250,#14253));
#14250 = SURFACE_STYLE_FILL_AREA(#14251);
#14251 = FILL_AREA_STYLE('',(#14252));
#14252 = FILL_AREA_STYLE_COLOUR('',#14089);
#14253 = SURFACE_STYLE_RENDERING_WITH_PROPERTIES(.NORMAL_SHADING.,#14089
  ,(#14254));
#14254 = SURFACE_STYLE_TRANSPARENT(0.100000023842);
#14255 = STYLED_ITEM('color',(#14256),#1508);
#14256 = PRESENTATION_STYLE_ASSIGNMENT((#14257));
#14257 = SURFACE_STYLE_USAGE(.BOTH.,#14258);
#14258 = SURFACE_SIDE_STYLE('',(#14259,#14262));
#14259 = SURFACE_STYLE_FILL_AREA(#14260);
#14260 = FILL_AREA_STYLE('',(#14261));
#14261 = FILL_AREA_STYLE_COLOUR('',#14089);
#14262 = SURFACE_STYLE_RENDERING_WITH_PROPERTIES(.NORMAL_SHADING.,#14089
  ,(#14263));
#14263 = SURFACE_STYLE_TRANSPARENT(0.100000023842);
#14264 = STYLED_ITEM('color',(#14265),#1642);
#14265 = PRESENTATION_STYLE_ASSIGNMENT((#14266));
#14266 = SURFACE_STYLE_USAGE(.BOTH.,#14267);
#14267 = SURFACE_SIDE_STYLE('',(#14268,#14271));
#14268 = SURFACE_STYLE_FILL_AREA(#14269);
#14269 = FILL_AREA_STYLE('',(#14270));
#14270 = FILL_AREA_STYLE_COLOUR('',#14089);
#14271 = SURFACE_STYLE_RENDERING_WITH_PROPERTIES(.NORMAL_SHADING.,#14089
  ,(#14272));
#14272 = SURFACE_STYLE_TRANSPARENT(0.100000023842);
#14273 = STYLED_ITEM('color',(#14274),#1942);
#14274 = PRESENTATION_STYLE_ASSIGNMENT((#14275));
#14275 = SURFACE_STYLE_USAGE(.BOTH.,#14276);
#14276 = SURFACE_SIDE_STYLE('',(#14277,#14280));
#14277 = SURFACE_STYLE_FILL_AREA(#14278);
#14278 = FILL_AREA_STYLE('',(#14279));
#14279 = FILL_AREA_STYLE_COLOUR('',#14089);
#14280 = SURFACE_STYLE_RENDERING_WITH_PROPERTIES(.NORMAL_SHADING.,#14089
  ,(#14281));
#14281 = SURFACE_STYLE_TRANSPARENT(0.100000023842);
#14282 = STYLED_ITEM('color',(#14283),#2220);
#14283 = PRESENTATION_STYLE_ASSIGNMENT((#14284));
#14284 = SURFACE_STYLE_USAGE(.BOTH.,#14285);
#14285 = SURFACE_SIDE_STYLE('',(#14286,#14289));
#14286 = SURFACE_STYLE_FILL_AREA(#14287);
#14287 = FILL_AREA_STYLE('',(#14288));
#14288 = FILL_AREA_STYLE_COLOUR('',#14089);
#14289 = SURFACE_STYLE_RENDERING_WITH_PROPERTIES(.NORMAL_SHADING.,#14089
  ,(#14290));
#14290 = SURFACE_STYLE_TRANSPARENT(0.100000023842);
#14291 = STYLED_ITEM('color',(#14292),#2338);
#14292 = PRESENTATION_STYLE_ASSIGNMENT((#14293));
#14293 = SURFACE_STYLE_USAGE(.BOTH.,#14294);
#14294 = SURFACE_SIDE_STYLE('',(#14295,#14298));
#14295 = SURFACE_STYLE_FILL_AREA(#14296);
#14296 = FILL_AREA_STYLE('',(#14297));
#14297 = FILL_AREA_STYLE_COLOUR('',#14089);
#14298 = SURFACE_STYLE_RENDERING_WITH_PROPERTIES(.NORMAL_SHADING.,#14089
  ,(#14299));
#14299 = SURFACE_STYLE_TRANSPARENT(0.100000023842);
#14300 = STYLED_ITEM('color',(#14301),#2553);
#14301 = PRESENTATION_STYLE_ASSIGNMENT((#14302));
#14302 = SURFACE_STYLE_USAGE(.BOTH.,#14303);
#14303 = SURFACE_SIDE_STYLE('',(#14304,#14307));
#14304 = SURFACE_STYLE_FILL_AREA(#14305);
#14305 = FILL_AREA_STYLE('',(#14306));
#14306 = FILL_AREA_STYLE_COLOUR('',#14089);
#14307 = SURFACE_STYLE_RENDERING_WITH_PROPERTIES(.NORMAL_SHADING.,#14089
  ,(#14308));
#14308 = SURFACE_STYLE_TRANSPARENT(0.100000023842);
#14309 = STYLED_ITEM('color',(#14310),#2768);
#14310 = PRESENTATION_STYLE_ASSIGNMENT((#14311));
#14311 = SURFACE_STYLE_USAGE(.BOTH.,#14312);
#14312 = SURFACE_SIDE_STYLE('',(#14313,#14316));
#14313 = SURFACE_STYLE_FILL_AREA(#14314);
#14314 = FILL_AREA_STYLE('',(#14315));
#14315 = FILL_AREA_STYLE_COLOUR('',#14089);
#14316 = SURFACE_STYLE_RENDERING_WITH_PROPERTIES(.NORMAL_SHADING.,#14089
  ,(#14317));
#14317 = SURFACE_STYLE_TRANSPARENT(0.100000023842);
#14318 = STYLED_ITEM('color',(#14319),#2845);
#14319 = PRESENTATION_STYLE_ASSIGNMENT((#14320));
#14320 = SURFACE_STYLE_USAGE(.BOTH.,#14321);
#14321 = SURFACE_SIDE_STYLE('',(#14322,#14325));
#14322 = SURFACE_STYLE_FILL_AREA(#14323);
#14323 = FILL_AREA_STYLE('',(#14324));
#14324 = FILL_AREA_STYLE_COLOUR('',#14089);
#14325 = SURFACE_STYLE_RENDERING_WITH_PROPERTIES(.NORMAL_SHADING.,#14089
  ,(#14326));
#14326 = SURFACE_STYLE_TRANSPARENT(0.100000023842);
#14327 = STYLED_ITEM('color',(#14328),#3039);
#14328 = PRESENTATION_STYLE_ASSIGNMENT((#14329));
#14329 = SURFACE_STYLE_USAGE(.BOTH.,#14330);
#14330 = SURFACE_SIDE_STYLE('',(#14331,#14334));
#14331 = SURFACE_STYLE_FILL_AREA(#14332);
#14332 = FILL_AREA_STYLE('',(#14333));
#14333 = FILL_AREA_STYLE_COLOUR('',#14089);
#14334 = SURFACE_STYLE_RENDERING_WITH_PROPERTIES(.NORMAL_SHADING.,#14089
  ,(#14335));
#14335 = SURFACE_STYLE_TRANSPARENT(0.100000023842);
#14336 = STYLED_ITEM('color',(#14337),#3222);
#14337 = PRESENTATION_STYLE_ASSIGNMENT((#14338));
#14338 = SURFACE_STYLE_USAGE(.BOTH.,#14339);
#14339 = SURFACE_SIDE_STYLE('',(#14340,#14343));
#14340 = SURFACE_STYLE_FILL_AREA(#14341);
#14341 = FILL_AREA_STYLE('',(#14342));
#14342 = FILL_AREA_STYLE_COLOUR('',#14089);
#14343 = SURFACE_STYLE_RENDERING_WITH_PROPERTIES(.NORMAL_SHADING.,#14089
  ,(#14344));
#14344 = SURFACE_STYLE_TRANSPARENT(0.100000023842);
#14345 = STYLED_ITEM('color',(#14346),#3389);
#14346 = PRESENTATION_STYLE_ASSIGNMENT((#14347));
#14347 = SURFACE_STYLE_USAGE(.BOTH.,#14348);
#14348 = SURFACE_SIDE_STYLE('',(#14349,#14352));
#14349 = SURFACE_STYLE_FILL_AREA(#14350);
#14350 = FILL_AREA_STYLE('',(#14351));
#14351 = FILL_AREA_STYLE_COLOUR('',#14089);
#14352 = SURFACE_STYLE_RENDERING_WITH_PROPERTIES(.NORMAL_SHADING.,#14089
  ,(#14353));
#14353 = SURFACE_STYLE_TRANSPARENT(0.100000023842);
#14354 = STYLED_ITEM('color',(#14355),#3596);
#14355 = PRESENTATION_STYLE_ASSIGNMENT((#14356));
#14356 = SURFACE_STYLE_USAGE(.BOTH.,#14357);
#14357 = SURFACE_SIDE_STYLE('',(#14358,#14361));
#14358 = SURFACE_STYLE_FILL_AREA(#14359);
#14359 = FILL_AREA_STYLE('',(#14360));
#14360 = FILL_AREA_STYLE_COLOUR('',#14089);
#14361 = SURFACE_STYLE_RENDERING_WITH_PROPERTIES(.NORMAL_SHADING.,#14089
  ,(#14362));
#14362 = SURFACE_STYLE_TRANSPARENT(0.100000023842);
#14363 = STYLED_ITEM('color',(#14364),#3738);
#14364 = PRESENTATION_STYLE_ASSIGNMENT((#14365));
#14365 = SURFACE_STYLE_USAGE(.BOTH.,#14366);
#14366 = SURFACE_SIDE_STYLE('',(#14367,#14370));
#14367 = SURFACE_STYLE_FILL_AREA(#14368);
#14368 = FILL_AREA_STYLE('',(#14369));
#14369 = FILL_AREA_STYLE_COLOUR('',#14089);
#14370 = SURFACE_STYLE_RENDERING_WITH_PROPERTIES(.NORMAL_SHADING.,#14089
  ,(#14371));
#14371 = SURFACE_STYLE_TRANSPARENT(0.100000023842);
#14372 = STYLED_ITEM('color',(#14373),#4453);
#14373 = PRESENTATION_STYLE_ASSIGNMENT((#14374));
#14374 = SURFACE_STYLE_USAGE(.BOTH.,#14375);
#14375 = SURFACE_SIDE_STYLE('',(#14376,#14379));
#14376 = SURFACE_STYLE_FILL_AREA(#14377);
#14377 = FILL_AREA_STYLE('',(#14378));
#14378 = FILL_AREA_STYLE_COLOUR('',#14089);
#14379 = SURFACE_STYLE_RENDERING_WITH_PROPERTIES(.NORMAL_SHADING.,#14089
  ,(#14380));
#14380 = SURFACE_STYLE_TRANSPARENT(0.100000023842);
#14381 = STYLED_ITEM('color',(#14382),#4760);
#14382 = PRESENTATION_STYLE_ASSIGNMENT((#14383));
#14383 = SURFACE_STYLE_USAGE(.BOTH.,#14384);
#14384 = SURFACE_SIDE_STYLE('',(#14385,#14388));
#14385 = SURFACE_STYLE_FILL_AREA(#14386);
#14386 = FILL_AREA_STYLE('',(#14387));
#14387 = FILL_AREA_STYLE_COLOUR('',#14089);
#14388 = SURFACE_STYLE_RENDERING_WITH_PROPERTIES(.NORMAL_SHADING.,#14089
  ,(#14389));
#14389 = SURFACE_STYLE_TRANSPARENT(0.100000023842);
#14390 = STYLED_ITEM('color',(#14391),#5067);
#14391 = PRESENTATION_STYLE_ASSIGNMENT((#14392));
#14392 = SURFACE_STYLE_USAGE(.BOTH.,#14393);
#14393 = SURFACE_SIDE_STYLE('',(#14394,#14397));
#14394 = SURFACE_STYLE_FILL_AREA(#14395);
#14395 = FILL_AREA_STYLE('',(#14396));
#14396 = FILL_AREA_STYLE_COLOUR('',#14089);
#14397 = SURFACE_STYLE_RENDERING_WITH_PROPERTIES(.NORMAL_SHADING.,#14089
  ,(#14398));
#14398 = SURFACE_STYLE_TRANSPARENT(0.100000023842);
#14399 = STYLED_ITEM('color',(#14400),#5152);
#14400 = PRESENTATION_STYLE_ASSIGNMENT((#14401));
#14401 = SURFACE_STYLE_USAGE(.BOTH.,#14402);
#14402 = SURFACE_SIDE_STYLE('',(#14403,#14406));
#14403 = SURFACE_STYLE_FILL_AREA(#14404);
#14404 = FILL_AREA_STYLE('',(#14405));
#14405 = FILL_AREA_STYLE_COLOUR('',#14089);
#14406 = SURFACE_STYLE_RENDERING_WITH_PROPERTIES(.NORMAL_SHADING.,#14089
  ,(#14407));
#14407 = SURFACE_STYLE_TRANSPARENT(0.100000023842);
#14408 = STYLED_ITEM('color',(#14409),#5279);
#14409 = PRESENTATION_STYLE_ASSIGNMENT((#14410));
#14410 = SURFACE_STYLE_USAGE(.BOTH.,#14411);
#14411 = SURFACE_SIDE_STYLE('',(#14412,#14415));
#14412 = SURFACE_STYLE_FILL_AREA(#14413);
#14413 = FILL_AREA_STYLE('',(#14414));
#14414 = FILL_AREA_STYLE_COLOUR('',#14089);
#14415 = SURFACE_STYLE_RENDERING_WITH_PROPERTIES(.NORMAL_SHADING.,#14089
  ,(#14416));
#14416 = SURFACE_STYLE_TRANSPARENT(0.100000023842);
#14417 = STYLED_ITEM('color',(#14418),#5405);
#14418 = PRESENTATION_STYLE_ASSIGNMENT((#14419));
#14419 = SURFACE_STYLE_USAGE(.BOTH.,#14420);
#14420 = SURFACE_SIDE_STYLE('',(#14421,#14424));
#14421 = SURFACE_STYLE_FILL_AREA(#14422);
#14422 = FILL_AREA_STYLE('',(#14423));
#14423 = FILL_AREA_STYLE_COLOUR('',#14089);
#14424 = SURFACE_STYLE_RENDERING_WITH_PROPERTIES(.NORMAL_SHADING.,#14089
  ,(#14425));
#14425 = SURFACE_STYLE_TRANSPARENT(0.100000023842);
#14426 = STYLED_ITEM('color',(#14427),#5612);
#14427 = PRESENTATION_STYLE_ASSIGNMENT((#14428));
#14428 = SURFACE_STYLE_USAGE(.BOTH.,#14429);
#14429 = SURFACE_SIDE_STYLE('',(#14430,#14433));
#14430 = SURFACE_STYLE_FILL_AREA(#14431);
#14431 = FILL_AREA_STYLE('',(#14432));
#14432 = FILL_AREA_STYLE_COLOUR('',#14089);
#14433 = SURFACE_STYLE_RENDERING_WITH_PROPERTIES(.NORMAL_SHADING.,#14089
  ,(#14434));
#14434 = SURFACE_STYLE_TRANSPARENT(0.100000023842);
#14435 = STYLED_ITEM('color',(#14436),#5824);
#14436 = PRESENTATION_STYLE_ASSIGNMENT((#14437));
#14437 = SURFACE_STYLE_USAGE(.BOTH.,#14438);
#14438 = SURFACE_SIDE_STYLE('',(#14439,#14442));
#14439 = SURFACE_STYLE_FILL_AREA(#14440);
#14440 = FILL_AREA_STYLE('',(#14441));
#14441 = FILL_AREA_STYLE_COLOUR('',#14089);
#14442 = SURFACE_STYLE_RENDERING_WITH_PROPERTIES(.NORMAL_SHADING.,#14089
  ,(#14443));
#14443 = SURFACE_STYLE_TRANSPARENT(0.100000023842);
#14444 = STYLED_ITEM('color',(#14445),#6036);
#14445 = PRESENTATION_STYLE_ASSIGNMENT((#14446));
#14446 = SURFACE_STYLE_USAGE(.BOTH.,#14447);
#14447 = SURFACE_SIDE_STYLE('',(#14448,#14451));
#14448 = SURFACE_STYLE_FILL_AREA(#14449);
#14449 = FILL_AREA_STYLE('',(#14450));
#14450 = FILL_AREA_STYLE_COLOUR('',#14089);
#14451 = SURFACE_STYLE_RENDERING_WITH_PROPERTIES(.NORMAL_SHADING.,#14089
  ,(#14452));
#14452 = SURFACE_STYLE_TRANSPARENT(0.100000023842);
#14453 = STYLED_ITEM('color',(#14454),#6230);
#14454 = PRESENTATION_STYLE_ASSIGNMENT((#14455));
#14455 = SURFACE_STYLE_USAGE(.BOTH.,#14456);
#14456 = SURFACE_SIDE_STYLE('',(#14457,#14460));
#14457 = SURFACE_STYLE_FILL_AREA(#14458);
#14458 = FILL_AREA_STYLE('',(#14459));
#14459 = FILL_AREA_STYLE_COLOUR('',#14089);
#14460 = SURFACE_STYLE_RENDERING_WITH_PROPERTIES(.NORMAL_SHADING.,#14089
  ,(#14461));
#14461 = SURFACE_STYLE_TRANSPARENT(0.100000023842);
#14462 = STYLED_ITEM('color',(#14463),#6424);
#14463 = PRESENTATION_STYLE_ASSIGNMENT((#14464));
#14464 = SURFACE_STYLE_USAGE(.BOTH.,#14465);
#14465 = SURFACE_SIDE_STYLE('',(#14466,#14469));
#14466 = SURFACE_STYLE_FILL_AREA(#14467);
#14467 = FILL_AREA_STYLE('',(#14468));
#14468 = FILL_AREA_STYLE_COLOUR('',#14089);
#14469 = SURFACE_STYLE_RENDERING_WITH_PROPERTIES(.NORMAL_SHADING.,#14089
  ,(#14470));
#14470 = SURFACE_STYLE_TRANSPARENT(0.100000023842);
#14471 = STYLED_ITEM('color',(#14472),#6636);
#14472 = PRESENTATION_STYLE_ASSIGNMENT((#14473));
#14473 = SURFACE_STYLE_USAGE(.BOTH.,#14474);
#14474 = SURFACE_SIDE_STYLE('',(#14475,#14478));
#14475 = SURFACE_STYLE_FILL_AREA(#14476);
#14476 = FILL_AREA_STYLE('',(#14477));
#14477 = FILL_AREA_STYLE_COLOUR('',#14089);
#14478 = SURFACE_STYLE_RENDERING_WITH_PROPERTIES(.NORMAL_SHADING.,#14089
  ,(#14479));
#14479 = SURFACE_STYLE_TRANSPARENT(0.100000023842);
#14480 = STYLED_ITEM('color',(#14481),#6730);
#14481 = PRESENTATION_STYLE_ASSIGNMENT((#14482));
#14482 = SURFACE_STYLE_USAGE(.BOTH.,#14483);
#14483 = SURFACE_SIDE_STYLE('',(#14484,#14487));
#14484 = SURFACE_STYLE_FILL_AREA(#14485);
#14485 = FILL_AREA_STYLE('',(#14486));
#14486 = FILL_AREA_STYLE_COLOUR('',#14089);
#14487 = SURFACE_STYLE_RENDERING_WITH_PROPERTIES(.NORMAL_SHADING.,#14089
  ,(#14488));
#14488 = SURFACE_STYLE_TRANSPARENT(0.100000023842);
#14489 = STYLED_ITEM('color',(#14490),#6774);
#14490 = PRESENTATION_STYLE_ASSIGNMENT((#14491));
#14491 = SURFACE_STYLE_USAGE(.BOTH.,#14492);
#14492 = SURFACE_SIDE_STYLE('',(#14493,#14496));
#14493 = SURFACE_STYLE_FILL_AREA(#14494);
#14494 = FILL_AREA_STYLE('',(#14495));
#14495 = FILL_AREA_STYLE_COLOUR('',#14089);
#14496 = SURFACE_STYLE_RENDERING_WITH_PROPERTIES(.NORMAL_SHADING.,#14089
  ,(#14497));
#14497 = SURFACE_STYLE_TRANSPARENT(0.100000023842);
#14498 = STYLED_ITEM('color',(#14499),#6818);
#14499 = PRESENTATION_STYLE_ASSIGNMENT((#14500));
#14500 = SURFACE_STYLE_USAGE(.BOTH.,#14501);
#14501 = SURFACE_SIDE_STYLE('',(#14502,#14505));
#14502 = SURFACE_STYLE_FILL_AREA(#14503);
#14503 = FILL_AREA_STYLE('',(#14504));
#14504 = FILL_AREA_STYLE_COLOUR('',#14089);
#14505 = SURFACE_STYLE_RENDERING_WITH_PROPERTIES(.NORMAL_SHADING.,#14089
  ,(#14506));
#14506 = SURFACE_STYLE_TRANSPARENT(0.100000023842);
#14507 = STYLED_ITEM('color',(#14508),#6862);
#14508 = PRESENTATION_STYLE_ASSIGNMENT((#14509));
#14509 = SURFACE_STYLE_USAGE(.BOTH.,#14510);
#14510 = SURFACE_SIDE_STYLE('',(#14511,#14514));
#14511 = SURFACE_STYLE_FILL_AREA(#14512);
#14512 = FILL_AREA_STYLE('',(#14513));
#14513 = FILL_AREA_STYLE_COLOUR('',#14089);
#14514 = SURFACE_STYLE_RENDERING_WITH_PROPERTIES(.NORMAL_SHADING.,#14089
  ,(#14515));
#14515 = SURFACE_STYLE_TRANSPARENT(0.100000023842);
#14516 = STYLED_ITEM('color',(#14517),#6906);
#14517 = PRESENTATION_STYLE_ASSIGNMENT((#14518));
#14518 = SURFACE_STYLE_USAGE(.BOTH.,#14519);
#14519 = SURFACE_SIDE_STYLE('',(#14520,#14523));
#14520 = SURFACE_STYLE_FILL_AREA(#14521);
#14521 = FILL_AREA_STYLE('',(#14522));
#14522 = FILL_AREA_STYLE_COLOUR('',#14089);
#14523 = SURFACE_STYLE_RENDERING_WITH_PROPERTIES(.NORMAL_SHADING.,#14089
  ,(#14524));
#14524 = SURFACE_STYLE_TRANSPARENT(0.100000023842);
#14525 = STYLED_ITEM('color',(#14526),#7153);
#14526 = PRESENTATION_STYLE_ASSIGNMENT((#14527));
#14527 = SURFACE_STYLE_USAGE(.BOTH.,#14528);
#14528 = SURFACE_SIDE_STYLE('',(#14529,#14532));
#14529 = SURFACE_STYLE_FILL_AREA(#14530);
#14530 = FILL_AREA_STYLE('',(#14531));
#14531 = FILL_AREA_STYLE_COLOUR('',#14089);
#14532 = SURFACE_STYLE_RENDERING_WITH_PROPERTIES(.NORMAL_SHADING.,#14089
  ,(#14533));
#14533 = SURFACE_STYLE_TRANSPARENT(0.100000023842);
#14534 = STYLED_ITEM('color',(#14535),#7197);
#14535 = PRESENTATION_STYLE_ASSIGNMENT((#14536));
#14536 = SURFACE_STYLE_USAGE(.BOTH.,#14537);
#14537 = SURFACE_SIDE_STYLE('',(#14538,#14541));
#14538 = SURFACE_STYLE_FILL_AREA(#14539);
#14539 = FILL_AREA_STYLE('',(#14540));
#14540 = FILL_AREA_STYLE_COLOUR('',#14089);
#14541 = SURFACE_STYLE_RENDERING_WITH_PROPERTIES(.NORMAL_SHADING.,#14089
  ,(#14542));
#14542 = SURFACE_STYLE_TRANSPARENT(0.100000023842);
#14543 = STYLED_ITEM('color',(#14544),#7241);
#14544 = PRESENTATION_STYLE_ASSIGNMENT((#14545));
#14545 = SURFACE_STYLE_USAGE(.BOTH.,#14546);
#14546 = SURFACE_SIDE_STYLE('',(#14547,#14550));
#14547 = SURFACE_STYLE_FILL_AREA(#14548);
#14548 = FILL_AREA_STYLE('',(#14549));
#14549 = FILL_AREA_STYLE_COLOUR('',#14089);
#14550 = SURFACE_STYLE_RENDERING_WITH_PROPERTIES(.NORMAL_SHADING.,#14089
  ,(#14551));
#14551 = SURFACE_STYLE_TRANSPARENT(0.100000023842);
#14552 = STYLED_ITEM('color',(#14553),#7285);
#14553 = PRESENTATION_STYLE_ASSIGNMENT((#14554));
#14554 = SURFACE_STYLE_USAGE(.BOTH.,#14555);
#14555 = SURFACE_SIDE_STYLE('',(#14556,#14559));
#14556 = SURFACE_STYLE_FILL_AREA(#14557);
#14557 = FILL_AREA_STYLE('',(#14558));
#14558 = FILL_AREA_STYLE_COLOUR('',#14089);
#14559 = SURFACE_STYLE_RENDERING_WITH_PROPERTIES(.NORMAL_SHADING.,#14089
  ,(#14560));
#14560 = SURFACE_STYLE_TRANSPARENT(0.100000023842);
#14561 = STYLED_ITEM('color',(#14562),#7329);
#14562 = PRESENTATION_STYLE_ASSIGNMENT((#14563));
#14563 = SURFACE_STYLE_USAGE(.BOTH.,#14564);
#14564 = SURFACE_SIDE_STYLE('',(#14565,#14568));
#14565 = SURFACE_STYLE_FILL_AREA(#14566);
#14566 = FILL_AREA_STYLE('',(#14567));
#14567 = FILL_AREA_STYLE_COLOUR('',#14089);
#14568 = SURFACE_STYLE_RENDERING_WITH_PROPERTIES(.NORMAL_SHADING.,#14089
  ,(#14569));
#14569 = SURFACE_STYLE_TRANSPARENT(0.100000023842);
#14570 = STYLED_ITEM('color',(#14571),#7500);
#14571 = PRESENTATION_STYLE_ASSIGNMENT((#14572));
#14572 = SURFACE_STYLE_USAGE(.BOTH.,#14573);
#14573 = SURFACE_SIDE_STYLE('',(#14574,#14577));
#14574 = SURFACE_STYLE_FILL_AREA(#14575);
#14575 = FILL_AREA_STYLE('',(#14576));
#14576 = FILL_AREA_STYLE_COLOUR('',#14089);
#14577 = SURFACE_STYLE_RENDERING_WITH_PROPERTIES(.NORMAL_SHADING.,#14089
  ,(#14578));
#14578 = SURFACE_STYLE_TRANSPARENT(0.100000023842);
#14579 = STYLED_ITEM('color',(#14580),#7643);
#14580 = PRESENTATION_STYLE_ASSIGNMENT((#14581));
#14581 = SURFACE_STYLE_USAGE(.BOTH.,#14582);
#14582 = SURFACE_SIDE_STYLE('',(#14583,#14586));
#14583 = SURFACE_STYLE_FILL_AREA(#14584);
#14584 = FILL_AREA_STYLE('',(#14585));
#14585 = FILL_AREA_STYLE_COLOUR('',#14089);
#14586 = SURFACE_STYLE_RENDERING_WITH_PROPERTIES(.NORMAL_SHADING.,#14089
  ,(#14587));
#14587 = SURFACE_STYLE_TRANSPARENT(0.100000023842);
#14588 = STYLED_ITEM('color',(#14589),#7785);
#14589 = PRESENTATION_STYLE_ASSIGNMENT((#14590));
#14590 = SURFACE_STYLE_USAGE(.BOTH.,#14591);
#14591 = SURFACE_SIDE_STYLE('',(#14592,#14595));
#14592 = SURFACE_STYLE_FILL_AREA(#14593);
#14593 = FILL_AREA_STYLE('',(#14594));
#14594 = FILL_AREA_STYLE_COLOUR('',#14089);
#14595 = SURFACE_STYLE_RENDERING_WITH_PROPERTIES(.NORMAL_SHADING.,#14089
  ,(#14596));
#14596 = SURFACE_STYLE_TRANSPARENT(0.100000023842);
#14597 = STYLED_ITEM('color',(#14598),#7952);
#14598 = PRESENTATION_STYLE_ASSIGNMENT((#14599));
#14599 = SURFACE_STYLE_USAGE(.BOTH.,#14600);
#14600 = SURFACE_SIDE_STYLE('',(#14601,#14604));
#14601 = SURFACE_STYLE_FILL_AREA(#14602);
#14602 = FILL_AREA_STYLE('',(#14603));
#14603 = FILL_AREA_STYLE_COLOUR('',#14089);
#14604 = SURFACE_STYLE_RENDERING_WITH_PROPERTIES(.NORMAL_SHADING.,#14089
  ,(#14605));
#14605 = SURFACE_STYLE_TRANSPARENT(0.100000023842);
#14606 = STYLED_ITEM('color',(#14607),#8094);
#14607 = PRESENTATION_STYLE_ASSIGNMENT((#14608));
#14608 = SURFACE_STYLE_USAGE(.BOTH.,#14609);
#14609 = SURFACE_SIDE_STYLE('',(#14610,#14613));
#14610 = SURFACE_STYLE_FILL_AREA(#14611);
#14611 = FILL_AREA_STYLE('',(#14612));
#14612 = FILL_AREA_STYLE_COLOUR('',#14089);
#14613 = SURFACE_STYLE_RENDERING_WITH_PROPERTIES(.NORMAL_SHADING.,#14089
  ,(#14614));
#14614 = SURFACE_STYLE_TRANSPARENT(0.100000023842);
#14615 = STYLED_ITEM('color',(#14616),#8265);
#14616 = PRESENTATION_STYLE_ASSIGNMENT((#14617));
#14617 = SURFACE_STYLE_USAGE(.BOTH.,#14618);
#14618 = SURFACE_SIDE_STYLE('',(#14619,#14622));
#14619 = SURFACE_STYLE_FILL_AREA(#14620);
#14620 = FILL_AREA_STYLE('',(#14621));
#14621 = FILL_AREA_STYLE_COLOUR('',#14089);
#14622 = SURFACE_STYLE_RENDERING_WITH_PROPERTIES(.NORMAL_SHADING.,#14089
  ,(#14623));
#14623 = SURFACE_STYLE_TRANSPARENT(0.100000023842);
#14624 = STYLED_ITEM('color',(#14625),#8436);
#14625 = PRESENTATION_STYLE_ASSIGNMENT((#14626));
#14626 = SURFACE_STYLE_USAGE(.BOTH.,#14627);
#14627 = SURFACE_SIDE_STYLE('',(#14628,#14631));
#14628 = SURFACE_STYLE_FILL_AREA(#14629);
#14629 = FILL_AREA_STYLE('',(#14630));
#14630 = FILL_AREA_STYLE_COLOUR('',#14089);
#14631 = SURFACE_STYLE_RENDERING_WITH_PROPERTIES(.NORMAL_SHADING.,#14089
  ,(#14632));
#14632 = SURFACE_STYLE_TRANSPARENT(0.100000023842);
#14633 = STYLED_ITEM('color',(#14634),#8607);
#14634 = PRESENTATION_STYLE_ASSIGNMENT((#14635));
#14635 = SURFACE_STYLE_USAGE(.BOTH.,#14636);
#14636 = SURFACE_SIDE_STYLE('',(#14637,#14640));
#14637 = SURFACE_STYLE_FILL_AREA(#14638);
#14638 = FILL_AREA_STYLE('',(#14639));
#14639 = FILL_AREA_STYLE_COLOUR('',#14089);
#14640 = SURFACE_STYLE_RENDERING_WITH_PROPERTIES(.NORMAL_SHADING.,#14089
  ,(#14641));
#14641 = SURFACE_STYLE_TRANSPARENT(0.100000023842);
#14642 = STYLED_ITEM('color',(#14643),#8814);
#14643 = PRESENTATION_STYLE_ASSIGNMENT((#14644));
#14644 = SURFACE_STYLE_USAGE(.BOTH.,#14645);
#14645 = SURFACE_SIDE_STYLE('',(#14646,#14649));
#14646 = SURFACE_STYLE_FILL_AREA(#14647);
#14647 = FILL_AREA_STYLE('',(#14648));
#14648 = FILL_AREA_STYLE_COLOUR('',#14089);
#14649 = SURFACE_STYLE_RENDERING_WITH_PROPERTIES(.NORMAL_SHADING.,#14089
  ,(#14650));
#14650 = SURFACE_STYLE_TRANSPARENT(0.100000023842);
#14651 = STYLED_ITEM('color',(#14652),#9008);
#14652 = PRESENTATION_STYLE_ASSIGNMENT((#14653));
#14653 = SURFACE_STYLE_USAGE(.BOTH.,#14654);
#14654 = SURFACE_SIDE_STYLE('',(#14655,#14658));
#14655 = SURFACE_STYLE_FILL_AREA(#14656);
#14656 = FILL_AREA_STYLE('',(#14657));
#14657 = FILL_AREA_STYLE_COLOUR('',#14089);
#14658 = SURFACE_STYLE_RENDERING_WITH_PROPERTIES(.NORMAL_SHADING.,#14089
  ,(#14659));
#14659 = SURFACE_STYLE_TRANSPARENT(0.100000023842);
#14660 = STYLED_ITEM('color',(#14661),#9085);
#14661 = PRESENTATION_STYLE_ASSIGNMENT((#14662));
#14662 = SURFACE_STYLE_USAGE(.BOTH.,#14663);
#14663 = SURFACE_SIDE_STYLE('',(#14664,#14667));
#14664 = SURFACE_STYLE_FILL_AREA(#14665);
#14665 = FILL_AREA_STYLE('',(#14666));
#14666 = FILL_AREA_STYLE_COLOUR('',#14089);
#14667 = SURFACE_STYLE_RENDERING_WITH_PROPERTIES(.NORMAL_SHADING.,#14089
  ,(#14668));
#14668 = SURFACE_STYLE_TRANSPARENT(0.100000023842);
#14669 = STYLED_ITEM('color',(#14670),#9247);
#14670 = PRESENTATION_STYLE_ASSIGNMENT((#14671));
#14671 = SURFACE_STYLE_USAGE(.BOTH.,#14672);
#14672 = SURFACE_SIDE_STYLE('',(#14673,#14676));
#14673 = SURFACE_STYLE_FILL_AREA(#14674);
#14674 = FILL_AREA_STYLE('',(#14675));
#14675 = FILL_AREA_STYLE_COLOUR('',#14089);
#14676 = SURFACE_STYLE_RENDERING_WITH_PROPERTIES(.NORMAL_SHADING.,#14089
  ,(#14677));
#14677 = SURFACE_STYLE_TRANSPARENT(0.100000023842);
#14678 = STYLED_ITEM('color',(#14679),#9325);
#14679 = PRESENTATION_STYLE_ASSIGNMENT((#14680));
#14680 = SURFACE_STYLE_USAGE(.BOTH.,#14681);
#14681 = SURFACE_SIDE_STYLE('',(#14682,#14685));
#14682 = SURFACE_STYLE_FILL_AREA(#14683);
#14683 = FILL_AREA_STYLE('',(#14684));
#14684 = FILL_AREA_STYLE_COLOUR('',#14089);
#14685 = SURFACE_STYLE_RENDERING_WITH_PROPERTIES(.NORMAL_SHADING.,#14089
  ,(#14686));
#14686 = SURFACE_STYLE_TRANSPARENT(0.100000023842);
ENDSEC;
END-ISO-10303-21;
